<?xml version='1.0' encoding='utf-8'?>
<osm attribution="https://www.openstreetmap.org/copyright" copyright="OpenStreetMap and contributors" generator="OSMnx 2.0.7" license="https://opendatacommons.org/licenses/odbl/1-0/" version="0.6"><bounds minlon="-83.7141434" minlat="42.311812" maxlon="-83.7008912" maxlat="42.3216569" /><node changeset="1" version="1" uid="1" lon="-83.7133194" user="OSMnx" timestamp="2025-12-17T14:53:51Z" lat="42.3171804" id="62489833" visible="true" /><node changeset="1" version="1" uid="1" lon="-83.7141434" user="OSMnx" timestamp="2025-12-17T14:53:51Z" lat="42.3200402" id="62491630" visible="true"><tag k="highway" v="turning_circle" /></node><node changeset="1" version="1" uid="1" lon="-83.7134125" user="OSMnx" timestamp="2025-12-17T14:53:51Z" lat="42.319972" id="62491631" visible="true" /><node changeset="1" version="1" uid="1" lon="-83.704994" user="OSMnx" timestamp="2025-12-17T14:53:51Z" lat="42.313131" id="62492276" visible="true" /><node changeset="1" version="1" uid="1" lon="-83.705026" user="OSMnx" timestamp="2025-12-17T14:53:51Z" lat="42.313145" id="62492278" visible="true" /><node changeset="1" version="1" uid="1" lon="-83.705047" user="OSMnx" timestamp="2025-12-17T14:53:51Z" lat="42.313179" id="62492282" visible="true" /><node changeset="1" version="1" uid="1" lon="-83.705057" user="OSMnx" timestamp="2025-12-17T14:53:51Z" lat="42.313399" id="62492284" visible="true" /><node changeset="1" version="1" uid="1" lon="-83.705055" user="OSMnx" timestamp="2025-12-17T14:53:51Z" lat="42.313567" id="62492286" visible="true" /><node changeset="1" version="1" uid="1" lon="-83.706951" user="OSMnx" timestamp="2025-12-17T14:53:51Z" lat="42.315361" id="62510359" visible="true" /><node changeset="1" version="1" uid="1" lon="-83.7059701" user="OSMnx" timestamp="2025-12-17T14:53:51Z" lat="42.315401" id="62510362" visible="true" /><node changeset="1" version="1" uid="1" lon="-83.7048566" user="OSMnx" timestamp="2025-12-17T14:53:51Z" lat="42.3154073" id="62510364" visible="true" /><node changeset="1" version="1" uid="1" lon="-83.7047053" user="OSMnx" timestamp="2025-12-17T14:53:51Z" lat="42.3153906" id="62510366" visible="true" /><node changeset="1" version="1" uid="1" lon="-83.7046916" user="OSMnx" timestamp="2025-12-17T14:53:51Z" lat="42.3153571" id="62510368" visible="true" /><node changeset="1" version="1" uid="1" lon="-83.7046847" user="OSMnx" timestamp="2025-12-17T14:53:51Z" lat="42.3152706" id="62510371" visible="true" /><node changeset="1" version="1" uid="1" lon="-83.7046769" user="OSMnx" timestamp="2025-12-17T14:53:51Z" lat="42.3151015" id="62510374" visible="true" /><node changeset="1" version="1" uid="1" lon="-83.706918" user="OSMnx" timestamp="2025-12-17T14:53:51Z" lat="42.314784" id="62510378" visible="true" /><node changeset="1" version="1" uid="1" lon="-83.7077697" user="OSMnx" timestamp="2025-12-17T14:53:51Z" lat="42.3199941" id="62515179" visible="true" /><node changeset="1" version="1" uid="1" lon="-83.7065328" user="OSMnx" timestamp="2025-12-17T14:53:51Z" lat="42.3199995" id="62515182" visible="true" /><node changeset="1" version="1" uid="1" lon="-83.7064484" user="OSMnx" timestamp="2025-12-17T14:53:51Z" lat="42.3199855" id="62515184" visible="true" /><node changeset="1" version="1" uid="1" lon="-83.7063112" user="OSMnx" timestamp="2025-12-17T14:53:51Z" lat="42.3199604" id="62515187" visible="true" /><node changeset="1" version="1" uid="1" lon="-83.7060998" user="OSMnx" timestamp="2025-12-17T14:53:51Z" lat="42.3199529" id="62515188" visible="true" /><node changeset="1" version="1" uid="1" lon="-83.705922" user="OSMnx" timestamp="2025-12-17T14:53:51Z" lat="42.319969" id="62515189" visible="true" /><node changeset="1" version="1" uid="1" lon="-83.705718" user="OSMnx" timestamp="2025-12-17T14:53:51Z" lat="42.319985" id="62515190" visible="true" /><node changeset="1" version="1" uid="1" lon="-83.705194" user="OSMnx" timestamp="2025-12-17T14:53:51Z" lat="42.320013" id="62515192" visible="true" /><node changeset="1" version="1" uid="1" lon="-83.704857" user="OSMnx" timestamp="2025-12-17T14:53:51Z" lat="42.320003" id="62515196" visible="true" /><node changeset="1" version="1" uid="1" lon="-83.704542" user="OSMnx" timestamp="2025-12-17T14:53:51Z" lat="42.319976" id="62515197" visible="true" /><node changeset="1" version="1" uid="1" lon="-83.704371" user="OSMnx" timestamp="2025-12-17T14:53:51Z" lat="42.319956" id="62515198" visible="true" /><node changeset="1" version="1" uid="1" lon="-83.704222" user="OSMnx" timestamp="2025-12-17T14:53:51Z" lat="42.319953" id="62515199" visible="true" /><node changeset="1" version="1" uid="1" lon="-83.704068" user="OSMnx" timestamp="2025-12-17T14:53:51Z" lat="42.31996" id="62515203" visible="true" /><node changeset="1" version="1" uid="1" lon="-83.7037289" user="OSMnx" timestamp="2025-12-17T14:53:51Z" lat="42.3200199" id="62515205" visible="true" /><node changeset="1" version="1" uid="1" lon="-83.7035278" user="OSMnx" timestamp="2025-12-17T14:53:51Z" lat="42.3200397" id="62515206" visible="true" /><node changeset="1" version="1" uid="1" lon="-83.7032113" user="OSMnx" timestamp="2025-12-17T14:53:51Z" lat="42.3200576" id="62515207" visible="true" /><node changeset="1" version="1" uid="1" lon="-83.7031241" user="OSMnx" timestamp="2025-12-17T14:53:51Z" lat="42.3200467" id="62515210" visible="true" /><node changeset="1" version="1" uid="1" lon="-83.7029886" user="OSMnx" timestamp="2025-12-17T14:53:51Z" lat="42.3200119" id="62515213" visible="true" /><node changeset="1" version="1" uid="1" lon="-83.7028559" user="OSMnx" timestamp="2025-12-17T14:53:51Z" lat="42.3199525" id="62515215" visible="true" /><node changeset="1" version="1" uid="1" lon="-83.70273" user="OSMnx" timestamp="2025-12-17T14:53:51Z" lat="42.319845" id="62515217" visible="true" /><node changeset="1" version="1" uid="1" lon="-83.702617" user="OSMnx" timestamp="2025-12-17T14:53:51Z" lat="42.3198" id="62515220" visible="true" /><node changeset="1" version="1" uid="1" lon="-83.702408" user="OSMnx" timestamp="2025-12-17T14:53:51Z" lat="42.31977" id="62515222" visible="true" /><node changeset="1" version="1" uid="1" lon="-83.7023061" user="OSMnx" timestamp="2025-12-17T14:53:51Z" lat="42.319786" id="62515223" visible="true" /><node changeset="1" version="1" uid="1" lon="-83.702248" user="OSMnx" timestamp="2025-12-17T14:53:51Z" lat="42.319818" id="62515226" visible="true" /><node changeset="1" version="1" uid="1" lon="-83.7020341" user="OSMnx" timestamp="2025-12-17T14:53:51Z" lat="42.319938" id="62515227" visible="true" /><node changeset="1" version="1" uid="1" lon="-83.701901" user="OSMnx" timestamp="2025-12-17T14:53:51Z" lat="42.3199862" id="62515230" visible="true" /><node changeset="1" version="1" uid="1" lon="-83.7017883" user="OSMnx" timestamp="2025-12-17T14:53:51Z" lat="42.3200149" id="62515232" visible="true" /><node changeset="1" version="1" uid="1" lon="-83.701527" user="OSMnx" timestamp="2025-12-17T14:53:51Z" lat="42.320024" id="62515235" visible="true" /><node changeset="1" version="1" uid="1" lon="-83.712898" user="OSMnx" timestamp="2025-12-17T14:53:51Z" lat="42.311812" id="62518934" visible="true" /><node changeset="1" version="1" uid="1" lon="-83.712905" user="OSMnx" timestamp="2025-12-17T14:53:51Z" lat="42.312724" id="62518935" visible="true" /><node changeset="1" version="1" uid="1" lon="-83.712951" user="OSMnx" timestamp="2025-12-17T14:53:51Z" lat="42.313949" id="62518936" visible="true" /><node changeset="1" version="1" uid="1" lon="-83.7129787" user="OSMnx" timestamp="2025-12-17T14:53:51Z" lat="42.3141306" id="62518940" visible="true" /><node changeset="1" version="1" uid="1" lon="-83.7130055" user="OSMnx" timestamp="2025-12-17T14:53:51Z" lat="42.314296" id="62518942" visible="true" /><node changeset="1" version="1" uid="1" lon="-83.713049" user="OSMnx" timestamp="2025-12-17T14:53:51Z" lat="42.3144296" id="62518944" visible="true" /><node changeset="1" version="1" uid="1" lon="-83.7131044" user="OSMnx" timestamp="2025-12-17T14:53:51Z" lat="42.3146124" id="62518946" visible="true" /><node changeset="1" version="1" uid="1" lon="-83.7131048" user="OSMnx" timestamp="2025-12-17T14:53:51Z" lat="42.3147054" id="62518953" visible="true" /><node changeset="1" version="1" uid="1" lon="-83.7130373" user="OSMnx" timestamp="2025-12-17T14:53:51Z" lat="42.3149251" id="62518960" visible="true"><tag k="highway" v="turning_circle" /></node><node changeset="1" version="1" uid="1" lon="-83.713612" user="OSMnx" timestamp="2025-12-17T14:53:51Z" lat="42.3127094" id="62518967" visible="true"><tag k="highway" v="turning_circle" /></node><node changeset="1" version="1" uid="1" lon="-83.7053396" user="OSMnx" timestamp="2025-12-17T14:53:51Z" lat="42.3172861" id="62520585" visible="true" /><node changeset="1" version="1" uid="1" lon="-83.7052489" user="OSMnx" timestamp="2025-12-17T14:53:51Z" lat="42.3174131" id="62520586" visible="true" /><node changeset="1" version="1" uid="1" lon="-83.7048908" user="OSMnx" timestamp="2025-12-17T14:53:51Z" lat="42.3181426" id="62520589" visible="true" /><node changeset="1" version="1" uid="1" lon="-83.7045174" user="OSMnx" timestamp="2025-12-17T14:53:51Z" lat="42.3181943" id="62520591" visible="true" /><node changeset="1" version="1" uid="1" lon="-83.704426" user="OSMnx" timestamp="2025-12-17T14:53:51Z" lat="42.318235" id="62520594" visible="true" /><node changeset="1" version="1" uid="1" lon="-83.704392" user="OSMnx" timestamp="2025-12-17T14:53:51Z" lat="42.3182941" id="62520595" visible="true" /><node changeset="1" version="1" uid="1" lon="-83.7043599" user="OSMnx" timestamp="2025-12-17T14:53:51Z" lat="42.3183779" id="62520596" visible="true" /><node changeset="1" version="1" uid="1" lon="-83.7043498" user="OSMnx" timestamp="2025-12-17T14:53:51Z" lat="42.3184741" id="62520598" visible="true" /><node changeset="1" version="1" uid="1" lon="-83.7042435" user="OSMnx" timestamp="2025-12-17T14:53:51Z" lat="42.3184982" id="62520601" visible="true" /><node changeset="1" version="1" uid="1" lon="-83.7038718" user="OSMnx" timestamp="2025-12-17T14:53:51Z" lat="42.3185933" id="62520603" visible="true" /><node changeset="1" version="1" uid="1" lon="-83.7037438" user="OSMnx" timestamp="2025-12-17T14:53:51Z" lat="42.3185973" id="62520605" visible="true" /><node changeset="1" version="1" uid="1" lon="-83.7036018" user="OSMnx" timestamp="2025-12-17T14:53:51Z" lat="42.3185961" id="62520609" visible="true" /><node changeset="1" version="1" uid="1" lon="-83.7032885" user="OSMnx" timestamp="2025-12-17T14:53:51Z" lat="42.3185611" id="62520611" visible="true" /><node changeset="1" version="1" uid="1" lon="-83.7031135" user="OSMnx" timestamp="2025-12-17T14:53:51Z" lat="42.3185209" id="62520612" visible="true" /><node changeset="1" version="1" uid="1" lon="-83.7076969" user="OSMnx" timestamp="2025-12-17T14:53:51Z" lat="42.318701" id="62520617" visible="true" /><node changeset="1" version="1" uid="1" lon="-83.7069143" user="OSMnx" timestamp="2025-12-17T14:53:51Z" lat="42.3186396" id="62520619" visible="true" /><node changeset="1" version="1" uid="1" lon="-83.706424" user="OSMnx" timestamp="2025-12-17T14:53:51Z" lat="42.31869" id="62520621" visible="true" /><node changeset="1" version="1" uid="1" lon="-83.706008" user="OSMnx" timestamp="2025-12-17T14:53:51Z" lat="42.318665" id="62520624" visible="true" /><node changeset="1" version="1" uid="1" lon="-83.705644" user="OSMnx" timestamp="2025-12-17T14:53:51Z" lat="42.31862" id="62520626" visible="true" /><node changeset="1" version="1" uid="1" lon="-83.7053114" user="OSMnx" timestamp="2025-12-17T14:53:51Z" lat="42.3185866" id="62520628" visible="true" /><node changeset="1" version="1" uid="1" lon="-83.7050896" user="OSMnx" timestamp="2025-12-17T14:53:51Z" lat="42.3185336" id="62520630" visible="true" /><node changeset="1" version="1" uid="1" lon="-83.704947" user="OSMnx" timestamp="2025-12-17T14:53:51Z" lat="42.3183881" id="62520633" visible="true" /><node changeset="1" version="1" uid="1" lon="-83.704893" user="OSMnx" timestamp="2025-12-17T14:53:51Z" lat="42.3182492" id="62520636" visible="true" /><node changeset="1" version="1" uid="1" lon="-83.7060102" user="OSMnx" timestamp="2025-12-17T14:53:51Z" lat="42.317534" id="62520640" visible="true" /><node changeset="1" version="1" uid="1" lon="-83.7060795" user="OSMnx" timestamp="2025-12-17T14:53:51Z" lat="42.3174217" id="62520641" visible="true" /><node changeset="1" version="1" uid="1" lon="-83.7061803" user="OSMnx" timestamp="2025-12-17T14:53:51Z" lat="42.3172903" id="62520642" visible="true" /><node changeset="1" version="1" uid="1" lon="-83.706349" user="OSMnx" timestamp="2025-12-17T14:53:51Z" lat="42.3171671" id="62520644" visible="true" /><node changeset="1" version="1" uid="1" lon="-83.706439" user="OSMnx" timestamp="2025-12-17T14:53:51Z" lat="42.317048" id="62520645" visible="true" /><node changeset="1" version="1" uid="1" lon="-83.7065176" user="OSMnx" timestamp="2025-12-17T14:53:51Z" lat="42.3168549" id="62520647" visible="true" /><node changeset="1" version="1" uid="1" lon="-83.706919" user="OSMnx" timestamp="2025-12-17T14:53:51Z" lat="42.3185102" id="62520652" visible="true" /><node changeset="1" version="1" uid="1" lon="-83.7069216" user="OSMnx" timestamp="2025-12-17T14:53:51Z" lat="42.3182885" id="62520654" visible="true" /><node changeset="1" version="1" uid="1" lon="-83.7069209" user="OSMnx" timestamp="2025-12-17T14:53:51Z" lat="42.3180664" id="62520657" visible="true" /><node changeset="1" version="1" uid="1" lon="-83.7068547" user="OSMnx" timestamp="2025-12-17T14:53:51Z" lat="42.3179651" id="62520659" visible="true" /><node changeset="1" version="1" uid="1" lon="-83.7067009" user="OSMnx" timestamp="2025-12-17T14:53:51Z" lat="42.3178726" id="62520661" visible="true" /><node changeset="1" version="1" uid="1" lon="-83.7064198" user="OSMnx" timestamp="2025-12-17T14:53:51Z" lat="42.3177002" id="62520663" visible="true" /><node changeset="1" version="1" uid="1" lon="-83.7049502" user="OSMnx" timestamp="2025-12-17T14:53:51Z" lat="42.3171635" id="62520664" visible="true" /><node changeset="1" version="1" uid="1" lon="-83.7046581" user="OSMnx" timestamp="2025-12-17T14:53:51Z" lat="42.3171002" id="62520666" visible="true" /><node changeset="1" version="1" uid="1" lon="-83.7045753" user="OSMnx" timestamp="2025-12-17T14:53:51Z" lat="42.3171134" id="62520668" visible="true" /><node changeset="1" version="1" uid="1" lon="-83.7045393" user="OSMnx" timestamp="2025-12-17T14:53:51Z" lat="42.3171698" id="62520670" visible="true" /><node changeset="1" version="1" uid="1" lon="-83.7045361" user="OSMnx" timestamp="2025-12-17T14:53:51Z" lat="42.317223" id="62520672" visible="true" /><node changeset="1" version="1" uid="1" lon="-83.7045668" user="OSMnx" timestamp="2025-12-17T14:53:51Z" lat="42.3172615" id="62520675" visible="true" /><node changeset="1" version="1" uid="1" lon="-83.7046239" user="OSMnx" timestamp="2025-12-17T14:53:51Z" lat="42.3172799" id="62520676" visible="true" /><node changeset="1" version="1" uid="1" lon="-83.7032155" user="OSMnx" timestamp="2025-12-17T14:53:51Z" lat="42.3142083" id="62520708" visible="true" /><node changeset="1" version="1" uid="1" lon="-83.7033038" user="OSMnx" timestamp="2025-12-17T14:53:51Z" lat="42.3143929" id="62520712" visible="true" /><node changeset="1" version="1" uid="1" lon="-83.703366" user="OSMnx" timestamp="2025-12-17T14:53:51Z" lat="42.3145065" id="62520713" visible="true" /><node changeset="1" version="1" uid="1" lon="-83.7034001" user="OSMnx" timestamp="2025-12-17T14:53:51Z" lat="42.3146488" id="62520714" visible="true" /><node changeset="1" version="1" uid="1" lon="-83.7033952" user="OSMnx" timestamp="2025-12-17T14:53:51Z" lat="42.3148239" id="62520715" visible="true" /><node changeset="1" version="1" uid="1" lon="-83.7041357" user="OSMnx" timestamp="2025-12-17T14:53:51Z" lat="42.3164561" id="62521196" visible="true" /><node changeset="1" version="1" uid="1" lon="-83.7041381" user="OSMnx" timestamp="2025-12-17T14:53:51Z" lat="42.3160088" id="62521198" visible="true" /><node changeset="1" version="1" uid="1" lon="-83.7021527" user="OSMnx" timestamp="2025-12-17T14:53:51Z" lat="42.3143397" id="62527640" visible="true" /><node changeset="1" version="1" uid="1" lon="-83.70233" user="OSMnx" timestamp="2025-12-17T14:53:51Z" lat="42.314323" id="62527643" visible="true" /><node changeset="1" version="1" uid="1" lon="-83.702531" user="OSMnx" timestamp="2025-12-17T14:53:51Z" lat="42.314315" id="62527645" visible="true" /><node changeset="1" version="1" uid="1" lon="-83.702993" user="OSMnx" timestamp="2025-12-17T14:53:51Z" lat="42.314272" id="62527647" visible="true" /><node changeset="1" version="1" uid="1" lon="-83.70338" user="OSMnx" timestamp="2025-12-17T14:53:51Z" lat="42.314134" id="62527649" visible="true" /><node changeset="1" version="1" uid="1" lon="-83.7039551" user="OSMnx" timestamp="2025-12-17T14:53:51Z" lat="42.3137767" id="62527651" visible="true" /><node changeset="1" version="1" uid="1" lon="-83.704208" user="OSMnx" timestamp="2025-12-17T14:53:51Z" lat="42.313662" id="62527654" visible="true" /><node changeset="1" version="1" uid="1" lon="-83.704423" user="OSMnx" timestamp="2025-12-17T14:53:51Z" lat="42.313612" id="62527655" visible="true" /><node changeset="1" version="1" uid="1" lon="-83.704622" user="OSMnx" timestamp="2025-12-17T14:53:51Z" lat="42.313584" id="62527656" visible="true" /><node changeset="1" version="1" uid="1" lon="-83.705277" user="OSMnx" timestamp="2025-12-17T14:53:51Z" lat="42.313563" id="62527657" visible="true" /><node changeset="1" version="1" uid="1" lon="-83.705448" user="OSMnx" timestamp="2025-12-17T14:53:51Z" lat="42.313546" id="62527658" visible="true" /><node changeset="1" version="1" uid="1" lon="-83.705608" user="OSMnx" timestamp="2025-12-17T14:53:51Z" lat="42.313484" id="62527660" visible="true" /><node changeset="1" version="1" uid="1" lon="-83.705696" user="OSMnx" timestamp="2025-12-17T14:53:51Z" lat="42.313437" id="62527661" visible="true" /><node changeset="1" version="1" uid="1" lon="-83.705783" user="OSMnx" timestamp="2025-12-17T14:53:51Z" lat="42.31338" id="62527663" visible="true" /><node changeset="1" version="1" uid="1" lon="-83.705938" user="OSMnx" timestamp="2025-12-17T14:53:51Z" lat="42.313221" id="62527664" visible="true" /><node changeset="1" version="1" uid="1" lon="-83.706246" user="OSMnx" timestamp="2025-12-17T14:53:51Z" lat="42.312938" id="62527665" visible="true" /><node changeset="1" version="1" uid="1" lon="-83.70627" user="OSMnx" timestamp="2025-12-17T14:53:51Z" lat="42.312916" id="62527668" visible="true" /><node changeset="1" version="1" uid="1" lon="-83.706483" user="OSMnx" timestamp="2025-12-17T14:53:51Z" lat="42.312806" id="62527670" visible="true" /><node changeset="1" version="1" uid="1" lon="-83.7066608" user="OSMnx" timestamp="2025-12-17T14:53:51Z" lat="42.3127586" id="62527671" visible="true" /><node changeset="1" version="1" uid="1" lon="-83.7069771" user="OSMnx" timestamp="2025-12-17T14:53:51Z" lat="42.3127377" id="62527672" visible="true" /><node changeset="1" version="1" uid="1" lon="-83.7073112" user="OSMnx" timestamp="2025-12-17T14:53:51Z" lat="42.3127333" id="62527674" visible="true" /><node changeset="1" version="1" uid="1" lon="-83.7075411" user="OSMnx" timestamp="2025-12-17T14:53:51Z" lat="42.3127326" id="62527675" visible="true" /><node changeset="1" version="1" uid="1" lon="-83.7029281" user="OSMnx" timestamp="2025-12-17T14:53:51Z" lat="42.3187057" id="62539868" visible="true" /><node changeset="1" version="1" uid="1" lon="-83.7028662" user="OSMnx" timestamp="2025-12-17T14:53:51Z" lat="42.3187302" id="62539869" visible="true" /><node changeset="1" version="1" uid="1" lon="-83.7026731" user="OSMnx" timestamp="2025-12-17T14:53:51Z" lat="42.3187591" id="62539871" visible="true" /><node changeset="1" version="1" uid="1" lon="-83.702038" user="OSMnx" timestamp="2025-12-17T14:53:51Z" lat="42.3187565" id="62539872" visible="true" /><node changeset="1" version="1" uid="1" lon="-83.7018719" user="OSMnx" timestamp="2025-12-17T14:53:51Z" lat="42.3187369" id="62539873" visible="true" /><node changeset="1" version="1" uid="1" lon="-83.7017112" user="OSMnx" timestamp="2025-12-17T14:53:51Z" lat="42.3186368" id="62539875" visible="true" /><node changeset="1" version="1" uid="1" lon="-83.701671" user="OSMnx" timestamp="2025-12-17T14:53:51Z" lat="42.3184467" id="62539878" visible="true" /><node changeset="1" version="1" uid="1" lon="-83.701709" user="OSMnx" timestamp="2025-12-17T14:53:51Z" lat="42.3181384" id="62539880" visible="true" /><node changeset="1" version="1" uid="1" lon="-83.7017004" user="OSMnx" timestamp="2025-12-17T14:53:51Z" lat="42.317986" id="62539882" visible="true" /><node changeset="1" version="1" uid="1" lon="-83.7016587" user="OSMnx" timestamp="2025-12-17T14:53:51Z" lat="42.3178925" id="62539883" visible="true" /><node changeset="1" version="1" uid="1" lon="-83.7016147" user="OSMnx" timestamp="2025-12-17T14:53:51Z" lat="42.316976" id="62539891" visible="true" /><node changeset="1" version="1" uid="1" lon="-83.7016995" user="OSMnx" timestamp="2025-12-17T14:53:51Z" lat="42.3168779" id="62539895" visible="true" /><node changeset="1" version="1" uid="1" lon="-83.701738" user="OSMnx" timestamp="2025-12-17T14:53:51Z" lat="42.3167442" id="62539896" visible="true" /><node changeset="1" version="1" uid="1" lon="-83.7017347" user="OSMnx" timestamp="2025-12-17T14:53:51Z" lat="42.3164812" id="62539897" visible="true" /><node changeset="1" version="1" uid="1" lon="-83.7017247" user="OSMnx" timestamp="2025-12-17T14:53:51Z" lat="42.3159726" id="62539899" visible="true" /><node changeset="1" version="1" uid="1" lon="-83.7032324" user="OSMnx" timestamp="2025-12-17T14:53:51Z" lat="42.3180202" id="62539904" visible="true" /><node changeset="1" version="1" uid="1" lon="-83.7032466" user="OSMnx" timestamp="2025-12-17T14:53:51Z" lat="42.317919" id="62539905" visible="true" /><node changeset="1" version="1" uid="1" lon="-83.7032163" user="OSMnx" timestamp="2025-12-17T14:53:51Z" lat="42.3177351" id="62539907" visible="true" /><node changeset="1" version="1" uid="1" lon="-83.703075" user="OSMnx" timestamp="2025-12-17T14:53:51Z" lat="42.3173041" id="62539909" visible="true" /><node changeset="1" version="1" uid="1" lon="-83.7030631" user="OSMnx" timestamp="2025-12-17T14:53:51Z" lat="42.3171962" id="62539911" visible="true" /><node changeset="1" version="1" uid="1" lon="-83.703036" user="OSMnx" timestamp="2025-12-17T14:53:51Z" lat="42.3164675" id="62539914" visible="true" /><node changeset="1" version="1" uid="1" lon="-83.7058674" user="OSMnx" timestamp="2025-12-17T14:53:51Z" lat="42.3148371" id="62541790" visible="true" /><node changeset="1" version="1" uid="1" lon="-83.706289" user="OSMnx" timestamp="2025-12-17T14:53:51Z" lat="42.314209" id="62541793" visible="true" /><node changeset="1" version="1" uid="1" lon="-83.7058412" user="OSMnx" timestamp="2025-12-17T14:53:51Z" lat="42.314665" id="62541796" visible="true" /><node changeset="1" version="1" uid="1" lon="-83.7059409" user="OSMnx" timestamp="2025-12-17T14:53:51Z" lat="42.3148732" id="62541798" visible="true" /><node changeset="1" version="1" uid="1" lon="-83.7075693" user="OSMnx" timestamp="2025-12-17T14:53:51Z" lat="42.3138219" id="62541802" visible="true" /><node changeset="1" version="1" uid="1" lon="-83.706496" user="OSMnx" timestamp="2025-12-17T14:53:51Z" lat="42.313841" id="62541803" visible="true" /><node changeset="1" version="1" uid="1" lon="-83.706459" user="OSMnx" timestamp="2025-12-17T14:53:51Z" lat="42.314186" id="62541825" visible="true" /><node changeset="1" version="1" uid="1" lon="-83.706498" user="OSMnx" timestamp="2025-12-17T14:53:51Z" lat="42.314134" id="62541827" visible="true" /><node changeset="1" version="1" uid="1" lon="-83.701974" user="OSMnx" timestamp="2025-12-17T14:53:51Z" lat="42.312566" id="62543545" visible="true" /><node changeset="1" version="1" uid="1" lon="-83.701913" user="OSMnx" timestamp="2025-12-17T14:53:51Z" lat="42.312696" id="62543547" visible="true" /><node changeset="1" version="1" uid="1" lon="-83.7018498" user="OSMnx" timestamp="2025-12-17T14:53:51Z" lat="42.3128276" id="62543549" visible="true" /><node changeset="1" version="1" uid="1" lon="-83.7015091" user="OSMnx" timestamp="2025-12-17T14:53:51Z" lat="42.3131251" id="62543551" visible="true" /><node changeset="1" version="1" uid="1" lon="-83.701595" user="OSMnx" timestamp="2025-12-17T14:53:51Z" lat="42.3151126" id="62547384" visible="true" /><node changeset="1" version="1" uid="1" lon="-83.701923" user="OSMnx" timestamp="2025-12-17T14:53:51Z" lat="42.315076" id="62547387" visible="true" /><node changeset="1" version="1" uid="1" lon="-83.7020988" user="OSMnx" timestamp="2025-12-17T14:53:51Z" lat="42.3149364" id="62547389" visible="true" /><node changeset="1" version="1" uid="1" lon="-83.7021727" user="OSMnx" timestamp="2025-12-17T14:53:51Z" lat="42.314765" id="62547391" visible="true" /><node changeset="1" version="1" uid="1" lon="-83.7021788" user="OSMnx" timestamp="2025-12-17T14:53:51Z" lat="42.3145461" id="62547393" visible="true" /><node changeset="1" version="1" uid="1" lon="-83.7020616" user="OSMnx" timestamp="2025-12-17T14:53:51Z" lat="42.3142284" id="62547394" visible="true" /><node changeset="1" version="1" uid="1" lon="-83.7019476" user="OSMnx" timestamp="2025-12-17T14:53:51Z" lat="42.3141623" id="62547395" visible="true" /><node changeset="1" version="1" uid="1" lon="-83.7017484" user="OSMnx" timestamp="2025-12-17T14:53:51Z" lat="42.3140947" id="62547397" visible="true" /><node changeset="1" version="1" uid="1" lon="-83.7015465" user="OSMnx" timestamp="2025-12-17T14:53:51Z" lat="42.3139747" id="62547399" visible="true" /><node changeset="1" version="1" uid="1" lon="-83.7038135" user="OSMnx" timestamp="2025-12-17T14:53:51Z" lat="42.3136592" id="62555932" visible="true" /><node changeset="1" version="1" uid="1" lon="-83.703749" user="OSMnx" timestamp="2025-12-17T14:53:51Z" lat="42.313593" id="62555934" visible="true" /><node changeset="1" version="1" uid="1" lon="-83.7037281" user="OSMnx" timestamp="2025-12-17T14:53:51Z" lat="42.3135362" id="62555936" visible="true" /><node changeset="1" version="1" uid="1" lon="-83.703669" user="OSMnx" timestamp="2025-12-17T14:53:51Z" lat="42.313221" id="62555939" visible="true" /><node changeset="1" version="1" uid="1" lon="-83.703691" user="OSMnx" timestamp="2025-12-17T14:53:51Z" lat="42.313184" id="62555940" visible="true" /><node changeset="1" version="1" uid="1" lon="-83.703729" user="OSMnx" timestamp="2025-12-17T14:53:51Z" lat="42.31316" id="62555941" visible="true" /><node changeset="1" version="1" uid="1" lon="-83.70378" user="OSMnx" timestamp="2025-12-17T14:53:51Z" lat="42.313147" id="62555942" visible="true" /><node changeset="1" version="1" uid="1" lon="-83.704914" user="OSMnx" timestamp="2025-12-17T14:53:51Z" lat="42.313116" id="62555943" visible="true" /><node changeset="1" version="1" uid="1" lon="-83.7040976" user="OSMnx" timestamp="2025-12-17T14:53:51Z" lat="42.3139075" id="62562020" visible="true" /><node changeset="1" version="1" uid="1" lon="-83.7042238" user="OSMnx" timestamp="2025-12-17T14:53:51Z" lat="42.3140338" id="62562021" visible="true" /><node changeset="1" version="1" uid="1" lon="-83.7043361" user="OSMnx" timestamp="2025-12-17T14:53:51Z" lat="42.3141504" id="62562024" visible="true" /><node changeset="1" version="1" uid="1" lon="-83.704434" user="OSMnx" timestamp="2025-12-17T14:53:51Z" lat="42.314189" id="62562026" visible="true" /><node changeset="1" version="1" uid="1" lon="-83.705186" user="OSMnx" timestamp="2025-12-17T14:53:51Z" lat="42.314179" id="62562028" visible="true"><tag k="highway" v="turning_circle" /></node><node changeset="1" version="1" uid="1" lon="-83.7115894" user="OSMnx" timestamp="2025-12-17T14:53:51Z" lat="42.3172286" id="62570513" visible="true" /><node changeset="1" version="1" uid="1" lon="-83.7098536" user="OSMnx" timestamp="2025-12-17T14:53:51Z" lat="42.317249" id="62570516" visible="true" /><node changeset="1" version="1" uid="1" lon="-83.7095019" user="OSMnx" timestamp="2025-12-17T14:53:51Z" lat="42.3172316" id="62570518" visible="true" /><node changeset="1" version="1" uid="1" lon="-83.706559" user="OSMnx" timestamp="2025-12-17T14:53:51Z" lat="42.3167481" id="62583272" visible="true" /><node changeset="1" version="1" uid="1" lon="-83.7066151" user="OSMnx" timestamp="2025-12-17T14:53:51Z" lat="42.3166411" id="62583275" visible="true" /><node changeset="1" version="1" uid="1" lon="-83.7066811" user="OSMnx" timestamp="2025-12-17T14:53:51Z" lat="42.3165563" id="62583279" visible="true" /><node changeset="1" version="1" uid="1" lon="-83.7068196" user="OSMnx" timestamp="2025-12-17T14:53:51Z" lat="42.3164096" id="62583281" visible="true" /><node changeset="1" version="1" uid="1" lon="-83.7068697" user="OSMnx" timestamp="2025-12-17T14:53:51Z" lat="42.3163201" id="62583283" visible="true" /><node changeset="1" version="1" uid="1" lon="-83.7069043" user="OSMnx" timestamp="2025-12-17T14:53:51Z" lat="42.3159341" id="62583285" visible="true" /><node changeset="1" version="1" uid="1" lon="-83.7068838" user="OSMnx" timestamp="2025-12-17T14:53:51Z" lat="42.3158823" id="62583289" visible="true" /><node changeset="1" version="1" uid="1" lon="-83.7068388" user="OSMnx" timestamp="2025-12-17T14:53:51Z" lat="42.3158357" id="62583291" visible="true" /><node changeset="1" version="1" uid="1" lon="-83.7066785" user="OSMnx" timestamp="2025-12-17T14:53:51Z" lat="42.3158035" id="62583292" visible="true" /><node changeset="1" version="1" uid="1" lon="-83.705877" user="OSMnx" timestamp="2025-12-17T14:53:51Z" lat="42.3158232" id="62583294" visible="true" /><node changeset="1" version="1" uid="1" lon="-83.7057724" user="OSMnx" timestamp="2025-12-17T14:53:51Z" lat="42.3158454" id="62583297" visible="true" /><node changeset="1" version="1" uid="1" lon="-83.705678" user="OSMnx" timestamp="2025-12-17T14:53:51Z" lat="42.3158828" id="62583299" visible="true" /><node changeset="1" version="1" uid="1" lon="-83.7055515" user="OSMnx" timestamp="2025-12-17T14:53:51Z" lat="42.316003" id="62583302" visible="true" /><node changeset="1" version="1" uid="1" lon="-83.7053241" user="OSMnx" timestamp="2025-12-17T14:53:51Z" lat="42.3165815" id="62583304" visible="true" /><node changeset="1" version="1" uid="1" lon="-83.7075352" user="OSMnx" timestamp="2025-12-17T14:53:51Z" lat="42.3125077" id="62585605" visible="true" /><node changeset="1" version="1" uid="1" lon="-83.7075418" user="OSMnx" timestamp="2025-12-17T14:53:51Z" lat="42.3128613" id="62585610" visible="true" /><node changeset="1" version="1" uid="1" lon="-83.7075539" user="OSMnx" timestamp="2025-12-17T14:53:51Z" lat="42.3130865" id="62585612" visible="true" /><node changeset="1" version="1" uid="1" lon="-83.7075619" user="OSMnx" timestamp="2025-12-17T14:53:51Z" lat="42.3132835" id="62585614" visible="true" /><node changeset="1" version="1" uid="1" lon="-83.7075614" user="OSMnx" timestamp="2025-12-17T14:53:51Z" lat="42.3134145" id="62585615" visible="true" /><node changeset="1" version="1" uid="1" lon="-83.7075645" user="OSMnx" timestamp="2025-12-17T14:53:51Z" lat="42.3135632" id="62585617" visible="true" /><node changeset="1" version="1" uid="1" lon="-83.707618" user="OSMnx" timestamp="2025-12-17T14:53:51Z" lat="42.3156156" id="62585620" visible="true" /><node changeset="1" version="1" uid="1" lon="-83.7076287" user="OSMnx" timestamp="2025-12-17T14:53:51Z" lat="42.3159556" id="62585622" visible="true" /><node changeset="1" version="1" uid="1" lon="-83.7076533" user="OSMnx" timestamp="2025-12-17T14:53:51Z" lat="42.3179335" id="62585626" visible="true" /><node changeset="1" version="1" uid="1" lon="-83.7077401" user="OSMnx" timestamp="2025-12-17T14:53:51Z" lat="42.3193902" id="62585629" visible="true" /><node changeset="1" version="1" uid="1" lon="-83.7078354" user="OSMnx" timestamp="2025-12-17T14:53:51Z" lat="42.3216223" id="62585631" visible="true" /><node changeset="1" version="1" uid="1" lon="-83.7037106" user="OSMnx" timestamp="2025-12-17T14:53:51Z" lat="42.3164602" id="62606262" visible="true" /><node changeset="1" version="1" uid="1" lon="-83.7045936" user="OSMnx" timestamp="2025-12-17T14:53:51Z" lat="42.3164754" id="62606264" visible="true" /><node changeset="1" version="1" uid="1" lon="-83.7049092" user="OSMnx" timestamp="2025-12-17T14:53:51Z" lat="42.3165082" id="62606266" visible="true" /><node changeset="1" version="1" uid="1" lon="-83.7066983" user="OSMnx" timestamp="2025-12-17T14:53:51Z" lat="42.3169031" id="62606267" visible="true" /><node changeset="1" version="1" uid="1" lon="-83.7136662" user="OSMnx" timestamp="2025-12-17T14:53:51Z" lat="42.3194426" id="62612292" visible="true" /><node changeset="1" version="1" uid="1" lon="-83.7135182" user="OSMnx" timestamp="2025-12-17T14:53:51Z" lat="42.3196736" id="62612293" visible="true" /><node changeset="1" version="1" uid="1" lon="-83.713453" user="OSMnx" timestamp="2025-12-17T14:53:51Z" lat="42.3197989" id="62612295" visible="true" /><node changeset="1" version="1" uid="1" lon="-83.7133997" user="OSMnx" timestamp="2025-12-17T14:53:51Z" lat="42.3202062" id="62612296" visible="true" /><node changeset="1" version="1" uid="1" lon="-83.7134667" user="OSMnx" timestamp="2025-12-17T14:53:51Z" lat="42.320446" id="62612298" visible="true" /><node changeset="1" version="1" uid="1" lon="-83.7135783" user="OSMnx" timestamp="2025-12-17T14:53:51Z" lat="42.3205961" id="62612299" visible="true" /><node changeset="1" version="1" uid="1" lon="-83.7137531" user="OSMnx" timestamp="2025-12-17T14:53:51Z" lat="42.3207429" id="62612302" visible="true" /><node changeset="1" version="1" uid="1" lon="-83.7022329" user="OSMnx" timestamp="2025-12-17T14:53:51Z" lat="42.315973" id="62612427" visible="true"><tag k="highway" v="turning_circle" /></node><node changeset="1" version="1" uid="1" lon="-83.7134266" user="OSMnx" timestamp="2025-12-17T14:53:51Z" lat="42.3213527" id="62619707" visible="true"><tag k="highway" v="turning_circle" /></node><node changeset="1" version="1" uid="1" lon="-83.713478" user="OSMnx" timestamp="2025-12-17T14:53:51Z" lat="42.313801" id="62628307" visible="true" /><node changeset="1" version="1" uid="1" lon="-83.713262" user="OSMnx" timestamp="2025-12-17T14:53:51Z" lat="42.313888" id="62628309" visible="true" /><node changeset="1" version="1" uid="1" lon="-83.713122" user="OSMnx" timestamp="2025-12-17T14:53:51Z" lat="42.313928" id="62628311" visible="true" /><node changeset="1" version="1" uid="1" lon="-83.712807" user="OSMnx" timestamp="2025-12-17T14:53:51Z" lat="42.313958" id="62628313" visible="true" /><node changeset="1" version="1" uid="1" lon="-83.71254" user="OSMnx" timestamp="2025-12-17T14:53:51Z" lat="42.313964" id="62628316" visible="true" /><node changeset="1" version="1" uid="1" lon="-83.7052347" user="OSMnx" timestamp="2025-12-17T14:53:51Z" lat="42.3186952" id="1808343225" visible="true" /><node changeset="1" version="1" uid="1" lon="-83.7040341" user="OSMnx" timestamp="2025-12-17T14:53:51Z" lat="42.3158662" id="1808343228" visible="true" /><node changeset="1" version="1" uid="1" lon="-83.7046539" user="OSMnx" timestamp="2025-12-17T14:53:51Z" lat="42.3187389" id="1808343230" visible="true" /><node changeset="1" version="1" uid="1" lon="-83.7051745" user="OSMnx" timestamp="2025-12-17T14:53:51Z" lat="42.3187257" id="1808343233" visible="true" /><node changeset="1" version="1" uid="1" lon="-83.7036907" user="OSMnx" timestamp="2025-12-17T14:53:51Z" lat="42.3158702" id="1808343234" visible="true" /><node changeset="1" version="1" uid="1" lon="-83.7020901" user="OSMnx" timestamp="2025-12-17T14:53:51Z" lat="42.3131358" id="1808343235" visible="true" /><node changeset="1" version="1" uid="1" lon="-83.7037163" user="OSMnx" timestamp="2025-12-17T14:53:51Z" lat="42.3134734" id="1808343237" visible="true" /><node changeset="1" version="1" uid="1" lon="-83.704051" user="OSMnx" timestamp="2025-12-17T14:53:51Z" lat="42.3155874" id="1808343238" visible="true" /><node changeset="1" version="1" uid="1" lon="-83.7020305" user="OSMnx" timestamp="2025-12-17T14:53:51Z" lat="42.3131252" id="1808343239" visible="true" /><node changeset="1" version="1" uid="1" lon="-83.7021787" user="OSMnx" timestamp="2025-12-17T14:53:51Z" lat="42.3130009" id="1808343240" visible="true" /><node changeset="1" version="1" uid="1" lon="-83.7021706" user="OSMnx" timestamp="2025-12-17T14:53:51Z" lat="42.3130862" id="1808343244" visible="true" /><node changeset="1" version="1" uid="1" lon="-83.702186" user="OSMnx" timestamp="2025-12-17T14:53:51Z" lat="42.3130439" id="1808343245" visible="true" /><node changeset="1" version="1" uid="1" lon="-83.702903" user="OSMnx" timestamp="2025-12-17T14:53:51Z" lat="42.3159483" id="1808343248" visible="true" /><node changeset="1" version="1" uid="1" lon="-83.7021357" user="OSMnx" timestamp="2025-12-17T14:53:51Z" lat="42.3129612" id="1808343249" visible="true" /><node changeset="1" version="1" uid="1" lon="-83.7017229" user="OSMnx" timestamp="2025-12-17T14:53:51Z" lat="42.312969" id="1808343253" visible="true" /><node changeset="1" version="1" uid="1" lon="-83.7044296" user="OSMnx" timestamp="2025-12-17T14:53:51Z" lat="42.3186085" id="1808343254" visible="true" /><node changeset="1" version="1" uid="1" lon="-83.7021404" user="OSMnx" timestamp="2025-12-17T14:53:51Z" lat="42.3131192" id="1808343255" visible="true" /><node changeset="1" version="1" uid="1" lon="-83.703444" user="OSMnx" timestamp="2025-12-17T14:53:51Z" lat="42.3159257" id="1808343256" visible="true" /><node changeset="1" version="1" uid="1" lon="-83.7061516" user="OSMnx" timestamp="2025-12-17T14:53:51Z" lat="42.315826" id="2040159132" visible="true" /><node changeset="1" version="1" uid="1" lon="-83.7014857" user="OSMnx" timestamp="2025-12-17T14:53:51Z" lat="42.317631" id="2040159133" visible="true" /><node changeset="1" version="1" uid="1" lon="-83.7017791" user="OSMnx" timestamp="2025-12-17T14:53:51Z" lat="42.3186926" id="2040159135" visible="true" /><node changeset="1" version="1" uid="1" lon="-83.7044851" user="OSMnx" timestamp="2025-12-17T14:53:51Z" lat="42.318675" id="2040159136" visible="true" /><node changeset="1" version="1" uid="1" lon="-83.7064171" user="OSMnx" timestamp="2025-12-17T14:53:51Z" lat="42.3158211" id="2040159137" visible="true" /><node changeset="1" version="1" uid="1" lon="-83.7049122" user="OSMnx" timestamp="2025-12-17T14:53:51Z" lat="42.3183248" id="2040159139" visible="true" /><node changeset="1" version="1" uid="1" lon="-83.7069026" user="OSMnx" timestamp="2025-12-17T14:53:51Z" lat="42.316209" id="2040159141" visible="true" /><node changeset="1" version="1" uid="1" lon="-83.7019545" user="OSMnx" timestamp="2025-12-17T14:53:51Z" lat="42.3187546" id="2040159142" visible="true" /><node changeset="1" version="1" uid="1" lon="-83.7030172" user="OSMnx" timestamp="2025-12-17T14:53:51Z" lat="42.3186204" id="2040159144" visible="true" /><node changeset="1" version="1" uid="1" lon="-83.7067618" user="OSMnx" timestamp="2025-12-17T14:53:51Z" lat="42.3158067" id="2040159145" visible="true" /><node changeset="1" version="1" uid="1" lon="-83.7016746" user="OSMnx" timestamp="2025-12-17T14:53:51Z" lat="42.3185428" id="2040159147" visible="true" /><node changeset="1" version="1" uid="1" lon="-83.7052834" user="OSMnx" timestamp="2025-12-17T14:53:51Z" lat="42.3186482" id="2040159148" visible="true" /><node changeset="1" version="1" uid="1" lon="-83.702777" user="OSMnx" timestamp="2025-12-17T14:53:51Z" lat="42.318745" id="2040159150" visible="true" /><node changeset="1" version="1" uid="1" lon="-83.7052023" user="OSMnx" timestamp="2025-12-17T14:53:51Z" lat="42.3185688" id="2040159152" visible="true" /><node changeset="1" version="1" uid="1" lon="-83.7056038" user="OSMnx" timestamp="2025-12-17T14:53:51Z" lat="42.3159371" id="2040159153" visible="true" /><node changeset="1" version="1" uid="1" lon="-83.7050044" user="OSMnx" timestamp="2025-12-17T14:53:51Z" lat="42.3184644" id="2040159154" visible="true" /><node changeset="1" version="1" uid="1" lon="-83.7045639" user="OSMnx" timestamp="2025-12-17T14:53:51Z" lat="42.3187278" id="2040159155" visible="true" /><node changeset="1" version="1" uid="1" lon="-83.7017696" user="OSMnx" timestamp="2025-12-17T14:53:51Z" lat="42.3151112" id="2351506698" visible="true" /><node changeset="1" version="1" uid="1" lon="-83.7138443" user="OSMnx" timestamp="2025-12-17T14:53:51Z" lat="42.3136411" id="3497528262" visible="true" /><node changeset="1" version="1" uid="1" lon="-83.7018603" user="OSMnx" timestamp="2025-12-17T14:53:51Z" lat="42.3195448" id="3641548898" visible="true" /><node changeset="1" version="1" uid="1" lon="-83.7013187" user="OSMnx" timestamp="2025-12-17T14:53:51Z" lat="42.3195556" id="3641548899" visible="true" /><node changeset="1" version="1" uid="1" lon="-83.7019658" user="OSMnx" timestamp="2025-12-17T14:53:51Z" lat="42.3195597" id="3641548900" visible="true" /><node changeset="1" version="1" uid="1" lon="-83.7020173" user="OSMnx" timestamp="2025-12-17T14:53:51Z" lat="42.3196135" id="3641548901" visible="true" /><node changeset="1" version="1" uid="1" lon="-83.702198" user="OSMnx" timestamp="2025-12-17T14:53:51Z" lat="42.3198772" id="3641548903" visible="true" /><node changeset="1" version="1" uid="1" lon="-83.7027606" user="OSMnx" timestamp="2025-12-17T14:53:51Z" lat="42.3198949" id="4133300039" visible="true" /><node changeset="1" version="1" uid="1" lon="-83.7062408" user="OSMnx" timestamp="2025-12-17T14:53:51Z" lat="42.3199566" id="4133300040" visible="true" /><node changeset="1" version="1" uid="1" lon="-83.7046388" user="OSMnx" timestamp="2025-12-17T14:53:51Z" lat="42.3199843" id="4133300042" visible="true" /><node changeset="1" version="1" uid="1" lon="-83.7039198" user="OSMnx" timestamp="2025-12-17T14:53:51Z" lat="42.3199861" id="4133300043" visible="true" /><node changeset="1" version="1" uid="1" lon="-83.7054723" user="OSMnx" timestamp="2025-12-17T14:53:51Z" lat="42.3200122" id="4133300044" visible="true" /><node changeset="1" version="1" uid="1" lon="-83.7070526" user="OSMnx" timestamp="2025-12-17T14:53:51Z" lat="42.3199744" id="4133300045" visible="true" /><node changeset="1" version="1" uid="1" lon="-83.7070958" user="OSMnx" timestamp="2025-12-17T14:53:51Z" lat="42.3200577" id="4133300046" visible="true" /><node changeset="1" version="1" uid="1" lon="-83.7008912" user="OSMnx" timestamp="2025-12-17T14:53:51Z" lat="42.3164926" id="4144860168" visible="true" /><node changeset="1" version="1" uid="1" lon="-83.7141399" user="OSMnx" timestamp="2025-12-17T14:53:51Z" lat="42.3171435" id="4387237248" visible="true" /><node changeset="1" version="1" uid="1" lon="-83.7025256" user="OSMnx" timestamp="2025-12-17T14:53:51Z" lat="42.3197745" id="4387237256" visible="true" /><node changeset="1" version="1" uid="1" lon="-83.7024498" user="OSMnx" timestamp="2025-12-17T14:53:51Z" lat="42.3198375" id="4387237257" visible="true" /><node changeset="1" version="1" uid="1" lon="-83.7023769" user="OSMnx" timestamp="2025-12-17T14:53:51Z" lat="42.3198401" id="4387237258" visible="true" /><node changeset="1" version="1" uid="1" lon="-83.7022906" user="OSMnx" timestamp="2025-12-17T14:53:51Z" lat="42.3198483" id="4387237259" visible="true" /><node changeset="1" version="1" uid="1" lon="-83.7025476" user="OSMnx" timestamp="2025-12-17T14:53:51Z" lat="42.3198502" id="4387237260" visible="true" /><node changeset="1" version="1" uid="1" lon="-83.702674" user="OSMnx" timestamp="2025-12-17T14:53:51Z" lat="42.3198828" id="4387237262" visible="true" /><node changeset="1" version="1" uid="1" lon="-83.7017293" user="OSMnx" timestamp="2025-12-17T14:53:51Z" lat="42.3200219" id="4819126004" visible="true" /><node changeset="1" version="1" uid="1" lon="-83.7030557" user="OSMnx" timestamp="2025-12-17T14:53:51Z" lat="42.3200338" id="4819126005" visible="true" /><node changeset="1" version="1" uid="1" lon="-83.7032917" user="OSMnx" timestamp="2025-12-17T14:53:51Z" lat="42.3200595" id="4819126006" visible="true" /><node changeset="1" version="1" uid="1" lon="-83.7033668" user="OSMnx" timestamp="2025-12-17T14:53:51Z" lat="42.3200536" id="4819126007" visible="true" /><node changeset="1" version="1" uid="1" lon="-83.7062649" user="OSMnx" timestamp="2025-12-17T14:53:51Z" lat="42.3143635" id="5014376165" visible="true" /><node changeset="1" version="1" uid="1" lon="-83.7095454" user="OSMnx" timestamp="2025-12-17T14:53:51Z" lat="42.3201748" id="5014397075" visible="true" /><node changeset="1" version="1" uid="1" lon="-83.7087921" user="OSMnx" timestamp="2025-12-17T14:53:51Z" lat="42.3199872" id="5014397077" visible="true" /><node changeset="1" version="1" uid="1" lon="-83.7090022" user="OSMnx" timestamp="2025-12-17T14:53:51Z" lat="42.320007" id="5014397078" visible="true" /><node changeset="1" version="1" uid="1" lon="-83.709266" user="OSMnx" timestamp="2025-12-17T14:53:51Z" lat="42.3200668" id="5014397079" visible="true" /><node changeset="1" version="1" uid="1" lon="-83.7103766" user="OSMnx" timestamp="2025-12-17T14:53:51Z" lat="42.3196893" id="5014397080" visible="true" /><node changeset="1" version="1" uid="1" lon="-83.7094812" user="OSMnx" timestamp="2025-12-17T14:53:51Z" lat="42.3190904" id="5014397081" visible="true" /><node changeset="1" version="1" uid="1" lon="-83.7093859" user="OSMnx" timestamp="2025-12-17T14:53:51Z" lat="42.3190586" id="5014397082" visible="true" /><node changeset="1" version="1" uid="1" lon="-83.7092813" user="OSMnx" timestamp="2025-12-17T14:53:51Z" lat="42.3190365" id="5014397083" visible="true" /><node changeset="1" version="1" uid="1" lon="-83.7086156" user="OSMnx" timestamp="2025-12-17T14:53:51Z" lat="42.319239" id="5014397084" visible="true" /><node changeset="1" version="1" uid="1" lon="-83.7085425" user="OSMnx" timestamp="2025-12-17T14:53:51Z" lat="42.3193357" id="5014397085" visible="true" /><node changeset="1" version="1" uid="1" lon="-83.7085139" user="OSMnx" timestamp="2025-12-17T14:53:51Z" lat="42.3194438" id="5014397086" visible="true" /><node changeset="1" version="1" uid="1" lon="-83.7085071" user="OSMnx" timestamp="2025-12-17T14:53:51Z" lat="42.3195805" id="5014397087" visible="true" /><node changeset="1" version="1" uid="1" lon="-83.7085212" user="OSMnx" timestamp="2025-12-17T14:53:51Z" lat="42.3201287" id="5014397088" visible="true" /><node changeset="1" version="1" uid="1" lon="-83.7083565" user="OSMnx" timestamp="2025-12-17T14:53:51Z" lat="42.3204829" id="5014397089" visible="true" /><node changeset="1" version="1" uid="1" lon="-83.708198" user="OSMnx" timestamp="2025-12-17T14:53:51Z" lat="42.3208688" id="5014397090" visible="true" /><node changeset="1" version="1" uid="1" lon="-83.7082199" user="OSMnx" timestamp="2025-12-17T14:53:51Z" lat="42.3216254" id="5014397091" visible="true" /><node changeset="1" version="1" uid="1" lon="-83.709354" user="OSMnx" timestamp="2025-12-17T14:53:51Z" lat="42.3207015" id="5014397113" visible="true" /><node changeset="1" version="1" uid="1" lon="-83.7094513" user="OSMnx" timestamp="2025-12-17T14:53:51Z" lat="42.3203759" id="5014397114" visible="true" /><node changeset="1" version="1" uid="1" lon="-83.7097197" user="OSMnx" timestamp="2025-12-17T14:53:51Z" lat="42.3200014" id="5014397115" visible="true" /><node changeset="1" version="1" uid="1" lon="-83.7100536" user="OSMnx" timestamp="2025-12-17T14:53:51Z" lat="42.3198354" id="5014397116" visible="true" /><node changeset="1" version="1" uid="1" lon="-83.7108164" user="OSMnx" timestamp="2025-12-17T14:53:51Z" lat="42.3194093" id="5014397117" visible="true" /><node changeset="1" version="1" uid="1" lon="-83.711091" user="OSMnx" timestamp="2025-12-17T14:53:51Z" lat="42.3191108" id="5014397118" visible="true" /><node changeset="1" version="1" uid="1" lon="-83.7111676" user="OSMnx" timestamp="2025-12-17T14:53:51Z" lat="42.3188031" id="5014397119" visible="true" /><node changeset="1" version="1" uid="1" lon="-83.7111043" user="OSMnx" timestamp="2025-12-17T14:53:51Z" lat="42.3183843" id="5014397120" visible="true" /><node changeset="1" version="1" uid="1" lon="-83.7110341" user="OSMnx" timestamp="2025-12-17T14:53:51Z" lat="42.3181138" id="5014399521" visible="true" /><node changeset="1" version="1" uid="1" lon="-83.7109978" user="OSMnx" timestamp="2025-12-17T14:53:51Z" lat="42.3179017" id="5014399522" visible="true" /><node changeset="1" version="1" uid="1" lon="-83.7111047" user="OSMnx" timestamp="2025-12-17T14:53:51Z" lat="42.3172351" id="5014399523" visible="true" /><node changeset="1" version="1" uid="1" lon="-83.7102681" user="OSMnx" timestamp="2025-12-17T14:53:51Z" lat="42.3167891" id="5014399524" visible="true" /><node changeset="1" version="1" uid="1" lon="-83.7123469" user="OSMnx" timestamp="2025-12-17T14:53:51Z" lat="42.3167753" id="5014399525" visible="true" /><node changeset="1" version="1" uid="1" lon="-83.7090652" user="OSMnx" timestamp="2025-12-17T14:53:51Z" lat="42.3161642" id="5014399526" visible="true" /><node changeset="1" version="1" uid="1" lon="-83.7090451" user="OSMnx" timestamp="2025-12-17T14:53:51Z" lat="42.3163726" id="5014399527" visible="true" /><node changeset="1" version="1" uid="1" lon="-83.7088642" user="OSMnx" timestamp="2025-12-17T14:53:51Z" lat="42.3164903" id="5014399528" visible="true" /><node changeset="1" version="1" uid="1" lon="-83.708655" user="OSMnx" timestamp="2025-12-17T14:53:51Z" lat="42.3165458" id="5014399529" visible="true" /><node changeset="1" version="1" uid="1" lon="-83.7082015" user="OSMnx" timestamp="2025-12-17T14:53:51Z" lat="42.3156284" id="5014399531" visible="true" /><node changeset="1" version="1" uid="1" lon="-83.710386" user="OSMnx" timestamp="2025-12-17T14:53:51Z" lat="42.3154291" id="5014399532" visible="true" /><node changeset="1" version="1" uid="1" lon="-83.7086174" user="OSMnx" timestamp="2025-12-17T14:53:51Z" lat="42.315022" id="5014399533" visible="true" /><node changeset="1" version="1" uid="1" lon="-83.70822" user="OSMnx" timestamp="2025-12-17T14:53:51Z" lat="42.3150014" id="5014399534" visible="true" /><node changeset="1" version="1" uid="1" lon="-83.7085642" user="OSMnx" timestamp="2025-12-17T14:53:51Z" lat="42.3153236" id="5014399535" visible="true" /><node changeset="1" version="1" uid="1" lon="-83.7086205" user="OSMnx" timestamp="2025-12-17T14:53:51Z" lat="42.314475" id="5014399536" visible="true" /><node changeset="1" version="1" uid="1" lon="-83.7082028" user="OSMnx" timestamp="2025-12-17T14:53:51Z" lat="42.3139529" id="5014399537" visible="true" /><node changeset="1" version="1" uid="1" lon="-83.7082212" user="OSMnx" timestamp="2025-12-17T14:53:51Z" lat="42.3144818" id="5014399538" visible="true" /><node changeset="1" version="1" uid="1" lon="-83.7083316" user="OSMnx" timestamp="2025-12-17T14:53:51Z" lat="42.3144805" id="5014399539" visible="true" /><node changeset="1" version="1" uid="1" lon="-83.7087774" user="OSMnx" timestamp="2025-12-17T14:53:51Z" lat="42.3144714" id="5014399540" visible="true" /><node changeset="1" version="1" uid="1" lon="-83.7100634" user="OSMnx" timestamp="2025-12-17T14:53:51Z" lat="42.3147321" id="5014399541" visible="true" /><node changeset="1" version="1" uid="1" lon="-83.7104827" user="OSMnx" timestamp="2025-12-17T14:53:51Z" lat="42.3148574" id="5014399542" visible="true" /><node changeset="1" version="1" uid="1" lon="-83.7106276" user="OSMnx" timestamp="2025-12-17T14:53:51Z" lat="42.3149843" id="5014399543" visible="true" /><node changeset="1" version="1" uid="1" lon="-83.7107885" user="OSMnx" timestamp="2025-12-17T14:53:51Z" lat="42.3152223" id="5014399544" visible="true" /><node changeset="1" version="1" uid="1" lon="-83.7107934" user="OSMnx" timestamp="2025-12-17T14:53:51Z" lat="42.3154367" id="5014399545" visible="true" /><node changeset="1" version="1" uid="1" lon="-83.7107538" user="OSMnx" timestamp="2025-12-17T14:53:51Z" lat="42.3155829" id="5014399546" visible="true" /><node changeset="1" version="1" uid="1" lon="-83.710354" user="OSMnx" timestamp="2025-12-17T14:53:51Z" lat="42.3160156" id="5014399547" visible="true" /><node changeset="1" version="1" uid="1" lon="-83.7102306" user="OSMnx" timestamp="2025-12-17T14:53:51Z" lat="42.3160394" id="5014399548" visible="true" /><node changeset="1" version="1" uid="1" lon="-83.7091094" user="OSMnx" timestamp="2025-12-17T14:53:51Z" lat="42.3157737" id="5014399549" visible="true" /><node changeset="1" version="1" uid="1" lon="-83.708481" user="OSMnx" timestamp="2025-12-17T14:53:51Z" lat="42.3156287" id="5014399550" visible="true" /><node changeset="1" version="1" uid="1" lon="-83.7080205" user="OSMnx" timestamp="2025-12-17T14:53:51Z" lat="42.315619" id="5014399551" visible="true" /><node changeset="1" version="1" uid="1" lon="-83.707607" user="OSMnx" timestamp="2025-12-17T14:53:51Z" lat="42.3153036" id="5014399552" visible="true" /><node changeset="1" version="1" uid="1" lon="-83.7081896" user="OSMnx" timestamp="2025-12-17T14:53:51Z" lat="42.3153137" id="5014399553" visible="true" /><node changeset="1" version="1" uid="1" lon="-83.7092234" user="OSMnx" timestamp="2025-12-17T14:53:51Z" lat="42.3154757" id="5014399554" visible="true" /><node changeset="1" version="1" uid="1" lon="-83.7096649" user="OSMnx" timestamp="2025-12-17T14:53:51Z" lat="42.3155759" id="5014399555" visible="true" /><node changeset="1" version="1" uid="1" lon="-83.7105382" user="OSMnx" timestamp="2025-12-17T14:53:51Z" lat="42.3158489" id="5014399556" visible="true" /><node changeset="1" version="1" uid="1" lon="-83.710848" user="OSMnx" timestamp="2025-12-17T14:53:51Z" lat="42.3161303" id="5014399557" visible="true" /><node changeset="1" version="1" uid="1" lon="-83.7110513" user="OSMnx" timestamp="2025-12-17T14:53:51Z" lat="42.3164639" id="5014399558" visible="true" /><node changeset="1" version="1" uid="1" lon="-83.7110781" user="OSMnx" timestamp="2025-12-17T14:53:51Z" lat="42.3167871" id="5014399559" visible="true" /><node changeset="1" version="1" uid="1" lon="-83.7082561" user="OSMnx" timestamp="2025-12-17T14:53:51Z" lat="42.3165684" id="5035840598" visible="true" /><node changeset="1" version="1" uid="1" lon="-83.7110174" user="OSMnx" timestamp="2025-12-17T14:53:51Z" lat="42.316385" id="5035840599" visible="true" /><node changeset="1" version="1" uid="1" lon="-83.7076327" user="OSMnx" timestamp="2025-12-17T14:53:51Z" lat="42.3160668" id="5237009903" visible="true" /><node changeset="1" version="1" uid="1" lon="-83.7076418" user="OSMnx" timestamp="2025-12-17T14:53:51Z" lat="42.3169775" id="5237009904" visible="true" /><node changeset="1" version="1" uid="1" lon="-83.7076051" user="OSMnx" timestamp="2025-12-17T14:53:51Z" lat="42.3170012" id="5237009905" visible="true" /><node changeset="1" version="1" uid="1" lon="-83.7075686" user="OSMnx" timestamp="2025-12-17T14:53:51Z" lat="42.3170678" id="5237009906" visible="true" /><node changeset="1" version="1" uid="1" lon="-83.7076383" user="OSMnx" timestamp="2025-12-17T14:53:51Z" lat="42.3172209" id="5237009907" visible="true" /><node changeset="1" version="1" uid="1" lon="-83.7077402" user="OSMnx" timestamp="2025-12-17T14:53:51Z" lat="42.3172423" id="5237009908" visible="true" /><node changeset="1" version="1" uid="1" lon="-83.7078133" user="OSMnx" timestamp="2025-12-17T14:53:51Z" lat="42.317234" id="5237009909" visible="true" /><node changeset="1" version="1" uid="1" lon="-83.7078608" user="OSMnx" timestamp="2025-12-17T14:53:51Z" lat="42.3172155" id="5237009910" visible="true" /><node changeset="1" version="1" uid="1" lon="-83.7075647" user="OSMnx" timestamp="2025-12-17T14:53:51Z" lat="42.3171087" id="5237009911" visible="true" /><node changeset="1" version="1" uid="1" lon="-83.7075751" user="OSMnx" timestamp="2025-12-17T14:53:51Z" lat="42.3171589" id="5237009912" visible="true" /><node changeset="1" version="1" uid="1" lon="-83.7075899" user="OSMnx" timestamp="2025-12-17T14:53:51Z" lat="42.317187" id="5237009913" visible="true" /><node changeset="1" version="1" uid="1" lon="-83.7076138" user="OSMnx" timestamp="2025-12-17T14:53:51Z" lat="42.3172066" id="5237009914" visible="true" /><node changeset="1" version="1" uid="1" lon="-83.7078964" user="OSMnx" timestamp="2025-12-17T14:53:51Z" lat="42.3171885" id="5237009915" visible="true" /><node changeset="1" version="1" uid="1" lon="-83.7079217" user="OSMnx" timestamp="2025-12-17T14:53:51Z" lat="42.3171418" id="5237009916" visible="true" /><node changeset="1" version="1" uid="1" lon="-83.7079298" user="OSMnx" timestamp="2025-12-17T14:53:51Z" lat="42.3170612" id="5237009917" visible="true" /><node changeset="1" version="1" uid="1" lon="-83.707918" user="OSMnx" timestamp="2025-12-17T14:53:51Z" lat="42.3170432" id="5237009918" visible="true" /><node changeset="1" version="1" uid="1" lon="-83.7079074" user="OSMnx" timestamp="2025-12-17T14:53:51Z" lat="42.3170242" id="5237009919" visible="true" /><node changeset="1" version="1" uid="1" lon="-83.7078894" user="OSMnx" timestamp="2025-12-17T14:53:51Z" lat="42.3170061" id="5237009920" visible="true" /><node changeset="1" version="1" uid="1" lon="-83.7078251" user="OSMnx" timestamp="2025-12-17T14:53:51Z" lat="42.3169744" id="5237010121" visible="true" /><node changeset="1" version="1" uid="1" lon="-83.7077098" user="OSMnx" timestamp="2025-12-17T14:53:51Z" lat="42.3169631" id="5237010122" visible="true" /><node changeset="1" version="1" uid="1" lon="-83.7077108" user="OSMnx" timestamp="2025-12-17T14:53:51Z" lat="42.3168991" id="5237010123" visible="true" /><node changeset="1" version="1" uid="1" lon="-83.7078169" user="OSMnx" timestamp="2025-12-17T14:53:51Z" lat="42.3167388" id="5237010124" visible="true" /><node changeset="1" version="1" uid="1" lon="-83.7074794" user="OSMnx" timestamp="2025-12-17T14:53:51Z" lat="42.3170073" id="5237010125" visible="true" /><node changeset="1" version="1" uid="1" lon="-83.7075003" user="OSMnx" timestamp="2025-12-17T14:53:51Z" lat="42.3171076" id="5237010126" visible="true" /><node changeset="1" version="1" uid="1" lon="-83.7076219" user="OSMnx" timestamp="2025-12-17T14:53:51Z" lat="42.31726" id="5237010127" visible="true" /><node changeset="1" version="1" uid="1" lon="-83.7077799" user="OSMnx" timestamp="2025-12-17T14:53:51Z" lat="42.3172661" id="5237010128" visible="true" /><node changeset="1" version="1" uid="1" lon="-83.7080531" user="OSMnx" timestamp="2025-12-17T14:53:51Z" lat="42.3172152" id="5237010129" visible="true" /><node changeset="1" version="1" uid="1" lon="-83.7080808" user="OSMnx" timestamp="2025-12-17T14:53:51Z" lat="42.317133" id="5237010130" visible="true" /><node changeset="1" version="1" uid="1" lon="-83.7017366" user="OSMnx" timestamp="2025-12-17T14:53:51Z" lat="42.3166356" id="5288432577" visible="true" /><node changeset="1" version="1" uid="1" lon="-83.7030391" user="OSMnx" timestamp="2025-12-17T14:53:51Z" lat="42.3166234" id="5288432582" visible="true" /><node changeset="1" version="1" uid="1" lon="-83.7064581" user="OSMnx" timestamp="2025-12-17T14:53:51Z" lat="42.3170028" id="5288432591" visible="true" /><node changeset="1" version="1" uid="1" lon="-83.701733" user="OSMnx" timestamp="2025-12-17T14:53:51Z" lat="42.3163952" id="5288432602" visible="true" /><node changeset="1" version="1" uid="1" lon="-83.7017263" user="OSMnx" timestamp="2025-12-17T14:53:51Z" lat="42.3160535" id="5288432605" visible="true" /><node changeset="1" version="1" uid="1" lon="-83.7041362" user="OSMnx" timestamp="2025-12-17T14:53:51Z" lat="42.3163695" id="5545419404" visible="true" /><node changeset="1" version="1" uid="1" lon="-83.7053593" user="OSMnx" timestamp="2025-12-17T14:53:51Z" lat="42.3164919" id="5545419407" visible="true" /><node changeset="1" version="1" uid="1" lon="-83.7065526" user="OSMnx" timestamp="2025-12-17T14:53:51Z" lat="42.3167647" id="5545419408" visible="true" /><node changeset="1" version="1" uid="1" lon="-83.7075508" user="OSMnx" timestamp="2025-12-17T14:53:51Z" lat="42.3170059" id="5545419413" visible="true" /><node changeset="1" version="1" uid="1" lon="-83.7075409" user="OSMnx" timestamp="2025-12-17T14:53:51Z" lat="42.3171208" id="5545419414" visible="true" /><node changeset="1" version="1" uid="1" lon="-83.7074772" user="OSMnx" timestamp="2025-12-17T14:53:51Z" lat="42.315315" id="5545419417" visible="true"><tag k="highway" v="crossing" /></node><node changeset="1" version="1" uid="1" lon="-83.7069264" user="OSMnx" timestamp="2025-12-17T14:53:51Z" lat="42.3138333" id="7008186675" visible="true" /><node changeset="1" version="1" uid="1" lon="-83.7065748" user="OSMnx" timestamp="2025-12-17T14:53:51Z" lat="42.3138396" id="7008186678" visible="true" /><node changeset="1" version="1" uid="1" lon="-83.7030984" user="OSMnx" timestamp="2025-12-17T14:53:51Z" lat="42.3173733" id="7069445444" visible="true" /><node changeset="1" version="1" uid="1" lon="-83.7020878" user="OSMnx" timestamp="2025-12-17T14:53:51Z" lat="42.3197164" id="7205964118" visible="true" /><node changeset="1" version="1" uid="1" lon="-83.7105956" user="OSMnx" timestamp="2025-12-17T14:53:51Z" lat="42.3167883" id="7509672220" visible="true" /><node changeset="1" version="1" uid="1" lon="-83.7105849" user="OSMnx" timestamp="2025-12-17T14:53:51Z" lat="42.3163509" id="7509672221" visible="true" /><node changeset="1" version="1" uid="1" lon="-83.7109514" user="OSMnx" timestamp="2025-12-17T14:53:51Z" lat="42.3162632" id="7509672222" visible="true" /><node changeset="1" version="1" uid="1" lon="-83.7114682" user="OSMnx" timestamp="2025-12-17T14:53:51Z" lat="42.3164184" id="7509672223" visible="true" /><node changeset="1" version="1" uid="1" lon="-83.7114066" user="OSMnx" timestamp="2025-12-17T14:53:51Z" lat="42.3162407" id="7509672224" visible="true" /><node changeset="1" version="1" uid="1" lon="-83.7113742" user="OSMnx" timestamp="2025-12-17T14:53:51Z" lat="42.316194" id="7509672225" visible="true" /><node changeset="1" version="1" uid="1" lon="-83.7113403" user="OSMnx" timestamp="2025-12-17T14:53:51Z" lat="42.3161758" id="7509672226" visible="true" /><node changeset="1" version="1" uid="1" lon="-83.7112972" user="OSMnx" timestamp="2025-12-17T14:53:51Z" lat="42.3161633" id="7509672227" visible="true" /><node changeset="1" version="1" uid="1" lon="-83.7112386" user="OSMnx" timestamp="2025-12-17T14:53:51Z" lat="42.316169" id="7509672228" visible="true" /><node changeset="1" version="1" uid="1" lon="-83.711177" user="OSMnx" timestamp="2025-12-17T14:53:51Z" lat="42.3161826" id="7509672229" visible="true" /><node changeset="1" version="1" uid="1" lon="-83.709148" user="OSMnx" timestamp="2025-12-17T14:53:51Z" lat="42.3190282" id="7628490046" visible="true" /><node changeset="1" version="1" uid="1" lon="-83.7110869" user="OSMnx" timestamp="2025-12-17T14:53:51Z" lat="42.3173818" id="7883988724" visible="true"><tag k="highway" v="crossing" /></node><node changeset="1" version="1" uid="1" lon="-83.714002" user="OSMnx" timestamp="2025-12-17T14:53:51Z" lat="42.3210102" id="7884153009" visible="true"><tag k="highway" v="crossing" /></node><node changeset="1" version="1" uid="1" lon="-83.7135308" user="OSMnx" timestamp="2025-12-17T14:53:51Z" lat="42.3199831" id="7884153030" visible="true"><tag k="highway" v="crossing" /></node><node changeset="1" version="1" uid="1" lon="-83.7077314" user="OSMnx" timestamp="2025-12-17T14:53:51Z" lat="42.3168055" id="7884408035" visible="true" /><node changeset="1" version="1" uid="1" lon="-83.7077819" user="OSMnx" timestamp="2025-12-17T14:53:51Z" lat="42.3165949" id="7884408036" visible="true" /><node changeset="1" version="1" uid="1" lon="-83.7107095" user="OSMnx" timestamp="2025-12-17T14:53:51Z" lat="42.3214268" id="7891271005" visible="true" /><node changeset="1" version="1" uid="1" lon="-83.7129749" user="OSMnx" timestamp="2025-12-17T14:53:51Z" lat="42.3140112" id="7902842808" visible="true" /><node changeset="1" version="1" uid="1" lon="-83.7074172" user="OSMnx" timestamp="2025-12-17T14:53:51Z" lat="42.3170814" id="7906712633" visible="true" /><node changeset="1" version="1" uid="1" lon="-83.707434" user="OSMnx" timestamp="2025-12-17T14:53:51Z" lat="42.317004" id="7906712634" visible="true" /><node changeset="1" version="1" uid="1" lon="-83.7077267" user="OSMnx" timestamp="2025-12-17T14:53:51Z" lat="42.316858" id="7906712636" visible="true" /><node changeset="1" version="1" uid="1" lon="-83.7078413" user="OSMnx" timestamp="2025-12-17T14:53:51Z" lat="42.3168676" id="7906712637" visible="true" /><node changeset="1" version="1" uid="1" lon="-83.7076145" user="OSMnx" timestamp="2025-12-17T14:53:51Z" lat="42.3173351" id="7906712639" visible="true" /><node changeset="1" version="1" uid="1" lon="-83.7077126" user="OSMnx" timestamp="2025-12-17T14:53:51Z" lat="42.3173565" id="7906712640" visible="true" /><node changeset="1" version="1" uid="1" lon="-83.7110985" user="OSMnx" timestamp="2025-12-17T14:53:51Z" lat="42.3171251" id="7906712645" visible="true"><tag k="highway" v="crossing" /></node><node changeset="1" version="1" uid="1" lon="-83.7110955" user="OSMnx" timestamp="2025-12-17T14:53:51Z" lat="42.3170752" id="7906712646" visible="true"><tag k="highway" v="crossing" /></node><node changeset="1" version="1" uid="1" lon="-83.7079975" user="OSMnx" timestamp="2025-12-17T14:53:51Z" lat="42.3199911" id="7906712656" visible="true"><tag k="highway" v="crossing" /></node><node changeset="1" version="1" uid="1" lon="-83.7082183" user="OSMnx" timestamp="2025-12-17T14:53:51Z" lat="42.3215301" id="7906712660" visible="true" /><node changeset="1" version="1" uid="1" lon="-83.7075776" user="OSMnx" timestamp="2025-12-17T14:53:51Z" lat="42.318697" id="7906738629" visible="true"><tag k="highway" v="crossing" /></node><node changeset="1" version="1" uid="1" lon="-83.707585" user="OSMnx" timestamp="2025-12-17T14:53:51Z" lat="42.3199649" id="7906738632" visible="true"><tag k="highway" v="crossing" /></node><node changeset="1" version="1" uid="1" lon="-83.7075881" user="OSMnx" timestamp="2025-12-17T14:53:51Z" lat="42.3200468" id="7906738633" visible="true"><tag k="highway" v="crossing" /></node><node changeset="1" version="1" uid="1" lon="-83.7089933" user="OSMnx" timestamp="2025-12-17T14:53:51Z" lat="42.3171752" id="7906914637" visible="true" /><node changeset="1" version="1" uid="1" lon="-83.7085428" user="OSMnx" timestamp="2025-12-17T14:53:51Z" lat="42.3171424" id="7906914638" visible="true" /><node changeset="1" version="1" uid="1" lon="-83.7087569" user="OSMnx" timestamp="2025-12-17T14:53:51Z" lat="42.3171544" id="7906914639" visible="true" /><node changeset="1" version="1" uid="1" lon="-83.7083538" user="OSMnx" timestamp="2025-12-17T14:53:51Z" lat="42.3172125" id="7906914640" visible="true" /><node changeset="1" version="1" uid="1" lon="-83.7076128" user="OSMnx" timestamp="2025-12-17T14:53:51Z" lat="42.3174466" id="7906914641" visible="true" /><node changeset="1" version="1" uid="1" lon="-83.7076202" user="OSMnx" timestamp="2025-12-17T14:53:51Z" lat="42.3176382" id="7906914642" visible="true" /><node changeset="1" version="1" uid="1" lon="-83.7076896" user="OSMnx" timestamp="2025-12-17T14:53:51Z" lat="42.3176542" id="7906914643" visible="true" /><node changeset="1" version="1" uid="1" lon="-83.7076551" user="OSMnx" timestamp="2025-12-17T14:53:51Z" lat="42.318257" id="7906914644" visible="true" /><node changeset="1" version="1" uid="1" lon="-83.7069351" user="OSMnx" timestamp="2025-12-17T14:53:51Z" lat="42.316982" id="7906914645" visible="true" /><node changeset="1" version="1" uid="1" lon="-83.7069483" user="OSMnx" timestamp="2025-12-17T14:53:51Z" lat="42.3169221" id="7906914646" visible="true" /><node changeset="1" version="1" uid="1" lon="-83.7079317" user="OSMnx" timestamp="2025-12-17T14:53:51Z" lat="42.3171113" id="7906914647" visible="true" /><node changeset="1" version="1" uid="1" lon="-83.7075823" user="OSMnx" timestamp="2025-12-17T14:53:51Z" lat="42.3170333" id="7906914648" visible="true" /><node changeset="1" version="1" uid="1" lon="-83.7076247" user="OSMnx" timestamp="2025-12-17T14:53:51Z" lat="42.3162529" id="7906914649" visible="true" /><node changeset="1" version="1" uid="1" lon="-83.7076769" user="OSMnx" timestamp="2025-12-17T14:53:51Z" lat="42.3162529" id="7906914650" visible="true" /><node changeset="1" version="1" uid="1" lon="-83.7078582" user="OSMnx" timestamp="2025-12-17T14:53:51Z" lat="42.3169356" id="7906914651" visible="true" /><node changeset="1" version="1" uid="1" lon="-83.7077416" user="OSMnx" timestamp="2025-12-17T14:53:51Z" lat="42.3164942" id="7906914652" visible="true" /><node changeset="1" version="1" uid="1" lon="-83.7077001" user="OSMnx" timestamp="2025-12-17T14:53:51Z" lat="42.3163752" id="7906914653" visible="true" /><node changeset="1" version="1" uid="1" lon="-83.707661" user="OSMnx" timestamp="2025-12-17T14:53:51Z" lat="42.3161639" id="7906914654" visible="true" /><node changeset="1" version="1" uid="1" lon="-83.7076205" user="OSMnx" timestamp="2025-12-17T14:53:51Z" lat="42.3163498" id="7906914655" visible="true" /><node changeset="1" version="1" uid="1" lon="-83.7076312" user="OSMnx" timestamp="2025-12-17T14:53:51Z" lat="42.3164973" id="7906914656" visible="true" /><node changeset="1" version="1" uid="1" lon="-83.7076658" user="OSMnx" timestamp="2025-12-17T14:53:51Z" lat="42.3166176" id="7906914657" visible="true" /><node changeset="1" version="1" uid="1" lon="-83.7077234" user="OSMnx" timestamp="2025-12-17T14:53:51Z" lat="42.3167464" id="7906914658" visible="true" /><node changeset="1" version="1" uid="1" lon="-83.7076817" user="OSMnx" timestamp="2025-12-17T14:53:51Z" lat="42.316935" id="7906914659" visible="true" /><node changeset="1" version="1" uid="1" lon="-83.7077724" user="OSMnx" timestamp="2025-12-17T14:53:51Z" lat="42.3169661" id="7906914660" visible="true" /><node changeset="1" version="1" uid="1" lon="-83.7076807" user="OSMnx" timestamp="2025-12-17T14:53:51Z" lat="42.317235" id="7906914661" visible="true" /><node changeset="1" version="1" uid="1" lon="-83.7079473" user="OSMnx" timestamp="2025-12-17T14:53:51Z" lat="42.3172125" id="7906914662" visible="true" /><node changeset="1" version="1" uid="1" lon="-83.7077435" user="OSMnx" timestamp="2025-12-17T14:53:51Z" lat="42.31731" id="7906914663" visible="true" /><node changeset="1" version="1" uid="1" lon="-83.7080031" user="OSMnx" timestamp="2025-12-17T14:53:51Z" lat="42.3171054" id="7906914664" visible="true" /><node changeset="1" version="1" uid="1" lon="-83.7081758" user="OSMnx" timestamp="2025-12-17T14:53:51Z" lat="42.3171492" id="7906914665" visible="true" /><node changeset="1" version="1" uid="1" lon="-83.7086541" user="OSMnx" timestamp="2025-12-17T14:53:51Z" lat="42.3171453" id="7906914666" visible="true" /><node changeset="1" version="1" uid="1" lon="-83.714004" user="OSMnx" timestamp="2025-12-17T14:53:51Z" lat="42.3209092" id="7918798876" visible="true"><tag k="highway" v="crossing" /></node><node changeset="1" version="1" uid="1" lon="-83.7046494" user="OSMnx" timestamp="2025-12-17T14:53:51Z" lat="42.3149638" id="7933014367" visible="true" /><node changeset="1" version="1" uid="1" lon="-83.7045975" user="OSMnx" timestamp="2025-12-17T14:53:51Z" lat="42.3149414" id="7933014368" visible="true" /><node changeset="1" version="1" uid="1" lon="-83.7045169" user="OSMnx" timestamp="2025-12-17T14:53:51Z" lat="42.3149414" id="7933014369" visible="true" /><node changeset="1" version="1" uid="1" lon="-83.7044469" user="OSMnx" timestamp="2025-12-17T14:53:51Z" lat="42.3149589" id="7933014370" visible="true" /><node changeset="1" version="1" uid="1" lon="-83.7043994" user="OSMnx" timestamp="2025-12-17T14:53:51Z" lat="42.3149824" id="7933014371" visible="true" /><node changeset="1" version="1" uid="1" lon="-83.704377" user="OSMnx" timestamp="2025-12-17T14:53:51Z" lat="42.3150244" id="7933014372" visible="true" /><node changeset="1" version="1" uid="1" lon="-83.704373" user="OSMnx" timestamp="2025-12-17T14:53:51Z" lat="42.3150615" id="7933014373" visible="true" /><node changeset="1" version="1" uid="1" lon="-83.7043862" user="OSMnx" timestamp="2025-12-17T14:53:51Z" lat="42.3150996" id="7933014374" visible="true" /><node changeset="1" version="1" uid="1" lon="-83.704439" user="OSMnx" timestamp="2025-12-17T14:53:51Z" lat="42.3151152" id="7933014375" visible="true" /><node changeset="1" version="1" uid="1" lon="-83.7045143" user="OSMnx" timestamp="2025-12-17T14:53:51Z" lat="42.3151171" id="7933014376" visible="true" /><node changeset="1" version="1" uid="1" lon="-83.7075594" user="OSMnx" timestamp="2025-12-17T14:53:51Z" lat="42.3132209" id="7933193022" visible="true" /><node changeset="1" version="1" uid="1" lon="-83.7078393" user="OSMnx" timestamp="2025-12-17T14:53:51Z" lat="42.3153137" id="7944781427" visible="true" /><node changeset="1" version="1" uid="1" lon="-83.7076219" user="OSMnx" timestamp="2025-12-17T14:53:51Z" lat="42.3163173" id="7944781445" visible="true" /><node changeset="1" version="1" uid="1" lon="-83.7074234" user="OSMnx" timestamp="2025-12-17T14:53:51Z" lat="42.3138245" id="7944781454" visible="true"><tag k="highway" v="crossing" /></node><node changeset="1" version="1" uid="1" lon="-83.7073896" user="OSMnx" timestamp="2025-12-17T14:53:51Z" lat="42.3127317" id="7944781468" visible="true"><tag k="highway" v="crossing" /></node><node changeset="1" version="1" uid="1" lon="-83.7084448" user="OSMnx" timestamp="2025-12-17T14:53:51Z" lat="42.3171404" id="7944813967" visible="true" /><node changeset="1" version="1" uid="1" lon="-83.7084972" user="OSMnx" timestamp="2025-12-17T14:53:51Z" lat="42.3172123" id="7944813969" visible="true" /><node changeset="1" version="1" uid="1" lon="-83.7068915" user="OSMnx" timestamp="2025-12-17T14:53:51Z" lat="42.3169675" id="7944835686" visible="true" /><node changeset="1" version="1" uid="1" lon="-83.7076327" user="OSMnx" timestamp="2025-12-17T14:53:51Z" lat="42.3177442" id="7944835688" visible="true" /><node changeset="1" version="1" uid="1" lon="-83.7076817" user="OSMnx" timestamp="2025-12-17T14:53:51Z" lat="42.3177148" id="7944835690" visible="true" /><node changeset="1" version="1" uid="1" lon="-83.7110791" user="OSMnx" timestamp="2025-12-17T14:53:51Z" lat="42.3176141" id="7956601411" visible="true" /><node changeset="1" version="1" uid="1" lon="-83.7111575" user="OSMnx" timestamp="2025-12-17T14:53:51Z" lat="42.3186097" id="7956601412" visible="true" /><node changeset="1" version="1" uid="1" lon="-83.7111398" user="OSMnx" timestamp="2025-12-17T14:53:51Z" lat="42.3189536" id="7956601413" visible="true" /><node changeset="1" version="1" uid="1" lon="-83.710969" user="OSMnx" timestamp="2025-12-17T14:53:51Z" lat="42.3192657" id="7956601414" visible="true" /><node changeset="1" version="1" uid="1" lon="-83.7105937" user="OSMnx" timestamp="2025-12-17T14:53:51Z" lat="42.3195717" id="7956601415" visible="true" /><node changeset="1" version="1" uid="1" lon="-83.7098914" user="OSMnx" timestamp="2025-12-17T14:53:51Z" lat="42.3199034" id="7956601416" visible="true" /><node changeset="1" version="1" uid="1" lon="-83.7092394" user="OSMnx" timestamp="2025-12-17T14:53:51Z" lat="42.3213123" id="7956601417" visible="true" /><node changeset="1" version="1" uid="1" lon="-83.7082315" user="OSMnx" timestamp="2025-12-17T14:53:51Z" lat="42.3207132" id="7956601419" visible="true" /><node changeset="1" version="1" uid="1" lon="-83.7084705" user="OSMnx" timestamp="2025-12-17T14:53:51Z" lat="42.320299" id="7956601420" visible="true" /><node changeset="1" version="1" uid="1" lon="-83.7085086" user="OSMnx" timestamp="2025-12-17T14:53:51Z" lat="42.3195108" id="7956601421" visible="true" /><node changeset="1" version="1" uid="1" lon="-83.7101907" user="OSMnx" timestamp="2025-12-17T14:53:51Z" lat="42.3195029" id="7956601422" visible="true" /><node changeset="1" version="1" uid="1" lon="-83.7102526" user="OSMnx" timestamp="2025-12-17T14:53:51Z" lat="42.3195522" id="7956601423" visible="true" /><node changeset="1" version="1" uid="1" lon="-83.7103363" user="OSMnx" timestamp="2025-12-17T14:53:51Z" lat="42.3196455" id="7956601441" visible="true"><tag k="highway" v="crossing" /></node><node changeset="1" version="1" uid="1" lon="-83.713411" user="OSMnx" timestamp="2025-12-17T14:53:51Z" lat="42.3171765" id="7967444627" visible="true"><tag k="highway" v="crossing" /></node><node changeset="1" version="1" uid="1" lon="-83.7130481" user="OSMnx" timestamp="2025-12-17T14:53:51Z" lat="42.312721" id="7967482722" visible="true" /><node changeset="1" version="1" uid="1" lon="-83.7131222" user="OSMnx" timestamp="2025-12-17T14:53:51Z" lat="42.3171878" id="8204242323" visible="true" /><node changeset="1" version="1" uid="1" lon="-83.701673" user="OSMnx" timestamp="2025-12-17T14:53:51Z" lat="42.3169086" id="8211820299" visible="true" /><node changeset="1" version="1" uid="1" lon="-83.7030384" user="OSMnx" timestamp="2025-12-17T14:53:51Z" lat="42.3168808" id="8211820301" visible="true" /><node changeset="1" version="1" uid="1" lon="-83.7071883" user="OSMnx" timestamp="2025-12-17T14:53:51Z" lat="42.3187058" id="8288155159" visible="true" /><node changeset="1" version="1" uid="1" lon="-83.7062422" user="OSMnx" timestamp="2025-12-17T14:53:51Z" lat="42.3186791" id="8288155161" visible="true" /><node changeset="1" version="1" uid="1" lon="-83.7031904" user="OSMnx" timestamp="2025-12-17T14:53:51Z" lat="42.3182097" id="8288155164" visible="true" /><node changeset="1" version="1" uid="1" lon="-83.7085254" user="OSMnx" timestamp="2025-12-17T14:53:51Z" lat="42.3200452" id="8322145221" visible="true" /><node changeset="1" version="1" uid="1" lon="-83.7052097" user="OSMnx" timestamp="2025-12-17T14:53:51Z" lat="42.317507" id="8597627293" visible="true" /><node changeset="1" version="1" uid="1" lon="-83.7085278" user="OSMnx" timestamp="2025-12-17T14:53:51Z" lat="42.3199981" id="8812512075" visible="true" /><node changeset="1" version="1" uid="1" lon="-83.7016173" user="OSMnx" timestamp="2025-12-17T14:53:51Z" lat="42.3159735" id="8821423605" visible="true"><tag k="highway" v="crossing" /></node><node changeset="1" version="1" uid="1" lon="-83.7085252" user="OSMnx" timestamp="2025-12-17T14:53:51Z" lat="42.3193875" id="8826394423" visible="true" /><node changeset="1" version="1" uid="1" lon="-83.7085715" user="OSMnx" timestamp="2025-12-17T14:53:51Z" lat="42.3192896" id="8826394424" visible="true" /><node changeset="1" version="1" uid="1" lon="-83.7086712" user="OSMnx" timestamp="2025-12-17T14:53:51Z" lat="42.3191941" id="8826394425" visible="true" /><node changeset="1" version="1" uid="1" lon="-83.708752" user="OSMnx" timestamp="2025-12-17T14:53:51Z" lat="42.3191436" id="8826394426" visible="true" /><node changeset="1" version="1" uid="1" lon="-83.7088318" user="OSMnx" timestamp="2025-12-17T14:53:51Z" lat="42.319105" id="8826394427" visible="true" /><node changeset="1" version="1" uid="1" lon="-83.7089066" user="OSMnx" timestamp="2025-12-17T14:53:51Z" lat="42.3190778" id="8826394428" visible="true" /><node changeset="1" version="1" uid="1" lon="-83.7090106" user="OSMnx" timestamp="2025-12-17T14:53:51Z" lat="42.3190474" id="8826394429" visible="true" /><node changeset="1" version="1" uid="1" lon="-83.7091066" user="OSMnx" timestamp="2025-12-17T14:53:51Z" lat="42.3190311" id="8826394430" visible="true" /><node changeset="1" version="1" uid="1" lon="-83.7095685" user="OSMnx" timestamp="2025-12-17T14:53:51Z" lat="42.3191303" id="8826394431" visible="true" /><node changeset="1" version="1" uid="1" lon="-83.7085244" user="OSMnx" timestamp="2025-12-17T14:53:51Z" lat="42.3199291" id="8828480970" visible="true"><tag k="highway" v="crossing" /></node><node changeset="1" version="1" uid="1" lon="-83.7110812" user="OSMnx" timestamp="2025-12-17T14:53:51Z" lat="42.3168381" id="8837121887" visible="true"><tag k="highway" v="crossing" /></node><node changeset="1" version="1" uid="1" lon="-83.7109927" user="OSMnx" timestamp="2025-12-17T14:53:51Z" lat="42.3167873" id="8837121888" visible="true"><tag k="highway" v="crossing" /></node><node changeset="1" version="1" uid="1" lon="-83.7110743" user="OSMnx" timestamp="2025-12-17T14:53:51Z" lat="42.3167411" id="8837121889" visible="true"><tag k="highway" v="crossing" /></node><node changeset="1" version="1" uid="1" lon="-83.7111433" user="OSMnx" timestamp="2025-12-17T14:53:51Z" lat="42.3167865" id="8837121890" visible="true"><tag k="highway" v="crossing" /></node><node changeset="1" version="1" uid="1" lon="-83.7110061" user="OSMnx" timestamp="2025-12-17T14:53:51Z" lat="42.3162437" id="8837121899" visible="true"><tag k="highway" v="crossing" /></node><node changeset="1" version="1" uid="1" lon="-83.7105846" user="OSMnx" timestamp="2025-12-17T14:53:51Z" lat="42.3158879" id="8837121906" visible="true"><tag k="highway" v="crossing" /></node><node changeset="1" version="1" uid="1" lon="-83.7104697" user="OSMnx" timestamp="2025-12-17T14:53:51Z" lat="42.3159096" id="8843435096" visible="true"><tag k="highway" v="crossing" /></node><node changeset="1" version="1" uid="1" lon="-83.7091639" user="OSMnx" timestamp="2025-12-17T14:53:51Z" lat="42.3157866" id="8843435108" visible="true"><tag k="highway" v="crossing" /></node><node changeset="1" version="1" uid="1" lon="-83.7090618" user="OSMnx" timestamp="2025-12-17T14:53:51Z" lat="42.3158879" id="8843435109" visible="true" /><node changeset="1" version="1" uid="1" lon="-83.7090612" user="OSMnx" timestamp="2025-12-17T14:53:51Z" lat="42.3162739" id="8843435110" visible="true" /><node changeset="1" version="1" uid="1" lon="-83.7089539" user="OSMnx" timestamp="2025-12-17T14:53:51Z" lat="42.3164481" id="8843435111" visible="true" /><node changeset="1" version="1" uid="1" lon="-83.7084286" user="OSMnx" timestamp="2025-12-17T14:53:51Z" lat="42.3165684" id="8843435112" visible="true" /><node changeset="1" version="1" uid="1" lon="-83.7101487" user="OSMnx" timestamp="2025-12-17T14:53:51Z" lat="42.3156927" id="8843435113" visible="true" /><node changeset="1" version="1" uid="1" lon="-83.708985" user="OSMnx" timestamp="2025-12-17T14:53:51Z" lat="42.3144863" id="8843435114" visible="true" /><node changeset="1" version="1" uid="1" lon="-83.7102405" user="OSMnx" timestamp="2025-12-17T14:53:51Z" lat="42.3147781" id="8843435115" visible="true" /><node changeset="1" version="1" uid="1" lon="-83.7092076" user="OSMnx" timestamp="2025-12-17T14:53:51Z" lat="42.3155171" id="8843484117" visible="true"><tag k="highway" v="crossing" /></node><node changeset="1" version="1" uid="1" lon="-83.7086669" user="OSMnx" timestamp="2025-12-17T14:53:51Z" lat="42.3156687" id="8843484124" visible="true" /><node changeset="1" version="1" uid="1" lon="-83.708505" user="OSMnx" timestamp="2025-12-17T14:53:51Z" lat="42.3156339" id="8843484128" visible="true"><tag k="highway" v="crossing" /></node><node changeset="1" version="1" uid="1" lon="-83.7090941" user="OSMnx" timestamp="2025-12-17T14:53:51Z" lat="42.3158105" id="8843484133" visible="true"><tag k="highway" v="crossing" /></node><node changeset="1" version="1" uid="1" lon="-83.7092911" user="OSMnx" timestamp="2025-12-17T14:53:51Z" lat="42.3154911" id="8843484136" visible="true"><tag k="highway" v="crossing" /></node><node changeset="1" version="1" uid="1" lon="-83.7092053" user="OSMnx" timestamp="2025-12-17T14:53:51Z" lat="42.31513" id="8843484143" visible="true" /><node changeset="1" version="1" uid="1" lon="-83.7106691" user="OSMnx" timestamp="2025-12-17T14:53:51Z" lat="42.3157108" id="8843484171" visible="true" /><node changeset="1" version="1" uid="1" lon="-83.7107424" user="OSMnx" timestamp="2025-12-17T14:53:51Z" lat="42.3151127" id="8843484172" visible="true" /><node changeset="1" version="1" uid="1" lon="-83.708021" user="OSMnx" timestamp="2025-12-17T14:53:51Z" lat="42.314997" id="8843484173" visible="true" /><node changeset="1" version="1" uid="1" lon="-83.7097515" user="OSMnx" timestamp="2025-12-17T14:53:51Z" lat="42.3152684" id="8848211888" visible="true" /><node changeset="1" version="1" uid="1" lon="-83.7105945" user="OSMnx" timestamp="2025-12-17T14:53:51Z" lat="42.3167432" id="8848211891" visible="true"><tag k="highway" v="crossing" /></node><node changeset="1" version="1" uid="1" lon="-83.7087022" user="OSMnx" timestamp="2025-12-17T14:53:51Z" lat="42.3150376" id="8848254234" visible="true"><tag k="highway" v="crossing" /></node><node changeset="1" version="1" uid="1" lon="-83.7085736" user="OSMnx" timestamp="2025-12-17T14:53:51Z" lat="42.3152702" id="8848284914" visible="true"><tag k="highway" v="crossing" /></node><node changeset="1" version="1" uid="1" lon="-83.7083761" user="OSMnx" timestamp="2025-12-17T14:53:51Z" lat="42.3136717" id="8848284915" visible="true" /><node changeset="1" version="1" uid="1" lon="-83.7080009" user="OSMnx" timestamp="2025-12-17T14:53:51Z" lat="42.3136755" id="8848284916" visible="true" /><node changeset="1" version="1" uid="1" lon="-83.708192" user="OSMnx" timestamp="2025-12-17T14:53:51Z" lat="42.3136736" id="8848308917" visible="true" /><node changeset="1" version="1" uid="1" lon="-83.711634" user="OSMnx" timestamp="2025-12-17T14:53:51Z" lat="42.3151777" id="8848308918" visible="true" /><node changeset="1" version="1" uid="1" lon="-83.7116595" user="OSMnx" timestamp="2025-12-17T14:53:51Z" lat="42.314901" id="8848308919" visible="true" /><node changeset="1" version="1" uid="1" lon="-83.7116437" user="OSMnx" timestamp="2025-12-17T14:53:51Z" lat="42.3150722" id="8848308920" visible="true" /><node changeset="1" version="1" uid="1" lon="-83.7113808" user="OSMnx" timestamp="2025-12-17T14:53:51Z" lat="42.3150591" id="8848308921" visible="true" /><node changeset="1" version="1" uid="1" lon="-83.7111148" user="OSMnx" timestamp="2025-12-17T14:53:51Z" lat="42.3150506" id="8848308922" visible="true" /><node changeset="1" version="1" uid="1" lon="-83.7109723" user="OSMnx" timestamp="2025-12-17T14:53:51Z" lat="42.3150544" id="8848308923" visible="true" /><node changeset="1" version="1" uid="1" lon="-83.7021415" user="OSMnx" timestamp="2025-12-17T14:53:51Z" lat="42.3197948" id="8905786479" visible="true"><tag k="highway" v="crossing" /></node><node changeset="1" version="1" uid="1" lon="-83.7020922" user="OSMnx" timestamp="2025-12-17T14:53:51Z" lat="42.3199165" id="8910669962" visible="true"><tag k="highway" v="crossing" /></node><node changeset="1" version="1" uid="1" lon="-83.7041223" user="OSMnx" timestamp="2025-12-17T14:53:51Z" lat="42.3199575" id="8910724178" visible="true" /><node changeset="1" version="1" uid="1" lon="-83.7050352" user="OSMnx" timestamp="2025-12-17T14:53:51Z" lat="42.3178391" id="8939306365" visible="true" /><node changeset="1" version="1" uid="1" lon="-83.7050434" user="OSMnx" timestamp="2025-12-17T14:53:51Z" lat="42.3178218" id="8939306367" visible="true" /><node changeset="1" version="1" uid="1" lon="-83.7070048" user="OSMnx" timestamp="2025-12-17T14:53:51Z" lat="42.3186996" id="9062296558" visible="true" /><node changeset="1" version="1" uid="1" lon="-83.7067477" user="OSMnx" timestamp="2025-12-17T14:53:51Z" lat="42.3186868" id="9062296559" visible="true" /><node changeset="1" version="1" uid="1" lon="-83.7069155" user="OSMnx" timestamp="2025-12-17T14:53:51Z" lat="42.3186076" id="9062296561" visible="true"><tag k="highway" v="crossing" /></node><node changeset="1" version="1" uid="1" lon="-83.7059356" user="OSMnx" timestamp="2025-12-17T14:53:51Z" lat="42.318656" id="9068820976" visible="true" /><node changeset="1" version="1" uid="1" lon="-83.7049088" user="OSMnx" timestamp="2025-12-17T14:53:51Z" lat="42.3181047" id="9068895721" visible="true" /><node changeset="1" version="1" uid="1" lon="-83.7051795" user="OSMnx" timestamp="2025-12-17T14:53:51Z" lat="42.3172134" id="9068895738" visible="true" /><node changeset="1" version="1" uid="1" lon="-83.7056383" user="OSMnx" timestamp="2025-12-17T14:53:51Z" lat="42.3174225" id="9068895739" visible="true" /><node changeset="1" version="1" uid="1" lon="-83.7068833" user="OSMnx" timestamp="2025-12-17T14:53:51Z" lat="42.3180089" id="9078197975" visible="true" /><node changeset="1" version="1" uid="1" lon="-83.7062959" user="OSMnx" timestamp="2025-12-17T14:53:51Z" lat="42.3172059" id="9078198007" visible="true" /><node changeset="1" version="1" uid="1" lon="-83.7060569" user="OSMnx" timestamp="2025-12-17T14:53:51Z" lat="42.3174584" id="9078198012" visible="true"><tag k="highway" v="crossing" /></node><node changeset="1" version="1" uid="1" lon="-83.7061548" user="OSMnx" timestamp="2025-12-17T14:53:51Z" lat="42.3175927" id="9078233660" visible="true" /><node changeset="1" version="1" uid="1" lon="-83.7045936" user="OSMnx" timestamp="2025-12-17T14:53:51Z" lat="42.3171012" id="9078233671" visible="true" /><node changeset="1" version="1" uid="1" lon="-83.7023471" user="OSMnx" timestamp="2025-12-17T14:53:51Z" lat="42.3187578" id="9078233673" visible="true" /><node changeset="1" version="1" uid="1" lon="-83.7051962" user="OSMnx" timestamp="2025-12-17T14:53:51Z" lat="42.3175325" id="9083184834" visible="true" /><node changeset="1" version="1" uid="1" lon="-83.7045513" user="OSMnx" timestamp="2025-12-17T14:53:51Z" lat="42.317242" id="9083184856" visible="true" /><node changeset="1" version="1" uid="1" lon="-83.7048807" user="OSMnx" timestamp="2025-12-17T14:53:51Z" lat="42.3173346" id="9083184859" visible="true" /><node changeset="1" version="1" uid="1" lon="-83.7042328" user="OSMnx" timestamp="2025-12-17T14:53:51Z" lat="42.318501" id="9102459443" visible="true" /><node changeset="1" version="1" uid="1" lon="-83.7049333" user="OSMnx" timestamp="2025-12-17T14:53:51Z" lat="42.3180532" id="9102459464" visible="true" /><node changeset="1" version="1" uid="1" lon="-83.7030386" user="OSMnx" timestamp="2025-12-17T14:53:51Z" lat="42.3168246" id="9102474877" visible="true" /><node changeset="1" version="1" uid="1" lon="-83.7032285" user="OSMnx" timestamp="2025-12-17T14:53:51Z" lat="42.3185473" id="9102474883" visible="true"><tag k="highway" v="crossing" /></node><node changeset="1" version="1" uid="1" lon="-83.7017291" user="OSMnx" timestamp="2025-12-17T14:53:51Z" lat="42.3186515" id="9104489316" visible="true" /><node changeset="1" version="1" uid="1" lon="-83.7016894" user="OSMnx" timestamp="2025-12-17T14:53:51Z" lat="42.3168896" id="9104576851" visible="true" /><node changeset="1" version="1" uid="1" lon="-83.7032143" user="OSMnx" timestamp="2025-12-17T14:53:51Z" lat="42.318102" id="9115584811" visible="true" /><node changeset="1" version="1" uid="1" lon="-83.7049298" user="OSMnx" timestamp="2025-12-17T14:53:51Z" lat="42.3183569" id="9121464501" visible="true" /><node changeset="1" version="1" uid="1" lon="-83.7018221" user="OSMnx" timestamp="2025-12-17T14:53:51Z" lat="42.3130194" id="9440487307" visible="true"><tag k="highway" v="crossing" /></node><node changeset="1" version="1" uid="1" lon="-83.7019525" user="OSMnx" timestamp="2025-12-17T14:53:51Z" lat="42.3128739" id="9440487308" visible="true"><tag k="highway" v="crossing" /></node><node changeset="1" version="1" uid="1" lon="-83.7022446" user="OSMnx" timestamp="2025-12-17T14:53:51Z" lat="42.314331" id="9440511228" visible="true"><tag k="highway" v="crossing" /></node><node changeset="1" version="1" uid="1" lon="-83.7021076" user="OSMnx" timestamp="2025-12-17T14:53:51Z" lat="42.3142846" id="9440511232" visible="true"><tag k="highway" v="crossing" /></node><node changeset="1" version="1" uid="1" lon="-83.7050556" user="OSMnx" timestamp="2025-12-17T14:53:51Z" lat="42.3135135" id="9440511250" visible="true" /><node changeset="1" version="1" uid="1" lon="-83.7038952" user="OSMnx" timestamp="2025-12-17T14:53:51Z" lat="42.3137325" id="9440511251" visible="true"><tag k="highway" v="crossing" /></node><node changeset="1" version="1" uid="1" lon="-83.7130796" user="OSMnx" timestamp="2025-12-17T14:53:51Z" lat="42.3147906" id="9470062028" visible="true" /><node changeset="1" version="1" uid="1" lon="-83.7130802" user="OSMnx" timestamp="2025-12-17T14:53:51Z" lat="42.3139331" id="9470062031" visible="true"><tag k="highway" v="crossing" /></node><node changeset="1" version="1" uid="1" lon="-83.7040281" user="OSMnx" timestamp="2025-12-17T14:53:51Z" lat="42.3138437" id="9481444780" visible="true"><tag k="highway" v="crossing" /></node><node changeset="1" version="1" uid="1" lon="-83.7032507" user="OSMnx" timestamp="2025-12-17T14:53:51Z" lat="42.3142813" id="9481444791" visible="true"><tag k="highway" v="crossing" /></node><node changeset="1" version="1" uid="1" lon="-83.7034009" user="OSMnx" timestamp="2025-12-17T14:53:51Z" lat="42.3149922" id="9481508367" visible="true" /><node changeset="1" version="1" uid="1" lon="-83.7033321" user="OSMnx" timestamp="2025-12-17T14:53:51Z" lat="42.3150142" id="9481508368" visible="true" /><node changeset="1" version="1" uid="1" lon="-83.7032874" user="OSMnx" timestamp="2025-12-17T14:53:51Z" lat="42.3150566" id="9481508369" visible="true" /><node changeset="1" version="1" uid="1" lon="-83.7033103" user="OSMnx" timestamp="2025-12-17T14:53:51Z" lat="42.3152448" id="9481508370" visible="true" /><node changeset="1" version="1" uid="1" lon="-83.7034869" user="OSMnx" timestamp="2025-12-17T14:53:51Z" lat="42.3152372" id="9481508371" visible="true" /><node changeset="1" version="1" uid="1" lon="-83.7034869" user="OSMnx" timestamp="2025-12-17T14:53:51Z" lat="42.3151541" id="9481508372" visible="true" /><node changeset="1" version="1" uid="1" lon="-83.7034697" user="OSMnx" timestamp="2025-12-17T14:53:51Z" lat="42.3150829" id="9481508373" visible="true" /><node changeset="1" version="1" uid="1" lon="-83.7034513" user="OSMnx" timestamp="2025-12-17T14:53:51Z" lat="42.3150329" id="9481508374" visible="true" /><node changeset="1" version="1" uid="1" lon="-83.7031223" user="OSMnx" timestamp="2025-12-17T14:53:51Z" lat="42.3152499" id="9481508375" visible="true" /><node changeset="1" version="1" uid="1" lon="-83.7033966" user="OSMnx" timestamp="2025-12-17T14:53:51Z" lat="42.3147734" id="9481508376" visible="true" /><node changeset="1" version="1" uid="1" lon="-83.7032048" user="OSMnx" timestamp="2025-12-17T14:53:51Z" lat="42.3147742" id="9481508377" visible="true" /><node changeset="1" version="1" uid="1" lon="-83.7031933" user="OSMnx" timestamp="2025-12-17T14:53:51Z" lat="42.3146165" id="9481508378" visible="true" /><node changeset="1" version="1" uid="1" lon="-83.7033895" user="OSMnx" timestamp="2025-12-17T14:53:51Z" lat="42.3146048" id="9481508379" visible="true" /><node changeset="1" version="1" uid="1" lon="-83.7077122" user="OSMnx" timestamp="2025-12-17T14:53:51Z" lat="42.3188825" id="9555066242" visible="true" /><node changeset="1" version="1" uid="1" lon="-83.7134036" user="OSMnx" timestamp="2025-12-17T14:53:51Z" lat="42.3200525" id="9973085137" visible="true" /><node changeset="1" version="1" uid="1" lon="-83.713398" user="OSMnx" timestamp="2025-12-17T14:53:51Z" lat="42.3201271" id="9973085138" visible="true" /><node changeset="1" version="1" uid="1" lon="-83.71341" user="OSMnx" timestamp="2025-12-17T14:53:51Z" lat="42.3202767" id="9973085139" visible="true" /><node changeset="1" version="1" uid="1" lon="-83.7134197" user="OSMnx" timestamp="2025-12-17T14:53:51Z" lat="42.320325" id="9973085140" visible="true" /><node changeset="1" version="1" uid="1" lon="-83.7134338" user="OSMnx" timestamp="2025-12-17T14:53:51Z" lat="42.3203752" id="9973085141" visible="true" /><node changeset="1" version="1" uid="1" lon="-83.7134513" user="OSMnx" timestamp="2025-12-17T14:53:51Z" lat="42.3204178" id="9973085142" visible="true" /><node changeset="1" version="1" uid="1" lon="-83.7135525" user="OSMnx" timestamp="2025-12-17T14:53:51Z" lat="42.3205675" id="9973085143" visible="true" /><node changeset="1" version="1" uid="1" lon="-83.7135222" user="OSMnx" timestamp="2025-12-17T14:53:51Z" lat="42.3205282" id="9973085144" visible="true" /><node changeset="1" version="1" uid="1" lon="-83.7134958" user="OSMnx" timestamp="2025-12-17T14:53:51Z" lat="42.3204919" id="9973085145" visible="true" /><node changeset="1" version="1" uid="1" lon="-83.7136966" user="OSMnx" timestamp="2025-12-17T14:53:51Z" lat="42.3207022" id="9973085146" visible="true" /><node changeset="1" version="1" uid="1" lon="-83.7136519" user="OSMnx" timestamp="2025-12-17T14:53:51Z" lat="42.3206659" id="9973085147" visible="true" /><node changeset="1" version="1" uid="1" lon="-83.7136109" user="OSMnx" timestamp="2025-12-17T14:53:51Z" lat="42.3206295" id="9973085148" visible="true" /><node changeset="1" version="1" uid="1" lon="-83.7136309" user="OSMnx" timestamp="2025-12-17T14:53:51Z" lat="42.3206482" id="9973085149" visible="true" /><node changeset="1" version="1" uid="1" lon="-83.7138189" user="OSMnx" timestamp="2025-12-17T14:53:51Z" lat="42.3192796" id="9973085717" visible="true" /><node changeset="1" version="1" uid="1" lon="-83.713733" user="OSMnx" timestamp="2025-12-17T14:53:51Z" lat="42.3193681" id="9973085718" visible="true" /><node changeset="1" version="1" uid="1" lon="-83.7135923" user="OSMnx" timestamp="2025-12-17T14:53:51Z" lat="42.3195501" id="9973085719" visible="true" /><node changeset="1" version="1" uid="1" lon="-83.7104395" user="OSMnx" timestamp="2025-12-17T14:53:51Z" lat="42.3148433" id="10103077102" visible="true" /><node changeset="1" version="1" uid="1" lon="-83.7085761" user="OSMnx" timestamp="2025-12-17T14:53:51Z" lat="42.3152563" id="10921237732" visible="true"><tag k="highway" v="stop" /></node><node changeset="1" version="1" uid="1" lon="-83.7090737" user="OSMnx" timestamp="2025-12-17T14:53:51Z" lat="42.3190367" id="11232830861" visible="true"><tag k="highway" v="crossing" /></node><node changeset="1" version="1" uid="1" lon="-83.7111547" user="OSMnx" timestamp="2025-12-17T14:53:51Z" lat="42.3172344" id="11232830868" visible="true"><tag k="highway" v="crossing" /></node><node changeset="1" version="1" uid="1" lon="-83.710692" user="OSMnx" timestamp="2025-12-17T14:53:51Z" lat="42.3155571" id="11423094397" visible="true" /><node changeset="1" version="1" uid="1" lon="-83.7104762" user="OSMnx" timestamp="2025-12-17T14:53:51Z" lat="42.3158241" id="11423094399" visible="true"><tag k="highway" v="crossing" /></node><node changeset="1" version="1" uid="1" lon="-83.7105688" user="OSMnx" timestamp="2025-12-17T14:53:51Z" lat="42.3158166" id="11423094400" visible="true"><tag k="highway" v="crossing" /></node><node changeset="1" version="1" uid="1" lon="-83.7115781" user="OSMnx" timestamp="2025-12-17T14:53:51Z" lat="42.3150689" id="11423094432" visible="true"><tag k="highway" v="crossing" /></node><node changeset="1" version="1" uid="1" lon="-83.7108092" user="OSMnx" timestamp="2025-12-17T14:53:51Z" lat="42.3150958" id="11423094446" visible="true"><tag k="highway" v="crossing" /></node><node changeset="1" version="1" uid="1" lon="-83.7090646" user="OSMnx" timestamp="2025-12-17T14:53:51Z" lat="42.316119" id="11423094457" visible="true" /><node changeset="1" version="1" uid="1" lon="-83.7092015" user="OSMnx" timestamp="2025-12-17T14:53:51Z" lat="42.3216569" id="11423442367" visible="true" /><node changeset="1" version="1" uid="1" lon="-83.7085394" user="OSMnx" timestamp="2025-12-17T14:53:51Z" lat="42.315018" id="11426765861" visible="true"><tag k="highway" v="crossing" /></node><node changeset="1" version="1" uid="1" lon="-83.7086176" user="OSMnx" timestamp="2025-12-17T14:53:51Z" lat="42.3149908" id="11426765863" visible="true"><tag k="highway" v="crossing" /></node><node changeset="1" version="1" uid="1" lon="-83.708611" user="OSMnx" timestamp="2025-12-17T14:53:51Z" lat="42.3150582" id="11426765864" visible="true"><tag k="highway" v="crossing" /></node><node changeset="1" version="1" uid="1" lon="-83.7086202" user="OSMnx" timestamp="2025-12-17T14:53:51Z" lat="42.3145281" id="11426765867" visible="true" /><node changeset="1" version="1" uid="1" lon="-83.7082211" user="OSMnx" timestamp="2025-12-17T14:53:51Z" lat="42.3145341" id="11426765868" visible="true" /><node changeset="1" version="1" uid="1" lon="-83.7096921" user="OSMnx" timestamp="2025-12-17T14:53:51Z" lat="42.3158879" id="11426868369" visible="true" /><node changeset="1" version="1" uid="1" lon="-83.7101248" user="OSMnx" timestamp="2025-12-17T14:53:51Z" lat="42.3160258" id="11426868370" visible="true" /><node changeset="1" version="1" uid="1" lon="-83.7107259" user="OSMnx" timestamp="2025-12-17T14:53:51Z" lat="42.3215094" id="11758909060" visible="true" /><node changeset="1" version="1" uid="1" lon="-83.7108383" user="OSMnx" timestamp="2025-12-17T14:53:51Z" lat="42.3215241" id="11758909061" visible="true" /><node changeset="1" version="1" uid="1" lon="-83.7106721" user="OSMnx" timestamp="2025-12-17T14:53:51Z" lat="42.3216319" id="11758909062" visible="true" /><node changeset="1" version="1" uid="1" lon="-83.7094869" user="OSMnx" timestamp="2025-12-17T14:53:51Z" lat="42.3201522" id="12815729147" visible="true"><tag k="highway" v="crossing" /></node><node changeset="1" version="1" uid="1" lon="-83.7085998" user="OSMnx" timestamp="2025-12-17T14:53:51Z" lat="42.3199951" id="12815729158" visible="true"><tag k="highway" v="crossing" /></node><node changeset="1" version="1" uid="1" lon="-83.7095227" user="OSMnx" timestamp="2025-12-17T14:53:51Z" lat="42.3202234" id="12815729162" visible="true"><tag k="highway" v="crossing" /></node><node changeset="1" version="1" uid="1" lon="-83.7053746" user="OSMnx" timestamp="2025-12-17T14:53:51Z" lat="42.316453" id="13239415956" visible="true"><tag k="highway" v="stop" /></node><node changeset="1" version="1" uid="1" lon="-83.703039" user="OSMnx" timestamp="2025-12-17T14:53:51Z" lat="42.3166677" id="13239583559" visible="true"><tag k="highway" v="stop" /></node><way changeset="1" user="OSMnx" timestamp="2025-12-17T14:53:51Z" version="1" uid="1" id="8722811" visible="true"><nd ref="62491630" /><nd ref="7884153030" /><nd ref="62491631" /><tag k="oneway" v="no" /><tag k="lanes" v="2" /><tag k="maxspeed" v="25 mph" /><tag k="name" v="Whitetail Run Court" /><tag k="highway" v="residential" /></way><way changeset="1" user="OSMnx" timestamp="2025-12-17T14:53:51Z" version="1" uid="1" id="8722854" visible="true"><nd ref="62492276" /><nd ref="62492278" /><nd ref="62492282" /><nd ref="62492284" /><nd ref="9440511250" /><nd ref="62492286" /><tag k="oneway" v="no" /><tag k="lanes" v="2" /><tag k="name" v="South Trinkle Road" /><tag k="highway" v="residential" /></way><way changeset="1" user="OSMnx" timestamp="2025-12-17T14:53:51Z" version="1" uid="1" id="8724211" visible="true"><nd ref="5014399552" /><nd ref="5545419417" /><nd ref="62510359" /><nd ref="62510362" /><nd ref="62510364" /><nd ref="62510366" /><nd ref="62510368" /><nd ref="62510371" /><nd ref="62510374" /><nd ref="7933014367" /><nd ref="7933014368" /><nd ref="7933014369" /><nd ref="7933014370" /><nd ref="7933014371" /><nd ref="7933014372" /><nd ref="7933014373" /><nd ref="7933014374" /><nd ref="7933014375" /><nd ref="7933014376" /><nd ref="62510374" /><tag k="oneway" v="no" /><tag k="lanes" v="2" /><tag k="name" v="Haverhill Court" /><tag k="highway" v="residential" /></way><way changeset="1" user="OSMnx" timestamp="2025-12-17T14:53:51Z" version="1" uid="1" id="8724212" visible="true"><nd ref="62510359" /><nd ref="62510378" /><tag k="oneway" v="no" /><tag k="lanes" v="2" /><tag k="name" v="Haverhill Court" /><tag k="highway" v="residential" /></way><way changeset="1" user="OSMnx" timestamp="2025-12-17T14:53:51Z" version="1" uid="1" id="8724637" visible="true"><nd ref="62515179" /><nd ref="7906738632" /><nd ref="4133300045" /><nd ref="62515182" /><tag k="oneway" v="yes" /><tag k="lanes" v="1" /><tag k="name" v="Barclay Way" /><tag k="highway" v="residential" /></way><way changeset="1" user="OSMnx" timestamp="2025-12-17T14:53:51Z" version="1" uid="1" id="8724945" visible="true"><nd ref="62518934" /><nd ref="62518935" /><nd ref="62518936" /><nd ref="7902842808" /><nd ref="62518940" /><nd ref="62518942" /><nd ref="62518944" /><nd ref="62518946" /><nd ref="62518953" /><nd ref="9470062028" /><nd ref="62518960" /><tag k="oneway" v="no" /><tag k="lanes" v="2" /><tag k="name" v="Lakehurst Lane" /><tag k="highway" v="residential" /></way><way changeset="1" user="OSMnx" timestamp="2025-12-17T14:53:51Z" version="1" uid="1" id="8724947" visible="true"><nd ref="62518967" /><nd ref="7967482722" /><nd ref="62518935" /><tag k="oneway" v="no" /><tag k="lanes" v="2" /><tag k="name" v="Lakehurst Lane" /><tag k="highway" v="residential" /></way><way changeset="1" user="OSMnx" timestamp="2025-12-17T14:53:51Z" version="1" uid="1" id="8725100" visible="true"><nd ref="62520585" /><nd ref="62520586" /><nd ref="8597627293" /><nd ref="9083184834" /><nd ref="8939306367" /><nd ref="8939306365" /><nd ref="9102459464" /><nd ref="9068895721" /><nd ref="62520589" /><nd ref="62520591" /><nd ref="62520594" /><nd ref="62520595" /><nd ref="62520596" /><nd ref="62520598" /><tag k="oneway" v="no" /><tag k="lanes" v="2" /><tag k="name" v="Windwood Drive" /><tag k="highway" v="residential" /></way><way changeset="1" user="OSMnx" timestamp="2025-12-17T14:53:51Z" version="1" uid="1" id="8725101" visible="true"><nd ref="62520617" /><nd ref="7906738629" /><nd ref="8288155159" /><nd ref="9062296558" /><nd ref="62520619" /><nd ref="9062296559" /><nd ref="62520621" /><nd ref="8288155161" /><nd ref="62520624" /><nd ref="9068820976" /><nd ref="62520626" /><nd ref="62520628" /><nd ref="2040159152" /><nd ref="62520630" /><nd ref="2040159154" /><nd ref="62520633" /><nd ref="9121464501" /><nd ref="2040159139" /><nd ref="62520636" /><nd ref="62520589" /><tag k="oneway" v="no" /><tag k="lanes" v="2" /><tag k="name" v="Windwood Drive" /><tag k="highway" v="residential" /></way><way changeset="1" user="OSMnx" timestamp="2025-12-17T14:53:51Z" version="1" uid="1" id="8725103" visible="true"><nd ref="62520640" /><nd ref="9078198012" /><nd ref="62520641" /><nd ref="62520642" /><nd ref="9078198007" /><nd ref="62520644" /><nd ref="62520645" /><nd ref="5288432591" /><nd ref="62520647" /><tag k="oneway" v="no" /><tag k="lanes" v="2" /><tag k="name" v="Windwood Drive" /><tag k="highway" v="residential" /></way><way changeset="1" user="OSMnx" timestamp="2025-12-17T14:53:51Z" version="1" uid="1" id="8725104" visible="true"><nd ref="62520619" /><nd ref="9062296561" /><nd ref="62520652" /><nd ref="62520654" /><nd ref="62520657" /><nd ref="9078197975" /><nd ref="62520659" /><nd ref="62520661" /><nd ref="62520663" /><nd ref="9078233660" /><nd ref="62520640" /><nd ref="9068895739" /><nd ref="62520585" /><nd ref="9068895738" /><nd ref="62520664" /><nd ref="62520666" /><nd ref="9078233671" /><nd ref="62520668" /><nd ref="62520670" /><nd ref="62520672" /><nd ref="9083184856" /><nd ref="62520675" /><nd ref="62520676" /><nd ref="9083184859" /><nd ref="62520586" /><tag k="oneway" v="no" /><tag k="lanes" v="2" /><tag k="name" v="Windwood Drive" /><tag k="highway" v="residential" /></way><way changeset="1" user="OSMnx" timestamp="2025-12-17T14:53:51Z" version="1" uid="1" id="8725112" visible="true"><nd ref="62520708" /><nd ref="9481444791" /><nd ref="62520712" /><nd ref="62520713" /><nd ref="9481508379" /><nd ref="62520714" /><nd ref="9481508376" /><nd ref="62520715" /><nd ref="9481508367" /><nd ref="9481508368" /><nd ref="9481508369" /><nd ref="9481508370" /><nd ref="9481508371" /><nd ref="9481508372" /><nd ref="9481508373" /><nd ref="9481508374" /><nd ref="9481508367" /><tag k="oneway" v="no" /><tag k="lanes" v="2" /><tag k="name" v="Eastbury Court" /><tag k="highway" v="residential" /></way><way changeset="1" user="OSMnx" timestamp="2025-12-17T14:53:51Z" version="1" uid="1" id="8725145" visible="true"><nd ref="62521196" /><nd ref="5545419404" /><nd ref="62521198" /><nd ref="1808343228" /><nd ref="1808343238" /><tag k="oneway" v="no" /><tag k="lanes" v="2" /><tag k="name" v="Winter Garden Court" /><tag k="highway" v="residential" /></way><way changeset="1" user="OSMnx" timestamp="2025-12-17T14:53:51Z" version="1" uid="1" id="8725728" visible="true"><nd ref="62527640" /><nd ref="9440511228" /><nd ref="62527643" /><nd ref="62527645" /><nd ref="62527647" /><nd ref="62520708" /><nd ref="62527649" /><nd ref="62527651" /><nd ref="62527654" /><nd ref="62527655" /><nd ref="62527656" /><nd ref="62492286" /><nd ref="62527657" /><nd ref="62527658" /><nd ref="62527660" /><nd ref="62527661" /><nd ref="62527663" /><nd ref="62527664" /><nd ref="62527665" /><nd ref="62527668" /><nd ref="62527670" /><nd ref="62527671" /><nd ref="62527672" /><nd ref="62527674" /><nd ref="7944781468" /><nd ref="62527675" /><tag k="oneway" v="no" /><tag k="lanes" v="2" /><tag k="name" v="Argonne Drive" /><tag k="highway" v="residential" /></way><way changeset="1" user="OSMnx" timestamp="2025-12-17T14:53:51Z" version="1" uid="1" id="8726814" visible="true"><nd ref="62520612" /><nd ref="62539891" /><nd ref="2040159144" /><nd ref="8211820299" /><nd ref="62539868" /><nd ref="9104576851" /><nd ref="62539869" /><nd ref="62539895" /><nd ref="2040159150" /><nd ref="62539896" /><nd ref="62539871" /><nd ref="5288432577" /><nd ref="9078233673" /><nd ref="62539897" /><nd ref="62539872" /><nd ref="5288432602" /><nd ref="2040159142" /><nd ref="5288432605" /><nd ref="62539873" /><nd ref="62539899" /><nd ref="2040159135" /><nd ref="9104489316" /><nd ref="62539875" /><nd ref="2040159147" /><nd ref="62539878" /><nd ref="62539880" /><nd ref="62539882" /><nd ref="62539883" /><nd ref="2040159133" /><tag k="oneway" v="no" /><tag k="lanes" v="2" /><tag k="name" v="Whisperwood Drive" /><tag k="highway" v="residential" /></way><way changeset="1" user="OSMnx" timestamp="2025-12-17T14:53:51Z" version="1" uid="1" id="8726816" visible="true"><nd ref="62520612" /><nd ref="8288155164" /><nd ref="9115584811" /><nd ref="62539904" /><nd ref="62539905" /><nd ref="62539907" /><nd ref="7069445444" /><nd ref="62539909" /><nd ref="62539911" /><nd ref="8211820301" /><nd ref="9102474877" /><nd ref="13239583559" /><nd ref="5288432582" /><nd ref="62539914" /><tag k="oneway" v="no" /><tag k="lanes" v="2" /><tag k="name" v="Whisperwood Drive" /><tag k="highway" v="residential" /></way><way changeset="1" user="OSMnx" timestamp="2025-12-17T14:53:51Z" version="1" uid="1" id="8726953" visible="true"><nd ref="62541802" /><nd ref="7944781454" /><nd ref="7008186675" /><nd ref="7008186678" /><nd ref="62541803" /><tag k="oneway" v="no" /><tag k="name" v="Westbury Court" /><tag k="highway" v="residential" /></way><way changeset="1" user="OSMnx" timestamp="2025-12-17T14:53:51Z" version="1" uid="1" id="8727204" visible="true"><nd ref="62543545" /><nd ref="62543547" /><nd ref="62543549" /><nd ref="1808343253" /><nd ref="62543551" /><tag k="oneway" v="no" /><tag k="lanes" v="2" /><tag k="name" v="Bunker Hill Road" /><tag k="highway" v="residential" /></way><way changeset="1" user="OSMnx" timestamp="2025-12-17T14:53:51Z" version="1" uid="1" id="8727494" visible="true"><nd ref="62547384" /><nd ref="2351506698" /><nd ref="62547387" /><nd ref="62547389" /><nd ref="62547391" /><nd ref="62547393" /><nd ref="62527640" /><nd ref="9440511232" /><nd ref="62547394" /><nd ref="62547395" /><nd ref="62547397" /><nd ref="62547399" /><tag k="oneway" v="no" /><tag k="lanes" v="2" /><tag k="name" v="Lexington Drive" /><tag k="highway" v="residential" /></way><way changeset="1" user="OSMnx" timestamp="2025-12-17T14:53:51Z" version="1" uid="1" id="8728273" visible="true"><nd ref="62527651" /><nd ref="9440511251" /><nd ref="62555932" /><nd ref="62555934" /><nd ref="62555936" /><nd ref="1808343237" /><nd ref="62555939" /><nd ref="62555940" /><nd ref="62555941" /><nd ref="62555942" /><nd ref="62555943" /><nd ref="62492276" /><tag k="oneway" v="no" /><tag k="lanes" v="2" /><tag k="name" v="Southwick Court" /><tag k="highway" v="residential" /></way><way changeset="1" user="OSMnx" timestamp="2025-12-17T14:53:51Z" version="1" uid="1" id="8728812" visible="true"><nd ref="62527651" /><nd ref="9481444780" /><nd ref="62562020" /><nd ref="62562021" /><nd ref="62562024" /><nd ref="62562026" /><nd ref="62562028" /><tag k="oneway" v="no" /><tag k="lanes" v="2" /><tag k="name" v="Northwick Court" /><tag k="highway" v="residential" /></way><way changeset="1" user="OSMnx" timestamp="2025-12-17T14:53:51Z" version="1" uid="1" id="8730897" visible="true"><nd ref="62520647" /><nd ref="5545419408" /><nd ref="62583272" /><nd ref="62583275" /><nd ref="62583279" /><nd ref="62583281" /><nd ref="62583283" /><nd ref="2040159141" /><nd ref="62583285" /><nd ref="62583289" /><nd ref="62583291" /><nd ref="2040159145" /><nd ref="62583292" /><nd ref="2040159137" /><nd ref="2040159132" /><nd ref="62583294" /><nd ref="62583297" /><nd ref="62583299" /><nd ref="2040159153" /><nd ref="62583302" /><nd ref="13239415956" /><nd ref="5545419407" /><nd ref="62583304" /><tag k="oneway" v="no" /><tag k="name" v="Maitland Drive" /><tag k="highway" v="residential" /></way><way changeset="1" user="OSMnx" timestamp="2025-12-17T14:53:51Z" version="1" uid="1" id="8733558" visible="true"><nd ref="9973085717" /><nd ref="9973085718" /><nd ref="62612292" /><nd ref="9973085719" /><nd ref="62612293" /><nd ref="62612295" /><nd ref="62491631" /><nd ref="9973085137" /><nd ref="9973085138" /><nd ref="62612296" /><nd ref="9973085139" /><nd ref="9973085140" /><nd ref="9973085141" /><nd ref="9973085142" /><nd ref="62612298" /><nd ref="9973085145" /><nd ref="9973085144" /><nd ref="9973085143" /><nd ref="62612299" /><nd ref="9973085148" /><nd ref="9973085149" /><nd ref="9973085147" /><nd ref="9973085146" /><nd ref="62612302" /><nd ref="7918798876" /><tag k="oneway" v="no" /><tag k="lanes" v="2" /><tag k="maxspeed" v="25 mph" /><tag k="name" v="Foxway Drive" /><tag k="highway" v="residential" /></way><way changeset="1" user="OSMnx" timestamp="2025-12-17T14:53:51Z" version="1" uid="1" id="8733574" visible="true"><nd ref="62612427" /><nd ref="62539899" /><nd ref="8821423605" /><tag k="oneway" v="no" /><tag k="lanes" v="2" /><tag k="name" v="Cedarbrook Road" /><tag k="highway" v="residential" /></way><way changeset="1" user="OSMnx" timestamp="2025-12-17T14:53:51Z" version="1" uid="1" id="8734190" visible="true"><nd ref="62619707" /><nd ref="7884153009" /><tag k="oneway" v="no" /><tag k="lanes" v="2" /><tag k="maxspeed" v="25 mph" /><tag k="name" v="Mallard Court" /><tag k="highway" v="residential" /></way><way changeset="1" user="OSMnx" timestamp="2025-12-17T14:53:51Z" version="1" uid="1" id="8734940" visible="true"><nd ref="3497528262" /><nd ref="62628307" /><nd ref="62628309" /><nd ref="62628311" /><nd ref="9470062031" /><nd ref="62518936" /><nd ref="62628313" /><nd ref="62628316" /><tag k="oneway" v="no" /><tag k="lanes" v="2" /><tag k="name" v="Placid Way" /><tag k="highway" v="residential" /></way><way changeset="1" user="OSMnx" timestamp="2025-12-17T14:53:51Z" version="1" uid="1" id="169666733" visible="true"><nd ref="1808343248" /><nd ref="1808343256" /><nd ref="1808343234" /><nd ref="1808343228" /><tag k="oneway" v="no" /><tag k="lanes" v="2" /><tag k="name" v="Winter Garden Court" /><tag k="highway" v="residential" /></way><way changeset="1" user="OSMnx" timestamp="2025-12-17T14:53:51Z" version="1" uid="1" id="169666735" visible="true"><nd ref="62520628" /><nd ref="2040159148" /><nd ref="1808343225" /><nd ref="1808343233" /><nd ref="1808343230" /><nd ref="2040159155" /><nd ref="2040159136" /><nd ref="1808343254" /><nd ref="62520598" /><tag k="oneway" v="no" /><tag k="lanes" v="2" /><tag k="name" v="Windwood Drive" /><tag k="highway" v="residential" /></way><way changeset="1" user="OSMnx" timestamp="2025-12-17T14:53:51Z" version="1" uid="1" id="169666736" visible="true"><nd ref="1808343253" /><nd ref="9440487307" /><nd ref="1808343239" /><nd ref="1808343235" /><nd ref="1808343255" /><nd ref="1808343244" /><nd ref="1808343245" /><nd ref="1808343240" /><nd ref="1808343249" /><nd ref="9440487308" /><nd ref="62543549" /><tag k="oneway" v="yes" /><tag k="lanes" v="2" /><tag k="name" v="Bunker Hill Road" /><tag k="highway" v="residential" /></way><way changeset="1" user="OSMnx" timestamp="2025-12-17T14:53:51Z" version="1" uid="1" id="222784527" visible="true"><nd ref="62585605" /><nd ref="62527675" /><nd ref="62585610" /><nd ref="62585612" /><nd ref="7933193022" /><nd ref="62585614" /><nd ref="62585615" /><nd ref="62585617" /><nd ref="62541802" /><nd ref="5014399552" /><tag k="oneway" v="no" /><tag k="lanes" v="2" /><tag k="maxspeed" v="30 mph" /><tag k="name" v="Nixon Road" /><tag k="highway" v="secondary" /></way><way changeset="1" user="OSMnx" timestamp="2025-12-17T14:53:51Z" version="1" uid="1" id="342800805" visible="true"><nd ref="62541796" /><nd ref="62541790" /><nd ref="62541798" /><nd ref="62510362" /><tag k="oneway" v="no" /><tag k="lanes" v="2" /><tag k="name" v="Westbury Court" /><tag k="highway" v="residential" /></way><way changeset="1" user="OSMnx" timestamp="2025-12-17T14:53:51Z" version="1" uid="1" id="342800806" visible="true"><nd ref="5014376165" /><nd ref="62541793" /><nd ref="62541825" /><nd ref="62541827" /><nd ref="62541803" /><tag k="oneway" v="no" /><tag k="lanes" v="2" /><tag k="name" v="Westbury Court" /><tag k="highway" v="residential" /></way><way changeset="1" user="OSMnx" timestamp="2025-12-17T14:53:51Z" version="1" uid="1" id="359430242" visible="true"><nd ref="3641548903" /><nd ref="8905786479" /><nd ref="7205964118" /><nd ref="3641548901" /><nd ref="3641548900" /><nd ref="3641548898" /><nd ref="3641548899" /><tag k="oneway" v="no" /><tag k="lanes" v="2" /><tag k="name" v="Barclay Way" /><tag k="highway" v="residential" /></way><way changeset="1" user="OSMnx" timestamp="2025-12-17T14:53:51Z" version="1" uid="1" id="440954783" visible="true"><nd ref="3641548903" /><nd ref="8910669962" /><nd ref="62515227" /><nd ref="62515230" /><nd ref="62515232" /><nd ref="4819126004" /><nd ref="62515235" /><tag k="oneway" v="no" /><tag k="lanes" v="2" /><tag k="name" v="Barclay Way" /><tag k="highway" v="residential" /></way><way changeset="1" user="OSMnx" timestamp="2025-12-17T14:53:51Z" version="1" uid="1" id="440954784" visible="true"><nd ref="62515182" /><nd ref="62515184" /><nd ref="62515187" /><nd ref="4133300040" /><nd ref="62515188" /><nd ref="62515189" /><nd ref="62515190" /><nd ref="4133300044" /><nd ref="62515192" /><nd ref="62515196" /><nd ref="4133300042" /><nd ref="62515197" /><nd ref="62515198" /><nd ref="62515199" /><nd ref="8910724178" /><nd ref="62515203" /><nd ref="4133300043" /><nd ref="62515205" /><nd ref="62515206" /><nd ref="4819126007" /><nd ref="4819126006" /><nd ref="62515207" /><nd ref="62515210" /><nd ref="4819126005" /><nd ref="62515213" /><nd ref="62515215" /><nd ref="4133300039" /><tag k="oneway" v="no" /><tag k="lanes" v="2" /><tag k="name" v="Barclay Way" /><tag k="highway" v="residential" /></way><way changeset="1" user="OSMnx" timestamp="2025-12-17T14:53:51Z" version="1" uid="1" id="440954785" visible="true"><nd ref="62515182" /><nd ref="4133300046" /><nd ref="7906738633" /><nd ref="62515179" /><tag k="oneway" v="yes" /><tag k="lanes" v="1" /><tag k="name" v="Barclay Way" /><tag k="highway" v="residential" /></way><way changeset="1" user="OSMnx" timestamp="2025-12-17T14:53:51Z" version="1" uid="1" id="440954786" visible="true"><nd ref="3641548903" /><nd ref="4387237259" /><nd ref="4387237258" /><nd ref="4387237257" /><nd ref="4387237260" /><nd ref="4387237262" /><nd ref="4133300039" /><tag k="oneway" v="yes" /><tag k="lanes" v="1" /><tag k="name" v="Barclay Way" /><tag k="highway" v="residential" /></way><way changeset="1" user="OSMnx" timestamp="2025-12-17T14:53:51Z" version="1" uid="1" id="440954787" visible="true"><nd ref="4133300039" /><nd ref="62515217" /><nd ref="62515220" /><nd ref="4387237256" /><nd ref="62515222" /><nd ref="62515223" /><nd ref="62515226" /><nd ref="3641548903" /><tag k="oneway" v="yes" /><tag k="lanes" v="1" /><tag k="name" v="Barclay Way" /><tag k="highway" v="residential" /></way><way changeset="1" user="OSMnx" timestamp="2025-12-17T14:53:51Z" version="1" uid="1" id="440954789" visible="true"><nd ref="62489833" /><nd ref="8204242323" /><nd ref="62570513" /><nd ref="11232830868" /><nd ref="5014399523" /><nd ref="62570516" /><tag k="oneway" v="no" /><tag k="lanes" v="2" /><tag k="maxspeed" v="35 mph" /><tag k="name" v="Dhu Varren Road" /><tag k="highway" v="secondary" /></way><way changeset="1" user="OSMnx" timestamp="2025-12-17T14:53:51Z" version="1" uid="1" id="440954792" visible="true"><nd ref="4144860168" /><nd ref="62539897" /><nd ref="62539914" /><nd ref="62606262" /><nd ref="62521196" /><nd ref="62606264" /><nd ref="62606266" /><nd ref="62583304" /><nd ref="62520647" /><tag k="oneway" v="no" /><tag k="lanes" v="3" /><tag k="maxspeed" v="35 mph" /><tag k="name" v="Green Road" /><tag k="highway" v="tertiary" /></way><way changeset="1" user="OSMnx" timestamp="2025-12-17T14:53:51Z" version="1" uid="1" id="440954800" visible="true"><nd ref="62585626" /><nd ref="7906914644" /><nd ref="62520617" /><nd ref="9555066242" /><tag k="oneway" v="no" /><tag k="lanes" v="2" /><tag k="maxspeed" v="35 mph" /><tag k="name" v="Nixon Road" /><tag k="highway" v="secondary" /></way><way changeset="1" user="OSMnx" timestamp="2025-12-17T14:53:51Z" version="1" uid="1" id="512575033" visible="true"><nd ref="5014399552" /><nd ref="62585620" /><nd ref="62585622" /><nd ref="5237009903" /><tag k="oneway" v="no" /><tag k="lanes" v="2" /><tag k="maxspeed" v="30 mph" /><tag k="name" v="Nixon Road" /><tag k="highway" v="secondary" /></way><way changeset="1" user="OSMnx" timestamp="2025-12-17T14:53:51Z" version="1" uid="1" id="512575039" visible="true"><nd ref="62520647" /><nd ref="62606267" /><tag k="oneway" v="no" /><tag k="lanes" v="3" /><tag k="maxspeed" v="35 mph" /><tag k="name" v="Green Road" /><tag k="highway" v="tertiary" /></way><way changeset="1" user="OSMnx" timestamp="2025-12-17T14:53:51Z" version="1" uid="1" id="512575046" visible="true"><nd ref="62515179" /><nd ref="62585631" /><tag k="oneway" v="no" /><tag k="lanes" v="2" /><tag k="maxspeed" v="35 mph" /><tag k="name" v="Nixon Road" /><tag k="highway" v="secondary" /></way><way changeset="1" user="OSMnx" timestamp="2025-12-17T14:53:51Z" version="1" uid="1" id="512575051" visible="true"><nd ref="4387237248" /><nd ref="7967444627" /><nd ref="62489833" /><tag k="oneway" v="no" /><tag k="lanes" v="2" /><tag k="maxspeed" v="35 mph" /><tag k="name" v="Dhu Varren Road" /><tag k="highway" v="secondary" /></way><way changeset="1" user="OSMnx" timestamp="2025-12-17T14:53:51Z" version="1" uid="1" id="512866815" visible="true"><nd ref="5014397075" /><nd ref="12815729147" /><nd ref="5014397079" /><nd ref="5014397078" /><nd ref="5014397077" /><nd ref="12815729158" /><nd ref="8812512075" /><tag k="oneway" v="no" /><tag k="name" v="Hayster Drive" /><tag k="highway" v="residential" /></way><way changeset="1" user="OSMnx" timestamp="2025-12-17T14:53:51Z" version="1" uid="1" id="512866817" visible="true"><nd ref="11758909062" /><nd ref="11758909060" /><nd ref="7891271005" /><tag k="oneway" v="no" /><tag k="name" v="Sunton Road" /><tag k="highway" v="residential" /></way><way changeset="1" user="OSMnx" timestamp="2025-12-17T14:53:51Z" version="1" uid="1" id="512866820" visible="true"><nd ref="5014399524" /><nd ref="7509672220" /><nd ref="8837121888" /><nd ref="5014399559" /><tag k="oneway" v="no" /><tag k="name" v="Ashcombe Drive" /><tag k="highway" v="residential" /></way><way changeset="1" user="OSMnx" timestamp="2025-12-17T14:53:51Z" version="1" uid="1" id="512866821" visible="true"><nd ref="5014399531" /><nd ref="5035840598" /><tag k="oneway" v="no" /><tag k="name" v="Hardwick Road" /><tag k="highway" v="residential" /></way><way changeset="1" user="OSMnx" timestamp="2025-12-17T14:53:51Z" version="1" uid="1" id="512866822" visible="true"><nd ref="8843484173" /><nd ref="5014399534" /><nd ref="11426765861" /><nd ref="5014399533" /><nd ref="8848254234" /><nd ref="8843484143" /><nd ref="8848211888" /><nd ref="5014399532" /><nd ref="11423094397" /><nd ref="5014399546" /><tag k="oneway" v="no" /><tag k="name" v="Aughton Road" /><tag k="highway" v="residential" /></way><way changeset="1" user="OSMnx" timestamp="2025-12-17T14:53:51Z" version="1" uid="1" id="512866823" visible="true"><nd ref="5014399536" /><nd ref="11426765867" /><nd ref="11426765863" /><nd ref="5014399533" /><nd ref="11426765864" /><nd ref="10921237732" /><nd ref="8848284914" /><nd ref="5014399535" /><tag k="oneway" v="no" /><tag k="name" v="Brackley Drive" /><tag k="highway" v="residential" /></way><way changeset="1" user="OSMnx" timestamp="2025-12-17T14:53:51Z" version="1" uid="1" id="512866824" visible="true"><nd ref="5014399538" /><nd ref="5014399537" /><nd ref="8848308917" /><tag k="oneway" v="no" /><tag k="name" v="Rayfield Avenue" /><tag k="highway" v="residential" /></way><way changeset="1" user="OSMnx" timestamp="2025-12-17T14:53:51Z" version="1" uid="1" id="512866825" visible="true"><nd ref="5014399551" /><nd ref="5014399531" /><nd ref="5014399550" /><nd ref="8843484128" /><nd ref="8843484124" /><nd ref="5014399549" /><nd ref="8843435108" /><nd ref="11426868369" /><nd ref="11426868370" /><nd ref="5014399548" /><nd ref="5014399547" /><nd ref="8843435096" /><nd ref="5014399556" /><tag k="oneway" v="no" /><tag k="name" v="Purley Avenue" /><tag k="highway" v="residential" /></way><way changeset="1" user="OSMnx" timestamp="2025-12-17T14:53:51Z" version="1" uid="1" id="512866826" visible="true"><nd ref="5014399523" /><nd ref="7906712645" /><nd ref="7906712646" /><nd ref="8837121887" /><nd ref="5014399559" /><nd ref="8837121889" /><nd ref="5014399558" /><nd ref="5035840599" /><nd ref="7509672222" /><nd ref="5014399557" /><nd ref="8837121906" /><nd ref="5014399556" /><nd ref="11423094399" /><nd ref="8843435113" /><nd ref="5014399555" /><nd ref="8843484136" /><nd ref="5014399554" /><nd ref="5014399535" /><nd ref="5014399553" /><nd ref="7944781427" /><nd ref="5014399552" /><tag k="oneway" v="no" /><tag k="name" v="South Spurway Drive" /><tag k="highway" v="residential" /></way><way changeset="1" user="OSMnx" timestamp="2025-12-17T14:53:51Z" version="1" uid="1" id="515705930" visible="true"><nd ref="5014399559" /><nd ref="8837121890" /><nd ref="5014399525" /><tag k="oneway" v="no" /><tag k="name" v="Ashcombe Drive" /><tag k="highway" v="residential" /></way><way changeset="1" user="OSMnx" timestamp="2025-12-17T14:53:51Z" version="1" uid="1" id="515707048" visible="true"><nd ref="5014399556" /><nd ref="11423094400" /><nd ref="8843484171" /><nd ref="5014399546" /><nd ref="5014399545" /><nd ref="5014399544" /><nd ref="8843484172" /><nd ref="5014399543" /><nd ref="5014399542" /><nd ref="10103077102" /><nd ref="8843435115" /><nd ref="5014399541" /><nd ref="8843435114" /><nd ref="5014399540" /><nd ref="5014399536" /><nd ref="5014399539" /><nd ref="5014399538" /><tag k="oneway" v="no" /><tag k="name" v="Corston Road" /><tag k="highway" v="residential" /></way><way changeset="1" user="OSMnx" timestamp="2025-12-17T14:53:51Z" version="1" uid="1" id="515707049" visible="true"><nd ref="5035840598" /><nd ref="8843435112" /><nd ref="5014399529" /><nd ref="5014399528" /><nd ref="8843435111" /><nd ref="5014399527" /><nd ref="8843435110" /><nd ref="5014399526" /><nd ref="11423094457" /><nd ref="8843435109" /><nd ref="8843484133" /><nd ref="5014399549" /><tag k="oneway" v="no" /><tag k="name" v="Ridington Road" /><tag k="highway" v="residential" /></way><way changeset="1" user="OSMnx" timestamp="2025-12-17T14:53:51Z" version="1" uid="1" id="541602027" visible="true"><nd ref="5014399549" /><nd ref="8843484117" /><nd ref="5014399554" /><tag k="oneway" v="no" /><tag k="name" v="Ridington Road" /><tag k="highway" v="residential" /></way><way changeset="1" user="OSMnx" timestamp="2025-12-17T14:53:51Z" version="1" uid="1" id="541602028" visible="true"><nd ref="5014399538" /><nd ref="11426765868" /><nd ref="5014399534" /><tag k="oneway" v="no" /><tag k="name" v="Rayfield Avenue" /><tag k="highway" v="residential" /></way><way changeset="1" user="OSMnx" timestamp="2025-12-17T14:53:51Z" version="1" uid="1" id="541603614" visible="true"><nd ref="5237009914" /><nd ref="5237009907" /><nd ref="7906914661" /><nd ref="5237009908" /><nd ref="5237009909" /><tag k="oneway" v="no" /><tag k="junction" v="roundabout" /><tag k="highway" v="secondary" /></way><way changeset="1" user="OSMnx" timestamp="2025-12-17T14:53:51Z" version="1" uid="1" id="541603618" visible="true"><nd ref="7944835690" /><nd ref="7906914643" /><nd ref="7906712640" /><nd ref="7906914663" /><nd ref="5237010128" /><nd ref="5237009909" /><tag k="oneway" v="yes" /><tag k="name" v="Nixon Road" /><tag k="highway" v="secondary" /></way><way changeset="1" user="OSMnx" timestamp="2025-12-17T14:53:51Z" version="1" uid="1" id="541603620" visible="true"><nd ref="7944813969" /><nd ref="62570518" /><tag k="oneway" v="yes" /><tag k="name" v="Dhu Varren Road" /><tag k="highway" v="secondary" /></way><way changeset="1" user="OSMnx" timestamp="2025-12-17T14:53:51Z" version="1" uid="1" id="541603623" visible="true"><nd ref="62570518" /><nd ref="7906914637" /><nd ref="7906914639" /><nd ref="7906914666" /><nd ref="7906914638" /><nd ref="7944813967" /><tag k="oneway" v="yes" /><tag k="name" v="Dhu Varren Road" /><tag k="highway" v="secondary" /></way><way changeset="1" user="OSMnx" timestamp="2025-12-17T14:53:51Z" version="1" uid="1" id="541603625" visible="true"><nd ref="7944781445" /><nd ref="7906914655" /><nd ref="7906914656" /><nd ref="7906914657" /><nd ref="7906914658" /><nd ref="7884408035" /><nd ref="7906712636" /><nd ref="5237010123" /><nd ref="7906914659" /><nd ref="5237009904" /><tag k="oneway" v="yes" /><tag k="name" v="Nixon Road" /><tag k="highway" v="secondary" /></way><way changeset="1" user="OSMnx" timestamp="2025-12-17T14:53:51Z" version="1" uid="1" id="541603627" visible="true"><nd ref="7884408036" /><nd ref="7906914652" /><nd ref="7906914653" /><nd ref="7906914650" /><nd ref="7906914654" /><nd ref="5237009903" /><tag k="oneway" v="yes" /><tag k="name" v="Nixon Road" /><tag k="highway" v="secondary" /></way><way changeset="1" user="OSMnx" timestamp="2025-12-17T14:53:51Z" version="1" uid="1" id="541603629" visible="true"><nd ref="5237009905" /><nd ref="5545419413" /><nd ref="5237010125" /><nd ref="7906712634" /><nd ref="7906914646" /><nd ref="62606267" /><tag k="oneway" v="yes" /><tag k="name" v="Green Road" /><tag k="highway" v="tertiary" /></way><way changeset="1" user="OSMnx" timestamp="2025-12-17T14:53:51Z" version="1" uid="1" id="541603631" visible="true"><nd ref="7944835686" /><nd ref="7906914645" /><nd ref="7906712633" /><nd ref="5237010126" /><nd ref="5545419414" /><nd ref="5237009912" /><tag k="oneway" v="yes" /><tag k="name" v="Green Road" /><tag k="highway" v="tertiary" /></way><way changeset="1" user="OSMnx" timestamp="2025-12-17T14:53:51Z" version="1" uid="1" id="541603633" visible="true"><nd ref="5237009914" /><nd ref="5237010127" /><nd ref="7906712639" /><nd ref="7906914641" /><nd ref="7906914642" /><nd ref="7944835688" /><tag k="oneway" v="yes" /><tag k="name" v="Nixon Road" /><tag k="highway" v="secondary" /></way><way changeset="1" user="OSMnx" timestamp="2025-12-17T14:53:51Z" version="1" uid="1" id="682103162" visible="true"><nd ref="62570516" /><nd ref="62570518" /><tag k="oneway" v="no" /><tag k="lanes" v="2" /><tag k="maxspeed" v="35 mph" /><tag k="name" v="Dhu Varren Road" /><tag k="highway" v="secondary" /></way><way changeset="1" user="OSMnx" timestamp="2025-12-17T14:53:51Z" version="1" uid="1" id="802812049" visible="true"><nd ref="7509672220" /><nd ref="8848211891" /><nd ref="7509672221" /><tag k="oneway" v="no" /><tag k="name" v="Rathmore Lane" /><tag k="highway" v="residential" /></way><way changeset="1" user="OSMnx" timestamp="2025-12-17T14:53:51Z" version="1" uid="1" id="802812050" visible="true"><nd ref="7509672223" /><nd ref="7509672224" /><nd ref="7509672225" /><nd ref="7509672226" /><nd ref="7509672227" /><nd ref="7509672228" /><nd ref="7509672229" /><nd ref="8837121899" /><nd ref="7509672222" /><tag k="oneway" v="no" /><tag k="name" v="Colley Lane" /><tag k="highway" v="residential" /></way><way changeset="1" user="OSMnx" timestamp="2025-12-17T14:53:51Z" version="1" uid="1" id="816779057" visible="true"><nd ref="8812512075" /><nd ref="7906712656" /><nd ref="62515179" /><tag k="oneway" v="no" /><tag k="name" v="Hayster Drive" /><tag k="highway" v="residential" /></way><way changeset="1" user="OSMnx" timestamp="2025-12-17T14:53:51Z" version="1" uid="1" id="915909046" visible="true"><nd ref="11423442367" /><nd ref="7956601417" /><nd ref="5014397113" /><nd ref="5014397114" /><nd ref="12815729162" /><nd ref="5014397075" /><nd ref="5014397115" /><nd ref="7956601416" /><nd ref="5014397116" /><nd ref="5014397080" /><nd ref="7956601415" /><nd ref="5014397117" /><nd ref="7956601414" /><nd ref="5014397118" /><nd ref="7956601413" /><nd ref="5014397119" /><nd ref="7956601412" /><nd ref="5014397120" /><nd ref="5014399521" /><nd ref="5014399522" /><nd ref="7956601411" /><nd ref="7883988724" /><nd ref="5014399523" /><tag k="oneway" v="no" /><tag k="name" v="North Spurway Drive" /><tag k="highway" v="residential" /></way><way changeset="1" user="OSMnx" timestamp="2025-12-17T14:53:51Z" version="1" uid="1" id="915917653" visible="true"><nd ref="5014397091" /><nd ref="7906712660" /><nd ref="5014397090" /><nd ref="7956601419" /><nd ref="5014397089" /><nd ref="7956601420" /><nd ref="5014397088" /><nd ref="8322145221" /><nd ref="8812512075" /><tag k="oneway" v="no" /><tag k="name" v="Millbury Lane" /><tag k="highway" v="residential" /></way><way changeset="1" user="OSMnx" timestamp="2025-12-17T14:53:51Z" version="1" uid="1" id="916017922" visible="true"><nd ref="8812512075" /><nd ref="8828480970" /><nd ref="5014397087" /><nd ref="7956601421" /><nd ref="5014397086" /><nd ref="8826394423" /><nd ref="5014397085" /><nd ref="8826394424" /><nd ref="5014397084" /><nd ref="8826394425" /><nd ref="8826394426" /><nd ref="8826394427" /><nd ref="8826394428" /><nd ref="8826394429" /><nd ref="11232830861" /><nd ref="8826394430" /><nd ref="7628490046" /><nd ref="5014397083" /><nd ref="5014397082" /><nd ref="5014397081" /><nd ref="8826394431" /><nd ref="7956601422" /><nd ref="7956601423" /><nd ref="7956601441" /><nd ref="5014397080" /><tag k="oneway" v="no" /><tag k="name" v="Brackley Drive" /><tag k="highway" v="residential" /></way><way changeset="1" user="OSMnx" timestamp="2025-12-17T14:53:51Z" version="1" uid="1" id="956046505" visible="true"><nd ref="8848284915" /><nd ref="8848308917" /><nd ref="8848284916" /><tag k="oneway" v="no" /><tag k="name" v="Rayfield Avenue" /><tag k="highway" v="residential" /></way><way changeset="1" user="OSMnx" timestamp="2025-12-17T14:53:51Z" version="1" uid="1" id="956046506" visible="true"><nd ref="8848308918" /><nd ref="8848308920" /><nd ref="8848308919" /><tag k="oneway" v="no" /><tag k="name" v="Stoke way" /><tag k="highway" v="residential" /></way><way changeset="1" user="OSMnx" timestamp="2025-12-17T14:53:51Z" version="1" uid="1" id="956046507" visible="true"><nd ref="8848308920" /><nd ref="11423094432" /><nd ref="8848308921" /><nd ref="8848308922" /><nd ref="8848308923" /><nd ref="11423094446" /><nd ref="8843484172" /><tag k="oneway" v="no" /><tag k="name" v="Stoke way" /><tag k="highway" v="residential" /></way><way changeset="1" user="OSMnx" timestamp="2025-12-17T14:53:51Z" version="1" uid="1" id="1007490218" visible="true"><nd ref="5237009920" /><nd ref="5237010121" /><nd ref="7906914660" /><nd ref="5237010122" /><nd ref="5237009904" /><tag k="oneway" v="no" /><tag k="junction" v="roundabout" /><tag k="highway" v="secondary" /></way><way changeset="1" user="OSMnx" timestamp="2025-12-17T14:53:51Z" version="1" uid="1" id="1007490219" visible="true"><nd ref="5237009904" /><nd ref="5237009905" /><tag k="oneway" v="no" /><tag k="junction" v="roundabout" /><tag k="highway" v="tertiary" /></way><way changeset="1" user="OSMnx" timestamp="2025-12-17T14:53:51Z" version="1" uid="1" id="1007490220" visible="true"><nd ref="5237009905" /><nd ref="7906914648" /><nd ref="5237009906" /><nd ref="5237009911" /><nd ref="5237009912" /><tag k="oneway" v="no" /><tag k="junction" v="roundabout" /><tag k="highway" v="secondary" /></way><way changeset="1" user="OSMnx" timestamp="2025-12-17T14:53:51Z" version="1" uid="1" id="1007490221" visible="true"><nd ref="5237009912" /><nd ref="5237009913" /><nd ref="5237009914" /><tag k="oneway" v="no" /><tag k="junction" v="roundabout" /><tag k="highway" v="secondary" /></way><way changeset="1" user="OSMnx" timestamp="2025-12-17T14:53:51Z" version="1" uid="1" id="1007490222" visible="true"><nd ref="5237009909" /><nd ref="5237009910" /><tag k="oneway" v="no" /><tag k="junction" v="roundabout" /><tag k="highway" v="tertiary" /></way><way changeset="1" user="OSMnx" timestamp="2025-12-17T14:53:51Z" version="1" uid="1" id="1007490223" visible="true"><nd ref="5237009910" /><nd ref="5237009915" /><nd ref="5237009916" /><nd ref="7906914647" /><nd ref="5237009917" /><tag k="oneway" v="no" /><tag k="junction" v="roundabout" /><tag k="highway" v="secondary" /></way><way changeset="1" user="OSMnx" timestamp="2025-12-17T14:53:51Z" version="1" uid="1" id="1007490224" visible="true"><nd ref="5237009917" /><nd ref="5237009918" /><nd ref="5237009919" /><nd ref="5237009920" /><tag k="oneway" v="no" /><tag k="junction" v="roundabout" /><tag k="highway" v="secondary" /></way><way changeset="1" user="OSMnx" timestamp="2025-12-17T14:53:51Z" version="1" uid="1" id="1028430985" visible="true"><nd ref="9481508370" /><nd ref="9481508375" /><tag k="oneway" v="no" /><tag k="highway" v="residential" /></way><way changeset="1" user="OSMnx" timestamp="2025-12-17T14:53:51Z" version="1" uid="1" id="1028430986" visible="true"><nd ref="9481508376" /><nd ref="9481508377" /><nd ref="9481508378" /><nd ref="9481508379" /><tag k="oneway" v="no" /><tag k="highway" v="residential" /></way><way changeset="1" user="OSMnx" timestamp="2025-12-17T14:53:51Z" version="1" uid="1" id="1036610905" visible="true"><nd ref="7944835688" /><nd ref="62585626" /><tag k="oneway" v="yes" /><tag k="name" v="Nixon Road" /><tag k="highway" v="secondary" /></way><way changeset="1" user="OSMnx" timestamp="2025-12-17T14:53:51Z" version="1" uid="1" id="1037233219" visible="true"><nd ref="9555066242" /><nd ref="62585629" /><nd ref="62515179" /><tag k="oneway" v="no" /><tag k="lanes" v="2" /><tag k="maxspeed" v="35 mph" /><tag k="name" v="Nixon Road" /><tag k="highway" v="secondary" /></way><way changeset="1" user="OSMnx" timestamp="2025-12-17T14:53:51Z" version="1" uid="1" id="1037348355" visible="true"><nd ref="62520598" /><nd ref="62520601" /><nd ref="9102459443" /><nd ref="62520603" /><nd ref="62520605" /><nd ref="62520609" /><nd ref="62520611" /><nd ref="9102474883" /><nd ref="62520612" /><tag k="oneway" v="no" /><tag k="lanes" v="2" /><tag k="name" v="Windwood Drive" /><tag k="highway" v="residential" /></way><way changeset="1" user="OSMnx" timestamp="2025-12-17T14:53:51Z" version="1" uid="1" id="1039440721" visible="true"><nd ref="5237009920" /><nd ref="7906914651" /><nd ref="7906712637" /><nd ref="5237010124" /><nd ref="7884408036" /><tag k="oneway" v="yes" /><tag k="name" v="Nixon Road" /><tag k="highway" v="secondary" /></way><way changeset="1" user="OSMnx" timestamp="2025-12-17T14:53:51Z" version="1" uid="1" id="1162288689" visible="true"><nd ref="5237009903" /><nd ref="7906914649" /><nd ref="7944781445" /><tag k="oneway" v="yes" /><tag k="name" v="Nixon Road" /><tag k="highway" v="secondary" /></way><way changeset="1" user="OSMnx" timestamp="2025-12-17T14:53:51Z" version="1" uid="1" id="1162289086" visible="true"><nd ref="62585626" /><nd ref="7944835690" /><tag k="oneway" v="yes" /><tag k="name" v="Nixon Road" /><tag k="highway" v="secondary" /></way><way changeset="1" user="OSMnx" timestamp="2025-12-17T14:53:51Z" version="1" uid="1" id="1162289087" visible="true"><nd ref="5237009910" /><nd ref="7906914662" /><nd ref="5237010129" /><nd ref="7906914640" /><nd ref="7944813969" /><tag k="oneway" v="yes" /><tag k="name" v="Dhu Varren Road" /><tag k="highway" v="secondary" /></way><way changeset="1" user="OSMnx" timestamp="2025-12-17T14:53:51Z" version="1" uid="1" id="1162289088" visible="true"><nd ref="7944813967" /><nd ref="7906914665" /><nd ref="5237010130" /><nd ref="7906914664" /><nd ref="5237009917" /><tag k="oneway" v="yes" /><tag k="name" v="Dhu Varren Road" /><tag k="highway" v="secondary" /></way><way changeset="1" user="OSMnx" timestamp="2025-12-17T14:53:51Z" version="1" uid="1" id="1162289089" visible="true"><nd ref="62606267" /><nd ref="7944835686" /><tag k="oneway" v="yes" /><tag k="name" v="Green Road" /><tag k="highway" v="tertiary" /></way><way changeset="1" user="OSMnx" timestamp="2025-12-17T14:53:51Z" version="1" uid="1" id="1265879066" visible="true"><nd ref="11758909060" /><nd ref="11758909061" /><tag k="oneway" v="no" /><tag k="highway" v="residential" /></way></osm>