<?xml version='1.0' encoding='utf-8'?>
<osm attribution="https://www.openstreetmap.org/copyright" copyright="OpenStreetMap and contributors" generator="OSMnx 2.0.7" license="https://opendatacommons.org/licenses/odbl/1-0/" version="0.6"><bounds minlon="-83.7141434" minlat="42.311812" maxlon="-83.7008912" maxlat="42.3216569" /><node lon="-83.7133194" user="OSMnx" visible="true" id="62489833" lat="42.3171804" changeset="1" timestamp="2025-12-17T13:47:40Z" version="1" uid="1" /><node lon="-83.7141434" user="OSMnx" visible="true" id="62491630" lat="42.3200402" changeset="1" timestamp="2025-12-17T13:47:40Z" version="1" uid="1"><tag k="highway" v="turning_circle" /></node><node lon="-83.7134125" user="OSMnx" visible="true" id="62491631" lat="42.319972" changeset="1" timestamp="2025-12-17T13:47:40Z" version="1" uid="1" /><node lon="-83.704994" user="OSMnx" visible="true" id="62492276" lat="42.313131" changeset="1" timestamp="2025-12-17T13:47:40Z" version="1" uid="1" /><node lon="-83.705026" user="OSMnx" visible="true" id="62492278" lat="42.313145" changeset="1" timestamp="2025-12-17T13:47:40Z" version="1" uid="1" /><node lon="-83.705047" user="OSMnx" visible="true" id="62492282" lat="42.313179" changeset="1" timestamp="2025-12-17T13:47:40Z" version="1" uid="1" /><node lon="-83.705057" user="OSMnx" visible="true" id="62492284" lat="42.313399" changeset="1" timestamp="2025-12-17T13:47:40Z" version="1" uid="1" /><node lon="-83.705055" user="OSMnx" visible="true" id="62492286" lat="42.313567" changeset="1" timestamp="2025-12-17T13:47:40Z" version="1" uid="1" /><node lon="-83.706951" user="OSMnx" visible="true" id="62510359" lat="42.315361" changeset="1" timestamp="2025-12-17T13:47:40Z" version="1" uid="1" /><node lon="-83.7059701" user="OSMnx" visible="true" id="62510362" lat="42.315401" changeset="1" timestamp="2025-12-17T13:47:40Z" version="1" uid="1" /><node lon="-83.7048566" user="OSMnx" visible="true" id="62510364" lat="42.3154073" changeset="1" timestamp="2025-12-17T13:47:40Z" version="1" uid="1" /><node lon="-83.7047053" user="OSMnx" visible="true" id="62510366" lat="42.3153906" changeset="1" timestamp="2025-12-17T13:47:40Z" version="1" uid="1" /><node lon="-83.7046916" user="OSMnx" visible="true" id="62510368" lat="42.3153571" changeset="1" timestamp="2025-12-17T13:47:40Z" version="1" uid="1" /><node lon="-83.7046847" user="OSMnx" visible="true" id="62510371" lat="42.3152706" changeset="1" timestamp="2025-12-17T13:47:40Z" version="1" uid="1" /><node lon="-83.7046769" user="OSMnx" visible="true" id="62510374" lat="42.3151015" changeset="1" timestamp="2025-12-17T13:47:40Z" version="1" uid="1" /><node lon="-83.706918" user="OSMnx" visible="true" id="62510378" lat="42.314784" changeset="1" timestamp="2025-12-17T13:47:40Z" version="1" uid="1" /><node lon="-83.7077697" user="OSMnx" visible="true" id="62515179" lat="42.3199941" changeset="1" timestamp="2025-12-17T13:47:40Z" version="1" uid="1" /><node lon="-83.7065328" user="OSMnx" visible="true" id="62515182" lat="42.3199995" changeset="1" timestamp="2025-12-17T13:47:40Z" version="1" uid="1" /><node lon="-83.7064484" user="OSMnx" visible="true" id="62515184" lat="42.3199855" changeset="1" timestamp="2025-12-17T13:47:40Z" version="1" uid="1" /><node lon="-83.7063112" user="OSMnx" visible="true" id="62515187" lat="42.3199604" changeset="1" timestamp="2025-12-17T13:47:40Z" version="1" uid="1" /><node lon="-83.7060998" user="OSMnx" visible="true" id="62515188" lat="42.3199529" changeset="1" timestamp="2025-12-17T13:47:40Z" version="1" uid="1" /><node lon="-83.705922" user="OSMnx" visible="true" id="62515189" lat="42.319969" changeset="1" timestamp="2025-12-17T13:47:40Z" version="1" uid="1" /><node lon="-83.705718" user="OSMnx" visible="true" id="62515190" lat="42.319985" changeset="1" timestamp="2025-12-17T13:47:40Z" version="1" uid="1" /><node lon="-83.705194" user="OSMnx" visible="true" id="62515192" lat="42.320013" changeset="1" timestamp="2025-12-17T13:47:40Z" version="1" uid="1" /><node lon="-83.704857" user="OSMnx" visible="true" id="62515196" lat="42.320003" changeset="1" timestamp="2025-12-17T13:47:40Z" version="1" uid="1" /><node lon="-83.704542" user="OSMnx" visible="true" id="62515197" lat="42.319976" changeset="1" timestamp="2025-12-17T13:47:40Z" version="1" uid="1" /><node lon="-83.704371" user="OSMnx" visible="true" id="62515198" lat="42.319956" changeset="1" timestamp="2025-12-17T13:47:40Z" version="1" uid="1" /><node lon="-83.704222" user="OSMnx" visible="true" id="62515199" lat="42.319953" changeset="1" timestamp="2025-12-17T13:47:40Z" version="1" uid="1" /><node lon="-83.704068" user="OSMnx" visible="true" id="62515203" lat="42.31996" changeset="1" timestamp="2025-12-17T13:47:40Z" version="1" uid="1" /><node lon="-83.7037289" user="OSMnx" visible="true" id="62515205" lat="42.3200199" changeset="1" timestamp="2025-12-17T13:47:40Z" version="1" uid="1" /><node lon="-83.7035278" user="OSMnx" visible="true" id="62515206" lat="42.3200397" changeset="1" timestamp="2025-12-17T13:47:40Z" version="1" uid="1" /><node lon="-83.7032113" user="OSMnx" visible="true" id="62515207" lat="42.3200576" changeset="1" timestamp="2025-12-17T13:47:40Z" version="1" uid="1" /><node lon="-83.7031241" user="OSMnx" visible="true" id="62515210" lat="42.3200467" changeset="1" timestamp="2025-12-17T13:47:40Z" version="1" uid="1" /><node lon="-83.7029886" user="OSMnx" visible="true" id="62515213" lat="42.3200119" changeset="1" timestamp="2025-12-17T13:47:40Z" version="1" uid="1" /><node lon="-83.7028559" user="OSMnx" visible="true" id="62515215" lat="42.3199525" changeset="1" timestamp="2025-12-17T13:47:40Z" version="1" uid="1" /><node lon="-83.70273" user="OSMnx" visible="true" id="62515217" lat="42.319845" changeset="1" timestamp="2025-12-17T13:47:40Z" version="1" uid="1" /><node lon="-83.702617" user="OSMnx" visible="true" id="62515220" lat="42.3198" changeset="1" timestamp="2025-12-17T13:47:40Z" version="1" uid="1" /><node lon="-83.702408" user="OSMnx" visible="true" id="62515222" lat="42.31977" changeset="1" timestamp="2025-12-17T13:47:40Z" version="1" uid="1" /><node lon="-83.7023061" user="OSMnx" visible="true" id="62515223" lat="42.319786" changeset="1" timestamp="2025-12-17T13:47:40Z" version="1" uid="1" /><node lon="-83.702248" user="OSMnx" visible="true" id="62515226" lat="42.319818" changeset="1" timestamp="2025-12-17T13:47:40Z" version="1" uid="1" /><node lon="-83.7020341" user="OSMnx" visible="true" id="62515227" lat="42.319938" changeset="1" timestamp="2025-12-17T13:47:40Z" version="1" uid="1" /><node lon="-83.701901" user="OSMnx" visible="true" id="62515230" lat="42.3199862" changeset="1" timestamp="2025-12-17T13:47:40Z" version="1" uid="1" /><node lon="-83.7017883" user="OSMnx" visible="true" id="62515232" lat="42.3200149" changeset="1" timestamp="2025-12-17T13:47:40Z" version="1" uid="1" /><node lon="-83.701527" user="OSMnx" visible="true" id="62515235" lat="42.320024" changeset="1" timestamp="2025-12-17T13:47:40Z" version="1" uid="1" /><node lon="-83.712898" user="OSMnx" visible="true" id="62518934" lat="42.311812" changeset="1" timestamp="2025-12-17T13:47:40Z" version="1" uid="1" /><node lon="-83.712905" user="OSMnx" visible="true" id="62518935" lat="42.312724" changeset="1" timestamp="2025-12-17T13:47:40Z" version="1" uid="1" /><node lon="-83.712951" user="OSMnx" visible="true" id="62518936" lat="42.313949" changeset="1" timestamp="2025-12-17T13:47:40Z" version="1" uid="1" /><node lon="-83.7129787" user="OSMnx" visible="true" id="62518940" lat="42.3141306" changeset="1" timestamp="2025-12-17T13:47:40Z" version="1" uid="1" /><node lon="-83.7130055" user="OSMnx" visible="true" id="62518942" lat="42.314296" changeset="1" timestamp="2025-12-17T13:47:40Z" version="1" uid="1" /><node lon="-83.713049" user="OSMnx" visible="true" id="62518944" lat="42.3144296" changeset="1" timestamp="2025-12-17T13:47:40Z" version="1" uid="1" /><node lon="-83.7131044" user="OSMnx" visible="true" id="62518946" lat="42.3146124" changeset="1" timestamp="2025-12-17T13:47:40Z" version="1" uid="1" /><node lon="-83.7131048" user="OSMnx" visible="true" id="62518953" lat="42.3147054" changeset="1" timestamp="2025-12-17T13:47:40Z" version="1" uid="1" /><node lon="-83.7130373" user="OSMnx" visible="true" id="62518960" lat="42.3149251" changeset="1" timestamp="2025-12-17T13:47:40Z" version="1" uid="1"><tag k="highway" v="turning_circle" /></node><node lon="-83.713612" user="OSMnx" visible="true" id="62518967" lat="42.3127094" changeset="1" timestamp="2025-12-17T13:47:40Z" version="1" uid="1"><tag k="highway" v="turning_circle" /></node><node lon="-83.7053396" user="OSMnx" visible="true" id="62520585" lat="42.3172861" changeset="1" timestamp="2025-12-17T13:47:40Z" version="1" uid="1" /><node lon="-83.7052489" user="OSMnx" visible="true" id="62520586" lat="42.3174131" changeset="1" timestamp="2025-12-17T13:47:40Z" version="1" uid="1" /><node lon="-83.7048908" user="OSMnx" visible="true" id="62520589" lat="42.3181426" changeset="1" timestamp="2025-12-17T13:47:40Z" version="1" uid="1" /><node lon="-83.7045174" user="OSMnx" visible="true" id="62520591" lat="42.3181943" changeset="1" timestamp="2025-12-17T13:47:40Z" version="1" uid="1" /><node lon="-83.704426" user="OSMnx" visible="true" id="62520594" lat="42.318235" changeset="1" timestamp="2025-12-17T13:47:40Z" version="1" uid="1" /><node lon="-83.704392" user="OSMnx" visible="true" id="62520595" lat="42.3182941" changeset="1" timestamp="2025-12-17T13:47:40Z" version="1" uid="1" /><node lon="-83.7043599" user="OSMnx" visible="true" id="62520596" lat="42.3183779" changeset="1" timestamp="2025-12-17T13:47:40Z" version="1" uid="1" /><node lon="-83.7043498" user="OSMnx" visible="true" id="62520598" lat="42.3184741" changeset="1" timestamp="2025-12-17T13:47:40Z" version="1" uid="1" /><node lon="-83.7042435" user="OSMnx" visible="true" id="62520601" lat="42.3184982" changeset="1" timestamp="2025-12-17T13:47:40Z" version="1" uid="1" /><node lon="-83.7038718" user="OSMnx" visible="true" id="62520603" lat="42.3185933" changeset="1" timestamp="2025-12-17T13:47:40Z" version="1" uid="1" /><node lon="-83.7037438" user="OSMnx" visible="true" id="62520605" lat="42.3185973" changeset="1" timestamp="2025-12-17T13:47:40Z" version="1" uid="1" /><node lon="-83.7036018" user="OSMnx" visible="true" id="62520609" lat="42.3185961" changeset="1" timestamp="2025-12-17T13:47:40Z" version="1" uid="1" /><node lon="-83.7032885" user="OSMnx" visible="true" id="62520611" lat="42.3185611" changeset="1" timestamp="2025-12-17T13:47:40Z" version="1" uid="1" /><node lon="-83.7031135" user="OSMnx" visible="true" id="62520612" lat="42.3185209" changeset="1" timestamp="2025-12-17T13:47:40Z" version="1" uid="1" /><node lon="-83.7076969" user="OSMnx" visible="true" id="62520617" lat="42.318701" changeset="1" timestamp="2025-12-17T13:47:40Z" version="1" uid="1" /><node lon="-83.7069143" user="OSMnx" visible="true" id="62520619" lat="42.3186396" changeset="1" timestamp="2025-12-17T13:47:40Z" version="1" uid="1" /><node lon="-83.706424" user="OSMnx" visible="true" id="62520621" lat="42.31869" changeset="1" timestamp="2025-12-17T13:47:40Z" version="1" uid="1" /><node lon="-83.706008" user="OSMnx" visible="true" id="62520624" lat="42.318665" changeset="1" timestamp="2025-12-17T13:47:40Z" version="1" uid="1" /><node lon="-83.705644" user="OSMnx" visible="true" id="62520626" lat="42.31862" changeset="1" timestamp="2025-12-17T13:47:40Z" version="1" uid="1" /><node lon="-83.7053114" user="OSMnx" visible="true" id="62520628" lat="42.3185866" changeset="1" timestamp="2025-12-17T13:47:40Z" version="1" uid="1" /><node lon="-83.7050896" user="OSMnx" visible="true" id="62520630" lat="42.3185336" changeset="1" timestamp="2025-12-17T13:47:40Z" version="1" uid="1" /><node lon="-83.704947" user="OSMnx" visible="true" id="62520633" lat="42.3183881" changeset="1" timestamp="2025-12-17T13:47:40Z" version="1" uid="1" /><node lon="-83.704893" user="OSMnx" visible="true" id="62520636" lat="42.3182492" changeset="1" timestamp="2025-12-17T13:47:40Z" version="1" uid="1" /><node lon="-83.7060102" user="OSMnx" visible="true" id="62520640" lat="42.317534" changeset="1" timestamp="2025-12-17T13:47:40Z" version="1" uid="1" /><node lon="-83.7060795" user="OSMnx" visible="true" id="62520641" lat="42.3174217" changeset="1" timestamp="2025-12-17T13:47:40Z" version="1" uid="1" /><node lon="-83.7061803" user="OSMnx" visible="true" id="62520642" lat="42.3172903" changeset="1" timestamp="2025-12-17T13:47:40Z" version="1" uid="1" /><node lon="-83.706349" user="OSMnx" visible="true" id="62520644" lat="42.3171671" changeset="1" timestamp="2025-12-17T13:47:40Z" version="1" uid="1" /><node lon="-83.706439" user="OSMnx" visible="true" id="62520645" lat="42.317048" changeset="1" timestamp="2025-12-17T13:47:40Z" version="1" uid="1" /><node lon="-83.7065176" user="OSMnx" visible="true" id="62520647" lat="42.3168549" changeset="1" timestamp="2025-12-17T13:47:40Z" version="1" uid="1" /><node lon="-83.706919" user="OSMnx" visible="true" id="62520652" lat="42.3185102" changeset="1" timestamp="2025-12-17T13:47:40Z" version="1" uid="1" /><node lon="-83.7069216" user="OSMnx" visible="true" id="62520654" lat="42.3182885" changeset="1" timestamp="2025-12-17T13:47:40Z" version="1" uid="1" /><node lon="-83.7069209" user="OSMnx" visible="true" id="62520657" lat="42.3180664" changeset="1" timestamp="2025-12-17T13:47:40Z" version="1" uid="1" /><node lon="-83.7068547" user="OSMnx" visible="true" id="62520659" lat="42.3179651" changeset="1" timestamp="2025-12-17T13:47:40Z" version="1" uid="1" /><node lon="-83.7067009" user="OSMnx" visible="true" id="62520661" lat="42.3178726" changeset="1" timestamp="2025-12-17T13:47:40Z" version="1" uid="1" /><node lon="-83.7064198" user="OSMnx" visible="true" id="62520663" lat="42.3177002" changeset="1" timestamp="2025-12-17T13:47:40Z" version="1" uid="1" /><node lon="-83.7049502" user="OSMnx" visible="true" id="62520664" lat="42.3171635" changeset="1" timestamp="2025-12-17T13:47:40Z" version="1" uid="1" /><node lon="-83.7046581" user="OSMnx" visible="true" id="62520666" lat="42.3171002" changeset="1" timestamp="2025-12-17T13:47:40Z" version="1" uid="1" /><node lon="-83.7045753" user="OSMnx" visible="true" id="62520668" lat="42.3171134" changeset="1" timestamp="2025-12-17T13:47:40Z" version="1" uid="1" /><node lon="-83.7045393" user="OSMnx" visible="true" id="62520670" lat="42.3171698" changeset="1" timestamp="2025-12-17T13:47:40Z" version="1" uid="1" /><node lon="-83.7045361" user="OSMnx" visible="true" id="62520672" lat="42.317223" changeset="1" timestamp="2025-12-17T13:47:40Z" version="1" uid="1" /><node lon="-83.7045668" user="OSMnx" visible="true" id="62520675" lat="42.3172615" changeset="1" timestamp="2025-12-17T13:47:40Z" version="1" uid="1" /><node lon="-83.7046239" user="OSMnx" visible="true" id="62520676" lat="42.3172799" changeset="1" timestamp="2025-12-17T13:47:40Z" version="1" uid="1" /><node lon="-83.7032155" user="OSMnx" visible="true" id="62520708" lat="42.3142083" changeset="1" timestamp="2025-12-17T13:47:40Z" version="1" uid="1" /><node lon="-83.7033038" user="OSMnx" visible="true" id="62520712" lat="42.3143929" changeset="1" timestamp="2025-12-17T13:47:40Z" version="1" uid="1" /><node lon="-83.703366" user="OSMnx" visible="true" id="62520713" lat="42.3145065" changeset="1" timestamp="2025-12-17T13:47:40Z" version="1" uid="1" /><node lon="-83.7034001" user="OSMnx" visible="true" id="62520714" lat="42.3146488" changeset="1" timestamp="2025-12-17T13:47:40Z" version="1" uid="1" /><node lon="-83.7033952" user="OSMnx" visible="true" id="62520715" lat="42.3148239" changeset="1" timestamp="2025-12-17T13:47:40Z" version="1" uid="1" /><node lon="-83.7041357" user="OSMnx" visible="true" id="62521196" lat="42.3164561" changeset="1" timestamp="2025-12-17T13:47:40Z" version="1" uid="1" /><node lon="-83.7041381" user="OSMnx" visible="true" id="62521198" lat="42.3160088" changeset="1" timestamp="2025-12-17T13:47:40Z" version="1" uid="1" /><node lon="-83.7021527" user="OSMnx" visible="true" id="62527640" lat="42.3143397" changeset="1" timestamp="2025-12-17T13:47:40Z" version="1" uid="1" /><node lon="-83.70233" user="OSMnx" visible="true" id="62527643" lat="42.314323" changeset="1" timestamp="2025-12-17T13:47:40Z" version="1" uid="1" /><node lon="-83.702531" user="OSMnx" visible="true" id="62527645" lat="42.314315" changeset="1" timestamp="2025-12-17T13:47:40Z" version="1" uid="1" /><node lon="-83.702993" user="OSMnx" visible="true" id="62527647" lat="42.314272" changeset="1" timestamp="2025-12-17T13:47:40Z" version="1" uid="1" /><node lon="-83.70338" user="OSMnx" visible="true" id="62527649" lat="42.314134" changeset="1" timestamp="2025-12-17T13:47:40Z" version="1" uid="1" /><node lon="-83.7039551" user="OSMnx" visible="true" id="62527651" lat="42.3137767" changeset="1" timestamp="2025-12-17T13:47:40Z" version="1" uid="1" /><node lon="-83.704208" user="OSMnx" visible="true" id="62527654" lat="42.313662" changeset="1" timestamp="2025-12-17T13:47:40Z" version="1" uid="1" /><node lon="-83.704423" user="OSMnx" visible="true" id="62527655" lat="42.313612" changeset="1" timestamp="2025-12-17T13:47:40Z" version="1" uid="1" /><node lon="-83.704622" user="OSMnx" visible="true" id="62527656" lat="42.313584" changeset="1" timestamp="2025-12-17T13:47:40Z" version="1" uid="1" /><node lon="-83.705277" user="OSMnx" visible="true" id="62527657" lat="42.313563" changeset="1" timestamp="2025-12-17T13:47:40Z" version="1" uid="1" /><node lon="-83.705448" user="OSMnx" visible="true" id="62527658" lat="42.313546" changeset="1" timestamp="2025-12-17T13:47:40Z" version="1" uid="1" /><node lon="-83.705608" user="OSMnx" visible="true" id="62527660" lat="42.313484" changeset="1" timestamp="2025-12-17T13:47:40Z" version="1" uid="1" /><node lon="-83.705696" user="OSMnx" visible="true" id="62527661" lat="42.313437" changeset="1" timestamp="2025-12-17T13:47:40Z" version="1" uid="1" /><node lon="-83.705783" user="OSMnx" visible="true" id="62527663" lat="42.31338" changeset="1" timestamp="2025-12-17T13:47:40Z" version="1" uid="1" /><node lon="-83.705938" user="OSMnx" visible="true" id="62527664" lat="42.313221" changeset="1" timestamp="2025-12-17T13:47:40Z" version="1" uid="1" /><node lon="-83.706246" user="OSMnx" visible="true" id="62527665" lat="42.312938" changeset="1" timestamp="2025-12-17T13:47:40Z" version="1" uid="1" /><node lon="-83.70627" user="OSMnx" visible="true" id="62527668" lat="42.312916" changeset="1" timestamp="2025-12-17T13:47:40Z" version="1" uid="1" /><node lon="-83.706483" user="OSMnx" visible="true" id="62527670" lat="42.312806" changeset="1" timestamp="2025-12-17T13:47:40Z" version="1" uid="1" /><node lon="-83.7066608" user="OSMnx" visible="true" id="62527671" lat="42.3127586" changeset="1" timestamp="2025-12-17T13:47:40Z" version="1" uid="1" /><node lon="-83.7069771" user="OSMnx" visible="true" id="62527672" lat="42.3127377" changeset="1" timestamp="2025-12-17T13:47:40Z" version="1" uid="1" /><node lon="-83.7073112" user="OSMnx" visible="true" id="62527674" lat="42.3127333" changeset="1" timestamp="2025-12-17T13:47:40Z" version="1" uid="1" /><node lon="-83.7075411" user="OSMnx" visible="true" id="62527675" lat="42.3127326" changeset="1" timestamp="2025-12-17T13:47:40Z" version="1" uid="1" /><node lon="-83.7029281" user="OSMnx" visible="true" id="62539868" lat="42.3187057" changeset="1" timestamp="2025-12-17T13:47:40Z" version="1" uid="1" /><node lon="-83.7028662" user="OSMnx" visible="true" id="62539869" lat="42.3187302" changeset="1" timestamp="2025-12-17T13:47:40Z" version="1" uid="1" /><node lon="-83.7026731" user="OSMnx" visible="true" id="62539871" lat="42.3187591" changeset="1" timestamp="2025-12-17T13:47:40Z" version="1" uid="1" /><node lon="-83.702038" user="OSMnx" visible="true" id="62539872" lat="42.3187565" changeset="1" timestamp="2025-12-17T13:47:40Z" version="1" uid="1" /><node lon="-83.7018719" user="OSMnx" visible="true" id="62539873" lat="42.3187369" changeset="1" timestamp="2025-12-17T13:47:40Z" version="1" uid="1" /><node lon="-83.7017112" user="OSMnx" visible="true" id="62539875" lat="42.3186368" changeset="1" timestamp="2025-12-17T13:47:40Z" version="1" uid="1" /><node lon="-83.701671" user="OSMnx" visible="true" id="62539878" lat="42.3184467" changeset="1" timestamp="2025-12-17T13:47:40Z" version="1" uid="1" /><node lon="-83.701709" user="OSMnx" visible="true" id="62539880" lat="42.3181384" changeset="1" timestamp="2025-12-17T13:47:40Z" version="1" uid="1" /><node lon="-83.7017004" user="OSMnx" visible="true" id="62539882" lat="42.317986" changeset="1" timestamp="2025-12-17T13:47:40Z" version="1" uid="1" /><node lon="-83.7016587" user="OSMnx" visible="true" id="62539883" lat="42.3178925" changeset="1" timestamp="2025-12-17T13:47:40Z" version="1" uid="1" /><node lon="-83.7016147" user="OSMnx" visible="true" id="62539891" lat="42.316976" changeset="1" timestamp="2025-12-17T13:47:40Z" version="1" uid="1" /><node lon="-83.7016995" user="OSMnx" visible="true" id="62539895" lat="42.3168779" changeset="1" timestamp="2025-12-17T13:47:40Z" version="1" uid="1" /><node lon="-83.701738" user="OSMnx" visible="true" id="62539896" lat="42.3167442" changeset="1" timestamp="2025-12-17T13:47:40Z" version="1" uid="1" /><node lon="-83.7017347" user="OSMnx" visible="true" id="62539897" lat="42.3164812" changeset="1" timestamp="2025-12-17T13:47:40Z" version="1" uid="1" /><node lon="-83.7017247" user="OSMnx" visible="true" id="62539899" lat="42.3159726" changeset="1" timestamp="2025-12-17T13:47:40Z" version="1" uid="1" /><node lon="-83.7032324" user="OSMnx" visible="true" id="62539904" lat="42.3180202" changeset="1" timestamp="2025-12-17T13:47:40Z" version="1" uid="1" /><node lon="-83.7032466" user="OSMnx" visible="true" id="62539905" lat="42.317919" changeset="1" timestamp="2025-12-17T13:47:40Z" version="1" uid="1" /><node lon="-83.7032163" user="OSMnx" visible="true" id="62539907" lat="42.3177351" changeset="1" timestamp="2025-12-17T13:47:40Z" version="1" uid="1" /><node lon="-83.703075" user="OSMnx" visible="true" id="62539909" lat="42.3173041" changeset="1" timestamp="2025-12-17T13:47:40Z" version="1" uid="1" /><node lon="-83.7030631" user="OSMnx" visible="true" id="62539911" lat="42.3171962" changeset="1" timestamp="2025-12-17T13:47:40Z" version="1" uid="1" /><node lon="-83.703036" user="OSMnx" visible="true" id="62539914" lat="42.3164675" changeset="1" timestamp="2025-12-17T13:47:40Z" version="1" uid="1" /><node lon="-83.7058674" user="OSMnx" visible="true" id="62541790" lat="42.3148371" changeset="1" timestamp="2025-12-17T13:47:40Z" version="1" uid="1" /><node lon="-83.706289" user="OSMnx" visible="true" id="62541793" lat="42.314209" changeset="1" timestamp="2025-12-17T13:47:40Z" version="1" uid="1" /><node lon="-83.7058412" user="OSMnx" visible="true" id="62541796" lat="42.314665" changeset="1" timestamp="2025-12-17T13:47:40Z" version="1" uid="1" /><node lon="-83.7059409" user="OSMnx" visible="true" id="62541798" lat="42.3148732" changeset="1" timestamp="2025-12-17T13:47:40Z" version="1" uid="1" /><node lon="-83.7075693" user="OSMnx" visible="true" id="62541802" lat="42.3138219" changeset="1" timestamp="2025-12-17T13:47:40Z" version="1" uid="1" /><node lon="-83.706496" user="OSMnx" visible="true" id="62541803" lat="42.313841" changeset="1" timestamp="2025-12-17T13:47:40Z" version="1" uid="1" /><node lon="-83.706459" user="OSMnx" visible="true" id="62541825" lat="42.314186" changeset="1" timestamp="2025-12-17T13:47:40Z" version="1" uid="1" /><node lon="-83.706498" user="OSMnx" visible="true" id="62541827" lat="42.314134" changeset="1" timestamp="2025-12-17T13:47:40Z" version="1" uid="1" /><node lon="-83.701974" user="OSMnx" visible="true" id="62543545" lat="42.312566" changeset="1" timestamp="2025-12-17T13:47:40Z" version="1" uid="1" /><node lon="-83.701913" user="OSMnx" visible="true" id="62543547" lat="42.312696" changeset="1" timestamp="2025-12-17T13:47:40Z" version="1" uid="1" /><node lon="-83.7018498" user="OSMnx" visible="true" id="62543549" lat="42.3128276" changeset="1" timestamp="2025-12-17T13:47:40Z" version="1" uid="1" /><node lon="-83.7015091" user="OSMnx" visible="true" id="62543551" lat="42.3131251" changeset="1" timestamp="2025-12-17T13:47:40Z" version="1" uid="1" /><node lon="-83.701595" user="OSMnx" visible="true" id="62547384" lat="42.3151126" changeset="1" timestamp="2025-12-17T13:47:40Z" version="1" uid="1" /><node lon="-83.701923" user="OSMnx" visible="true" id="62547387" lat="42.315076" changeset="1" timestamp="2025-12-17T13:47:40Z" version="1" uid="1" /><node lon="-83.7020988" user="OSMnx" visible="true" id="62547389" lat="42.3149364" changeset="1" timestamp="2025-12-17T13:47:40Z" version="1" uid="1" /><node lon="-83.7021727" user="OSMnx" visible="true" id="62547391" lat="42.314765" changeset="1" timestamp="2025-12-17T13:47:40Z" version="1" uid="1" /><node lon="-83.7021788" user="OSMnx" visible="true" id="62547393" lat="42.3145461" changeset="1" timestamp="2025-12-17T13:47:40Z" version="1" uid="1" /><node lon="-83.7020616" user="OSMnx" visible="true" id="62547394" lat="42.3142284" changeset="1" timestamp="2025-12-17T13:47:40Z" version="1" uid="1" /><node lon="-83.7019476" user="OSMnx" visible="true" id="62547395" lat="42.3141623" changeset="1" timestamp="2025-12-17T13:47:40Z" version="1" uid="1" /><node lon="-83.7017484" user="OSMnx" visible="true" id="62547397" lat="42.3140947" changeset="1" timestamp="2025-12-17T13:47:40Z" version="1" uid="1" /><node lon="-83.7015465" user="OSMnx" visible="true" id="62547399" lat="42.3139747" changeset="1" timestamp="2025-12-17T13:47:40Z" version="1" uid="1" /><node lon="-83.7038135" user="OSMnx" visible="true" id="62555932" lat="42.3136592" changeset="1" timestamp="2025-12-17T13:47:40Z" version="1" uid="1" /><node lon="-83.703749" user="OSMnx" visible="true" id="62555934" lat="42.313593" changeset="1" timestamp="2025-12-17T13:47:40Z" version="1" uid="1" /><node lon="-83.7037281" user="OSMnx" visible="true" id="62555936" lat="42.3135362" changeset="1" timestamp="2025-12-17T13:47:40Z" version="1" uid="1" /><node lon="-83.703669" user="OSMnx" visible="true" id="62555939" lat="42.313221" changeset="1" timestamp="2025-12-17T13:47:40Z" version="1" uid="1" /><node lon="-83.703691" user="OSMnx" visible="true" id="62555940" lat="42.313184" changeset="1" timestamp="2025-12-17T13:47:40Z" version="1" uid="1" /><node lon="-83.703729" user="OSMnx" visible="true" id="62555941" lat="42.31316" changeset="1" timestamp="2025-12-17T13:47:40Z" version="1" uid="1" /><node lon="-83.70378" user="OSMnx" visible="true" id="62555942" lat="42.313147" changeset="1" timestamp="2025-12-17T13:47:40Z" version="1" uid="1" /><node lon="-83.704914" user="OSMnx" visible="true" id="62555943" lat="42.313116" changeset="1" timestamp="2025-12-17T13:47:40Z" version="1" uid="1" /><node lon="-83.7040976" user="OSMnx" visible="true" id="62562020" lat="42.3139075" changeset="1" timestamp="2025-12-17T13:47:40Z" version="1" uid="1" /><node lon="-83.7042238" user="OSMnx" visible="true" id="62562021" lat="42.3140338" changeset="1" timestamp="2025-12-17T13:47:40Z" version="1" uid="1" /><node lon="-83.7043361" user="OSMnx" visible="true" id="62562024" lat="42.3141504" changeset="1" timestamp="2025-12-17T13:47:40Z" version="1" uid="1" /><node lon="-83.704434" user="OSMnx" visible="true" id="62562026" lat="42.314189" changeset="1" timestamp="2025-12-17T13:47:40Z" version="1" uid="1" /><node lon="-83.705186" user="OSMnx" visible="true" id="62562028" lat="42.314179" changeset="1" timestamp="2025-12-17T13:47:40Z" version="1" uid="1"><tag k="highway" v="turning_circle" /></node><node lon="-83.7115894" user="OSMnx" visible="true" id="62570513" lat="42.3172286" changeset="1" timestamp="2025-12-17T13:47:40Z" version="1" uid="1" /><node lon="-83.7098536" user="OSMnx" visible="true" id="62570516" lat="42.317249" changeset="1" timestamp="2025-12-17T13:47:40Z" version="1" uid="1" /><node lon="-83.7095019" user="OSMnx" visible="true" id="62570518" lat="42.3172316" changeset="1" timestamp="2025-12-17T13:47:40Z" version="1" uid="1" /><node lon="-83.706559" user="OSMnx" visible="true" id="62583272" lat="42.3167481" changeset="1" timestamp="2025-12-17T13:47:40Z" version="1" uid="1" /><node lon="-83.7066151" user="OSMnx" visible="true" id="62583275" lat="42.3166411" changeset="1" timestamp="2025-12-17T13:47:40Z" version="1" uid="1" /><node lon="-83.7066811" user="OSMnx" visible="true" id="62583279" lat="42.3165563" changeset="1" timestamp="2025-12-17T13:47:40Z" version="1" uid="1" /><node lon="-83.7068196" user="OSMnx" visible="true" id="62583281" lat="42.3164096" changeset="1" timestamp="2025-12-17T13:47:40Z" version="1" uid="1" /><node lon="-83.7068697" user="OSMnx" visible="true" id="62583283" lat="42.3163201" changeset="1" timestamp="2025-12-17T13:47:40Z" version="1" uid="1" /><node lon="-83.7069043" user="OSMnx" visible="true" id="62583285" lat="42.3159341" changeset="1" timestamp="2025-12-17T13:47:40Z" version="1" uid="1" /><node lon="-83.7068838" user="OSMnx" visible="true" id="62583289" lat="42.3158823" changeset="1" timestamp="2025-12-17T13:47:40Z" version="1" uid="1" /><node lon="-83.7068388" user="OSMnx" visible="true" id="62583291" lat="42.3158357" changeset="1" timestamp="2025-12-17T13:47:40Z" version="1" uid="1" /><node lon="-83.7066785" user="OSMnx" visible="true" id="62583292" lat="42.3158035" changeset="1" timestamp="2025-12-17T13:47:40Z" version="1" uid="1" /><node lon="-83.705877" user="OSMnx" visible="true" id="62583294" lat="42.3158232" changeset="1" timestamp="2025-12-17T13:47:40Z" version="1" uid="1" /><node lon="-83.7057724" user="OSMnx" visible="true" id="62583297" lat="42.3158454" changeset="1" timestamp="2025-12-17T13:47:40Z" version="1" uid="1" /><node lon="-83.705678" user="OSMnx" visible="true" id="62583299" lat="42.3158828" changeset="1" timestamp="2025-12-17T13:47:40Z" version="1" uid="1" /><node lon="-83.7055515" user="OSMnx" visible="true" id="62583302" lat="42.316003" changeset="1" timestamp="2025-12-17T13:47:40Z" version="1" uid="1" /><node lon="-83.7053241" user="OSMnx" visible="true" id="62583304" lat="42.3165815" changeset="1" timestamp="2025-12-17T13:47:40Z" version="1" uid="1" /><node lon="-83.7075352" user="OSMnx" visible="true" id="62585605" lat="42.3125077" changeset="1" timestamp="2025-12-17T13:47:40Z" version="1" uid="1" /><node lon="-83.7075418" user="OSMnx" visible="true" id="62585610" lat="42.3128613" changeset="1" timestamp="2025-12-17T13:47:40Z" version="1" uid="1" /><node lon="-83.7075539" user="OSMnx" visible="true" id="62585612" lat="42.3130865" changeset="1" timestamp="2025-12-17T13:47:40Z" version="1" uid="1" /><node lon="-83.7075619" user="OSMnx" visible="true" id="62585614" lat="42.3132835" changeset="1" timestamp="2025-12-17T13:47:40Z" version="1" uid="1" /><node lon="-83.7075614" user="OSMnx" visible="true" id="62585615" lat="42.3134145" changeset="1" timestamp="2025-12-17T13:47:40Z" version="1" uid="1" /><node lon="-83.7075645" user="OSMnx" visible="true" id="62585617" lat="42.3135632" changeset="1" timestamp="2025-12-17T13:47:40Z" version="1" uid="1" /><node lon="-83.707618" user="OSMnx" visible="true" id="62585620" lat="42.3156156" changeset="1" timestamp="2025-12-17T13:47:40Z" version="1" uid="1" /><node lon="-83.7076287" user="OSMnx" visible="true" id="62585622" lat="42.3159556" changeset="1" timestamp="2025-12-17T13:47:40Z" version="1" uid="1" /><node lon="-83.7076533" user="OSMnx" visible="true" id="62585626" lat="42.3179335" changeset="1" timestamp="2025-12-17T13:47:40Z" version="1" uid="1" /><node lon="-83.7077401" user="OSMnx" visible="true" id="62585629" lat="42.3193902" changeset="1" timestamp="2025-12-17T13:47:40Z" version="1" uid="1" /><node lon="-83.7078354" user="OSMnx" visible="true" id="62585631" lat="42.3216223" changeset="1" timestamp="2025-12-17T13:47:40Z" version="1" uid="1" /><node lon="-83.7037106" user="OSMnx" visible="true" id="62606262" lat="42.3164602" changeset="1" timestamp="2025-12-17T13:47:40Z" version="1" uid="1" /><node lon="-83.7045936" user="OSMnx" visible="true" id="62606264" lat="42.3164754" changeset="1" timestamp="2025-12-17T13:47:40Z" version="1" uid="1" /><node lon="-83.7049092" user="OSMnx" visible="true" id="62606266" lat="42.3165082" changeset="1" timestamp="2025-12-17T13:47:40Z" version="1" uid="1" /><node lon="-83.7066983" user="OSMnx" visible="true" id="62606267" lat="42.3169031" changeset="1" timestamp="2025-12-17T13:47:40Z" version="1" uid="1" /><node lon="-83.7136662" user="OSMnx" visible="true" id="62612292" lat="42.3194426" changeset="1" timestamp="2025-12-17T13:47:40Z" version="1" uid="1" /><node lon="-83.7135182" user="OSMnx" visible="true" id="62612293" lat="42.3196736" changeset="1" timestamp="2025-12-17T13:47:40Z" version="1" uid="1" /><node lon="-83.713453" user="OSMnx" visible="true" id="62612295" lat="42.3197989" changeset="1" timestamp="2025-12-17T13:47:40Z" version="1" uid="1" /><node lon="-83.7133997" user="OSMnx" visible="true" id="62612296" lat="42.3202062" changeset="1" timestamp="2025-12-17T13:47:40Z" version="1" uid="1" /><node lon="-83.7134667" user="OSMnx" visible="true" id="62612298" lat="42.320446" changeset="1" timestamp="2025-12-17T13:47:40Z" version="1" uid="1" /><node lon="-83.7135783" user="OSMnx" visible="true" id="62612299" lat="42.3205961" changeset="1" timestamp="2025-12-17T13:47:40Z" version="1" uid="1" /><node lon="-83.7137531" user="OSMnx" visible="true" id="62612302" lat="42.3207429" changeset="1" timestamp="2025-12-17T13:47:40Z" version="1" uid="1" /><node lon="-83.7022329" user="OSMnx" visible="true" id="62612427" lat="42.315973" changeset="1" timestamp="2025-12-17T13:47:40Z" version="1" uid="1"><tag k="highway" v="turning_circle" /></node><node lon="-83.7134266" user="OSMnx" visible="true" id="62619707" lat="42.3213527" changeset="1" timestamp="2025-12-17T13:47:40Z" version="1" uid="1"><tag k="highway" v="turning_circle" /></node><node lon="-83.713478" user="OSMnx" visible="true" id="62628307" lat="42.313801" changeset="1" timestamp="2025-12-17T13:47:40Z" version="1" uid="1" /><node lon="-83.713262" user="OSMnx" visible="true" id="62628309" lat="42.313888" changeset="1" timestamp="2025-12-17T13:47:40Z" version="1" uid="1" /><node lon="-83.713122" user="OSMnx" visible="true" id="62628311" lat="42.313928" changeset="1" timestamp="2025-12-17T13:47:40Z" version="1" uid="1" /><node lon="-83.712807" user="OSMnx" visible="true" id="62628313" lat="42.313958" changeset="1" timestamp="2025-12-17T13:47:40Z" version="1" uid="1" /><node lon="-83.71254" user="OSMnx" visible="true" id="62628316" lat="42.313964" changeset="1" timestamp="2025-12-17T13:47:40Z" version="1" uid="1" /><node lon="-83.7052347" user="OSMnx" visible="true" id="1808343225" lat="42.3186952" changeset="1" timestamp="2025-12-17T13:47:40Z" version="1" uid="1" /><node lon="-83.7040341" user="OSMnx" visible="true" id="1808343228" lat="42.3158662" changeset="1" timestamp="2025-12-17T13:47:40Z" version="1" uid="1" /><node lon="-83.7046539" user="OSMnx" visible="true" id="1808343230" lat="42.3187389" changeset="1" timestamp="2025-12-17T13:47:40Z" version="1" uid="1" /><node lon="-83.7051745" user="OSMnx" visible="true" id="1808343233" lat="42.3187257" changeset="1" timestamp="2025-12-17T13:47:40Z" version="1" uid="1" /><node lon="-83.7036907" user="OSMnx" visible="true" id="1808343234" lat="42.3158702" changeset="1" timestamp="2025-12-17T13:47:40Z" version="1" uid="1" /><node lon="-83.7020901" user="OSMnx" visible="true" id="1808343235" lat="42.3131358" changeset="1" timestamp="2025-12-17T13:47:40Z" version="1" uid="1" /><node lon="-83.7037163" user="OSMnx" visible="true" id="1808343237" lat="42.3134734" changeset="1" timestamp="2025-12-17T13:47:40Z" version="1" uid="1" /><node lon="-83.704051" user="OSMnx" visible="true" id="1808343238" lat="42.3155874" changeset="1" timestamp="2025-12-17T13:47:40Z" version="1" uid="1" /><node lon="-83.7020305" user="OSMnx" visible="true" id="1808343239" lat="42.3131252" changeset="1" timestamp="2025-12-17T13:47:40Z" version="1" uid="1" /><node lon="-83.7021787" user="OSMnx" visible="true" id="1808343240" lat="42.3130009" changeset="1" timestamp="2025-12-17T13:47:40Z" version="1" uid="1" /><node lon="-83.7021706" user="OSMnx" visible="true" id="1808343244" lat="42.3130862" changeset="1" timestamp="2025-12-17T13:47:40Z" version="1" uid="1" /><node lon="-83.702186" user="OSMnx" visible="true" id="1808343245" lat="42.3130439" changeset="1" timestamp="2025-12-17T13:47:40Z" version="1" uid="1" /><node lon="-83.702903" user="OSMnx" visible="true" id="1808343248" lat="42.3159483" changeset="1" timestamp="2025-12-17T13:47:40Z" version="1" uid="1" /><node lon="-83.7021357" user="OSMnx" visible="true" id="1808343249" lat="42.3129612" changeset="1" timestamp="2025-12-17T13:47:40Z" version="1" uid="1" /><node lon="-83.7017229" user="OSMnx" visible="true" id="1808343253" lat="42.312969" changeset="1" timestamp="2025-12-17T13:47:40Z" version="1" uid="1" /><node lon="-83.7044296" user="OSMnx" visible="true" id="1808343254" lat="42.3186085" changeset="1" timestamp="2025-12-17T13:47:40Z" version="1" uid="1" /><node lon="-83.7021404" user="OSMnx" visible="true" id="1808343255" lat="42.3131192" changeset="1" timestamp="2025-12-17T13:47:40Z" version="1" uid="1" /><node lon="-83.703444" user="OSMnx" visible="true" id="1808343256" lat="42.3159257" changeset="1" timestamp="2025-12-17T13:47:40Z" version="1" uid="1" /><node lon="-83.7061516" user="OSMnx" visible="true" id="2040159132" lat="42.315826" changeset="1" timestamp="2025-12-17T13:47:40Z" version="1" uid="1" /><node lon="-83.7014857" user="OSMnx" visible="true" id="2040159133" lat="42.317631" changeset="1" timestamp="2025-12-17T13:47:40Z" version="1" uid="1" /><node lon="-83.7017791" user="OSMnx" visible="true" id="2040159135" lat="42.3186926" changeset="1" timestamp="2025-12-17T13:47:40Z" version="1" uid="1" /><node lon="-83.7044851" user="OSMnx" visible="true" id="2040159136" lat="42.318675" changeset="1" timestamp="2025-12-17T13:47:40Z" version="1" uid="1" /><node lon="-83.7064171" user="OSMnx" visible="true" id="2040159137" lat="42.3158211" changeset="1" timestamp="2025-12-17T13:47:40Z" version="1" uid="1" /><node lon="-83.7049122" user="OSMnx" visible="true" id="2040159139" lat="42.3183248" changeset="1" timestamp="2025-12-17T13:47:40Z" version="1" uid="1" /><node lon="-83.7069026" user="OSMnx" visible="true" id="2040159141" lat="42.316209" changeset="1" timestamp="2025-12-17T13:47:40Z" version="1" uid="1" /><node lon="-83.7019545" user="OSMnx" visible="true" id="2040159142" lat="42.3187546" changeset="1" timestamp="2025-12-17T13:47:40Z" version="1" uid="1" /><node lon="-83.7030172" user="OSMnx" visible="true" id="2040159144" lat="42.3186204" changeset="1" timestamp="2025-12-17T13:47:40Z" version="1" uid="1" /><node lon="-83.7067618" user="OSMnx" visible="true" id="2040159145" lat="42.3158067" changeset="1" timestamp="2025-12-17T13:47:40Z" version="1" uid="1" /><node lon="-83.7016746" user="OSMnx" visible="true" id="2040159147" lat="42.3185428" changeset="1" timestamp="2025-12-17T13:47:40Z" version="1" uid="1" /><node lon="-83.7052834" user="OSMnx" visible="true" id="2040159148" lat="42.3186482" changeset="1" timestamp="2025-12-17T13:47:40Z" version="1" uid="1" /><node lon="-83.702777" user="OSMnx" visible="true" id="2040159150" lat="42.318745" changeset="1" timestamp="2025-12-17T13:47:40Z" version="1" uid="1" /><node lon="-83.7052023" user="OSMnx" visible="true" id="2040159152" lat="42.3185688" changeset="1" timestamp="2025-12-17T13:47:40Z" version="1" uid="1" /><node lon="-83.7056038" user="OSMnx" visible="true" id="2040159153" lat="42.3159371" changeset="1" timestamp="2025-12-17T13:47:40Z" version="1" uid="1" /><node lon="-83.7050044" user="OSMnx" visible="true" id="2040159154" lat="42.3184644" changeset="1" timestamp="2025-12-17T13:47:40Z" version="1" uid="1" /><node lon="-83.7045639" user="OSMnx" visible="true" id="2040159155" lat="42.3187278" changeset="1" timestamp="2025-12-17T13:47:40Z" version="1" uid="1" /><node lon="-83.7017696" user="OSMnx" visible="true" id="2351506698" lat="42.3151112" changeset="1" timestamp="2025-12-17T13:47:40Z" version="1" uid="1" /><node lon="-83.7138443" user="OSMnx" visible="true" id="3497528262" lat="42.3136411" changeset="1" timestamp="2025-12-17T13:47:40Z" version="1" uid="1" /><node lon="-83.7018603" user="OSMnx" visible="true" id="3641548898" lat="42.3195448" changeset="1" timestamp="2025-12-17T13:47:40Z" version="1" uid="1" /><node lon="-83.7013187" user="OSMnx" visible="true" id="3641548899" lat="42.3195556" changeset="1" timestamp="2025-12-17T13:47:40Z" version="1" uid="1" /><node lon="-83.7019658" user="OSMnx" visible="true" id="3641548900" lat="42.3195597" changeset="1" timestamp="2025-12-17T13:47:40Z" version="1" uid="1" /><node lon="-83.7020173" user="OSMnx" visible="true" id="3641548901" lat="42.3196135" changeset="1" timestamp="2025-12-17T13:47:40Z" version="1" uid="1" /><node lon="-83.702198" user="OSMnx" visible="true" id="3641548903" lat="42.3198772" changeset="1" timestamp="2025-12-17T13:47:40Z" version="1" uid="1" /><node lon="-83.7027606" user="OSMnx" visible="true" id="4133300039" lat="42.3198949" changeset="1" timestamp="2025-12-17T13:47:40Z" version="1" uid="1" /><node lon="-83.7062408" user="OSMnx" visible="true" id="4133300040" lat="42.3199566" changeset="1" timestamp="2025-12-17T13:47:40Z" version="1" uid="1" /><node lon="-83.7046388" user="OSMnx" visible="true" id="4133300042" lat="42.3199843" changeset="1" timestamp="2025-12-17T13:47:40Z" version="1" uid="1" /><node lon="-83.7039198" user="OSMnx" visible="true" id="4133300043" lat="42.3199861" changeset="1" timestamp="2025-12-17T13:47:40Z" version="1" uid="1" /><node lon="-83.7054723" user="OSMnx" visible="true" id="4133300044" lat="42.3200122" changeset="1" timestamp="2025-12-17T13:47:40Z" version="1" uid="1" /><node lon="-83.7070526" user="OSMnx" visible="true" id="4133300045" lat="42.3199744" changeset="1" timestamp="2025-12-17T13:47:40Z" version="1" uid="1" /><node lon="-83.7070958" user="OSMnx" visible="true" id="4133300046" lat="42.3200577" changeset="1" timestamp="2025-12-17T13:47:40Z" version="1" uid="1" /><node lon="-83.7008912" user="OSMnx" visible="true" id="4144860168" lat="42.3164926" changeset="1" timestamp="2025-12-17T13:47:40Z" version="1" uid="1" /><node lon="-83.7141399" user="OSMnx" visible="true" id="4387237248" lat="42.3171435" changeset="1" timestamp="2025-12-17T13:47:40Z" version="1" uid="1" /><node lon="-83.7025256" user="OSMnx" visible="true" id="4387237256" lat="42.3197745" changeset="1" timestamp="2025-12-17T13:47:40Z" version="1" uid="1" /><node lon="-83.7024498" user="OSMnx" visible="true" id="4387237257" lat="42.3198375" changeset="1" timestamp="2025-12-17T13:47:40Z" version="1" uid="1" /><node lon="-83.7023769" user="OSMnx" visible="true" id="4387237258" lat="42.3198401" changeset="1" timestamp="2025-12-17T13:47:40Z" version="1" uid="1" /><node lon="-83.7022906" user="OSMnx" visible="true" id="4387237259" lat="42.3198483" changeset="1" timestamp="2025-12-17T13:47:40Z" version="1" uid="1" /><node lon="-83.7025476" user="OSMnx" visible="true" id="4387237260" lat="42.3198502" changeset="1" timestamp="2025-12-17T13:47:40Z" version="1" uid="1" /><node lon="-83.702674" user="OSMnx" visible="true" id="4387237262" lat="42.3198828" changeset="1" timestamp="2025-12-17T13:47:40Z" version="1" uid="1" /><node lon="-83.7017293" user="OSMnx" visible="true" id="4819126004" lat="42.3200219" changeset="1" timestamp="2025-12-17T13:47:40Z" version="1" uid="1" /><node lon="-83.7030557" user="OSMnx" visible="true" id="4819126005" lat="42.3200338" changeset="1" timestamp="2025-12-17T13:47:40Z" version="1" uid="1" /><node lon="-83.7032917" user="OSMnx" visible="true" id="4819126006" lat="42.3200595" changeset="1" timestamp="2025-12-17T13:47:40Z" version="1" uid="1" /><node lon="-83.7033668" user="OSMnx" visible="true" id="4819126007" lat="42.3200536" changeset="1" timestamp="2025-12-17T13:47:40Z" version="1" uid="1" /><node lon="-83.7062649" user="OSMnx" visible="true" id="5014376165" lat="42.3143635" changeset="1" timestamp="2025-12-17T13:47:40Z" version="1" uid="1" /><node lon="-83.7095454" user="OSMnx" visible="true" id="5014397075" lat="42.3201748" changeset="1" timestamp="2025-12-17T13:47:40Z" version="1" uid="1" /><node lon="-83.7087921" user="OSMnx" visible="true" id="5014397077" lat="42.3199872" changeset="1" timestamp="2025-12-17T13:47:40Z" version="1" uid="1" /><node lon="-83.7090022" user="OSMnx" visible="true" id="5014397078" lat="42.320007" changeset="1" timestamp="2025-12-17T13:47:40Z" version="1" uid="1" /><node lon="-83.709266" user="OSMnx" visible="true" id="5014397079" lat="42.3200668" changeset="1" timestamp="2025-12-17T13:47:40Z" version="1" uid="1" /><node lon="-83.7103766" user="OSMnx" visible="true" id="5014397080" lat="42.3196893" changeset="1" timestamp="2025-12-17T13:47:40Z" version="1" uid="1" /><node lon="-83.7094812" user="OSMnx" visible="true" id="5014397081" lat="42.3190904" changeset="1" timestamp="2025-12-17T13:47:40Z" version="1" uid="1" /><node lon="-83.7093859" user="OSMnx" visible="true" id="5014397082" lat="42.3190586" changeset="1" timestamp="2025-12-17T13:47:40Z" version="1" uid="1" /><node lon="-83.7092813" user="OSMnx" visible="true" id="5014397083" lat="42.3190365" changeset="1" timestamp="2025-12-17T13:47:40Z" version="1" uid="1" /><node lon="-83.7086156" user="OSMnx" visible="true" id="5014397084" lat="42.319239" changeset="1" timestamp="2025-12-17T13:47:40Z" version="1" uid="1" /><node lon="-83.7085425" user="OSMnx" visible="true" id="5014397085" lat="42.3193357" changeset="1" timestamp="2025-12-17T13:47:40Z" version="1" uid="1" /><node lon="-83.7085139" user="OSMnx" visible="true" id="5014397086" lat="42.3194438" changeset="1" timestamp="2025-12-17T13:47:40Z" version="1" uid="1" /><node lon="-83.7085071" user="OSMnx" visible="true" id="5014397087" lat="42.3195805" changeset="1" timestamp="2025-12-17T13:47:40Z" version="1" uid="1" /><node lon="-83.7085212" user="OSMnx" visible="true" id="5014397088" lat="42.3201287" changeset="1" timestamp="2025-12-17T13:47:40Z" version="1" uid="1" /><node lon="-83.7083565" user="OSMnx" visible="true" id="5014397089" lat="42.3204829" changeset="1" timestamp="2025-12-17T13:47:40Z" version="1" uid="1" /><node lon="-83.708198" user="OSMnx" visible="true" id="5014397090" lat="42.3208688" changeset="1" timestamp="2025-12-17T13:47:40Z" version="1" uid="1" /><node lon="-83.7082199" user="OSMnx" visible="true" id="5014397091" lat="42.3216254" changeset="1" timestamp="2025-12-17T13:47:40Z" version="1" uid="1" /><node lon="-83.709354" user="OSMnx" visible="true" id="5014397113" lat="42.3207015" changeset="1" timestamp="2025-12-17T13:47:40Z" version="1" uid="1" /><node lon="-83.7094513" user="OSMnx" visible="true" id="5014397114" lat="42.3203759" changeset="1" timestamp="2025-12-17T13:47:40Z" version="1" uid="1" /><node lon="-83.7097197" user="OSMnx" visible="true" id="5014397115" lat="42.3200014" changeset="1" timestamp="2025-12-17T13:47:40Z" version="1" uid="1" /><node lon="-83.7100536" user="OSMnx" visible="true" id="5014397116" lat="42.3198354" changeset="1" timestamp="2025-12-17T13:47:40Z" version="1" uid="1" /><node lon="-83.7108164" user="OSMnx" visible="true" id="5014397117" lat="42.3194093" changeset="1" timestamp="2025-12-17T13:47:40Z" version="1" uid="1" /><node lon="-83.711091" user="OSMnx" visible="true" id="5014397118" lat="42.3191108" changeset="1" timestamp="2025-12-17T13:47:40Z" version="1" uid="1" /><node lon="-83.7111676" user="OSMnx" visible="true" id="5014397119" lat="42.3188031" changeset="1" timestamp="2025-12-17T13:47:40Z" version="1" uid="1" /><node lon="-83.7111043" user="OSMnx" visible="true" id="5014397120" lat="42.3183843" changeset="1" timestamp="2025-12-17T13:47:40Z" version="1" uid="1" /><node lon="-83.7110341" user="OSMnx" visible="true" id="5014399521" lat="42.3181138" changeset="1" timestamp="2025-12-17T13:47:40Z" version="1" uid="1" /><node lon="-83.7109978" user="OSMnx" visible="true" id="5014399522" lat="42.3179017" changeset="1" timestamp="2025-12-17T13:47:40Z" version="1" uid="1" /><node lon="-83.7111047" user="OSMnx" visible="true" id="5014399523" lat="42.3172351" changeset="1" timestamp="2025-12-17T13:47:40Z" version="1" uid="1" /><node lon="-83.7102681" user="OSMnx" visible="true" id="5014399524" lat="42.3167891" changeset="1" timestamp="2025-12-17T13:47:40Z" version="1" uid="1" /><node lon="-83.7123469" user="OSMnx" visible="true" id="5014399525" lat="42.3167753" changeset="1" timestamp="2025-12-17T13:47:40Z" version="1" uid="1" /><node lon="-83.7090652" user="OSMnx" visible="true" id="5014399526" lat="42.3161642" changeset="1" timestamp="2025-12-17T13:47:40Z" version="1" uid="1" /><node lon="-83.7090451" user="OSMnx" visible="true" id="5014399527" lat="42.3163726" changeset="1" timestamp="2025-12-17T13:47:40Z" version="1" uid="1" /><node lon="-83.7088642" user="OSMnx" visible="true" id="5014399528" lat="42.3164903" changeset="1" timestamp="2025-12-17T13:47:40Z" version="1" uid="1" /><node lon="-83.708655" user="OSMnx" visible="true" id="5014399529" lat="42.3165458" changeset="1" timestamp="2025-12-17T13:47:40Z" version="1" uid="1" /><node lon="-83.7082015" user="OSMnx" visible="true" id="5014399531" lat="42.3156284" changeset="1" timestamp="2025-12-17T13:47:40Z" version="1" uid="1" /><node lon="-83.710386" user="OSMnx" visible="true" id="5014399532" lat="42.3154291" changeset="1" timestamp="2025-12-17T13:47:40Z" version="1" uid="1" /><node lon="-83.7086174" user="OSMnx" visible="true" id="5014399533" lat="42.315022" changeset="1" timestamp="2025-12-17T13:47:40Z" version="1" uid="1" /><node lon="-83.70822" user="OSMnx" visible="true" id="5014399534" lat="42.3150014" changeset="1" timestamp="2025-12-17T13:47:40Z" version="1" uid="1" /><node lon="-83.7085642" user="OSMnx" visible="true" id="5014399535" lat="42.3153236" changeset="1" timestamp="2025-12-17T13:47:40Z" version="1" uid="1" /><node lon="-83.7086205" user="OSMnx" visible="true" id="5014399536" lat="42.314475" changeset="1" timestamp="2025-12-17T13:47:40Z" version="1" uid="1" /><node lon="-83.7082028" user="OSMnx" visible="true" id="5014399537" lat="42.3139529" changeset="1" timestamp="2025-12-17T13:47:40Z" version="1" uid="1" /><node lon="-83.7082212" user="OSMnx" visible="true" id="5014399538" lat="42.3144818" changeset="1" timestamp="2025-12-17T13:47:40Z" version="1" uid="1" /><node lon="-83.7083316" user="OSMnx" visible="true" id="5014399539" lat="42.3144805" changeset="1" timestamp="2025-12-17T13:47:40Z" version="1" uid="1" /><node lon="-83.7087774" user="OSMnx" visible="true" id="5014399540" lat="42.3144714" changeset="1" timestamp="2025-12-17T13:47:40Z" version="1" uid="1" /><node lon="-83.7100634" user="OSMnx" visible="true" id="5014399541" lat="42.3147321" changeset="1" timestamp="2025-12-17T13:47:40Z" version="1" uid="1" /><node lon="-83.7104827" user="OSMnx" visible="true" id="5014399542" lat="42.3148574" changeset="1" timestamp="2025-12-17T13:47:40Z" version="1" uid="1" /><node lon="-83.7106276" user="OSMnx" visible="true" id="5014399543" lat="42.3149843" changeset="1" timestamp="2025-12-17T13:47:40Z" version="1" uid="1" /><node lon="-83.7107885" user="OSMnx" visible="true" id="5014399544" lat="42.3152223" changeset="1" timestamp="2025-12-17T13:47:40Z" version="1" uid="1" /><node lon="-83.7107934" user="OSMnx" visible="true" id="5014399545" lat="42.3154367" changeset="1" timestamp="2025-12-17T13:47:40Z" version="1" uid="1" /><node lon="-83.7107538" user="OSMnx" visible="true" id="5014399546" lat="42.3155829" changeset="1" timestamp="2025-12-17T13:47:40Z" version="1" uid="1" /><node lon="-83.710354" user="OSMnx" visible="true" id="5014399547" lat="42.3160156" changeset="1" timestamp="2025-12-17T13:47:40Z" version="1" uid="1" /><node lon="-83.7102306" user="OSMnx" visible="true" id="5014399548" lat="42.3160394" changeset="1" timestamp="2025-12-17T13:47:40Z" version="1" uid="1" /><node lon="-83.7091094" user="OSMnx" visible="true" id="5014399549" lat="42.3157737" changeset="1" timestamp="2025-12-17T13:47:40Z" version="1" uid="1" /><node lon="-83.708481" user="OSMnx" visible="true" id="5014399550" lat="42.3156287" changeset="1" timestamp="2025-12-17T13:47:40Z" version="1" uid="1" /><node lon="-83.7080205" user="OSMnx" visible="true" id="5014399551" lat="42.315619" changeset="1" timestamp="2025-12-17T13:47:40Z" version="1" uid="1" /><node lon="-83.707607" user="OSMnx" visible="true" id="5014399552" lat="42.3153036" changeset="1" timestamp="2025-12-17T13:47:40Z" version="1" uid="1" /><node lon="-83.7081896" user="OSMnx" visible="true" id="5014399553" lat="42.3153137" changeset="1" timestamp="2025-12-17T13:47:40Z" version="1" uid="1" /><node lon="-83.7092234" user="OSMnx" visible="true" id="5014399554" lat="42.3154757" changeset="1" timestamp="2025-12-17T13:47:40Z" version="1" uid="1" /><node lon="-83.7096649" user="OSMnx" visible="true" id="5014399555" lat="42.3155759" changeset="1" timestamp="2025-12-17T13:47:40Z" version="1" uid="1" /><node lon="-83.7105382" user="OSMnx" visible="true" id="5014399556" lat="42.3158489" changeset="1" timestamp="2025-12-17T13:47:40Z" version="1" uid="1" /><node lon="-83.710848" user="OSMnx" visible="true" id="5014399557" lat="42.3161303" changeset="1" timestamp="2025-12-17T13:47:40Z" version="1" uid="1" /><node lon="-83.7110513" user="OSMnx" visible="true" id="5014399558" lat="42.3164639" changeset="1" timestamp="2025-12-17T13:47:40Z" version="1" uid="1" /><node lon="-83.7110781" user="OSMnx" visible="true" id="5014399559" lat="42.3167871" changeset="1" timestamp="2025-12-17T13:47:40Z" version="1" uid="1" /><node lon="-83.7082561" user="OSMnx" visible="true" id="5035840598" lat="42.3165684" changeset="1" timestamp="2025-12-17T13:47:40Z" version="1" uid="1" /><node lon="-83.7110174" user="OSMnx" visible="true" id="5035840599" lat="42.316385" changeset="1" timestamp="2025-12-17T13:47:40Z" version="1" uid="1" /><node lon="-83.7076327" user="OSMnx" visible="true" id="5237009903" lat="42.3160668" changeset="1" timestamp="2025-12-17T13:47:40Z" version="1" uid="1" /><node lon="-83.7076418" user="OSMnx" visible="true" id="5237009904" lat="42.3169775" changeset="1" timestamp="2025-12-17T13:47:40Z" version="1" uid="1" /><node lon="-83.7076051" user="OSMnx" visible="true" id="5237009905" lat="42.3170012" changeset="1" timestamp="2025-12-17T13:47:40Z" version="1" uid="1" /><node lon="-83.7075686" user="OSMnx" visible="true" id="5237009906" lat="42.3170678" changeset="1" timestamp="2025-12-17T13:47:40Z" version="1" uid="1" /><node lon="-83.7076383" user="OSMnx" visible="true" id="5237009907" lat="42.3172209" changeset="1" timestamp="2025-12-17T13:47:40Z" version="1" uid="1" /><node lon="-83.7077402" user="OSMnx" visible="true" id="5237009908" lat="42.3172423" changeset="1" timestamp="2025-12-17T13:47:40Z" version="1" uid="1" /><node lon="-83.7078133" user="OSMnx" visible="true" id="5237009909" lat="42.317234" changeset="1" timestamp="2025-12-17T13:47:40Z" version="1" uid="1" /><node lon="-83.7078608" user="OSMnx" visible="true" id="5237009910" lat="42.3172155" changeset="1" timestamp="2025-12-17T13:47:40Z" version="1" uid="1" /><node lon="-83.7075647" user="OSMnx" visible="true" id="5237009911" lat="42.3171087" changeset="1" timestamp="2025-12-17T13:47:40Z" version="1" uid="1" /><node lon="-83.7075751" user="OSMnx" visible="true" id="5237009912" lat="42.3171589" changeset="1" timestamp="2025-12-17T13:47:40Z" version="1" uid="1" /><node lon="-83.7075899" user="OSMnx" visible="true" id="5237009913" lat="42.317187" changeset="1" timestamp="2025-12-17T13:47:40Z" version="1" uid="1" /><node lon="-83.7076138" user="OSMnx" visible="true" id="5237009914" lat="42.3172066" changeset="1" timestamp="2025-12-17T13:47:40Z" version="1" uid="1" /><node lon="-83.7078964" user="OSMnx" visible="true" id="5237009915" lat="42.3171885" changeset="1" timestamp="2025-12-17T13:47:40Z" version="1" uid="1" /><node lon="-83.7079217" user="OSMnx" visible="true" id="5237009916" lat="42.3171418" changeset="1" timestamp="2025-12-17T13:47:40Z" version="1" uid="1" /><node lon="-83.7079298" user="OSMnx" visible="true" id="5237009917" lat="42.3170612" changeset="1" timestamp="2025-12-17T13:47:40Z" version="1" uid="1" /><node lon="-83.707918" user="OSMnx" visible="true" id="5237009918" lat="42.3170432" changeset="1" timestamp="2025-12-17T13:47:40Z" version="1" uid="1" /><node lon="-83.7079074" user="OSMnx" visible="true" id="5237009919" lat="42.3170242" changeset="1" timestamp="2025-12-17T13:47:40Z" version="1" uid="1" /><node lon="-83.7078894" user="OSMnx" visible="true" id="5237009920" lat="42.3170061" changeset="1" timestamp="2025-12-17T13:47:40Z" version="1" uid="1" /><node lon="-83.7078251" user="OSMnx" visible="true" id="5237010121" lat="42.3169744" changeset="1" timestamp="2025-12-17T13:47:40Z" version="1" uid="1" /><node lon="-83.7077098" user="OSMnx" visible="true" id="5237010122" lat="42.3169631" changeset="1" timestamp="2025-12-17T13:47:40Z" version="1" uid="1" /><node lon="-83.7077108" user="OSMnx" visible="true" id="5237010123" lat="42.3168991" changeset="1" timestamp="2025-12-17T13:47:40Z" version="1" uid="1" /><node lon="-83.7078169" user="OSMnx" visible="true" id="5237010124" lat="42.3167388" changeset="1" timestamp="2025-12-17T13:47:40Z" version="1" uid="1" /><node lon="-83.7074794" user="OSMnx" visible="true" id="5237010125" lat="42.3170073" changeset="1" timestamp="2025-12-17T13:47:40Z" version="1" uid="1" /><node lon="-83.7075003" user="OSMnx" visible="true" id="5237010126" lat="42.3171076" changeset="1" timestamp="2025-12-17T13:47:40Z" version="1" uid="1" /><node lon="-83.7076219" user="OSMnx" visible="true" id="5237010127" lat="42.31726" changeset="1" timestamp="2025-12-17T13:47:40Z" version="1" uid="1" /><node lon="-83.7077799" user="OSMnx" visible="true" id="5237010128" lat="42.3172661" changeset="1" timestamp="2025-12-17T13:47:40Z" version="1" uid="1" /><node lon="-83.7080531" user="OSMnx" visible="true" id="5237010129" lat="42.3172152" changeset="1" timestamp="2025-12-17T13:47:40Z" version="1" uid="1" /><node lon="-83.7080808" user="OSMnx" visible="true" id="5237010130" lat="42.317133" changeset="1" timestamp="2025-12-17T13:47:40Z" version="1" uid="1" /><node lon="-83.7017366" user="OSMnx" visible="true" id="5288432577" lat="42.3166356" changeset="1" timestamp="2025-12-17T13:47:40Z" version="1" uid="1" /><node lon="-83.7030391" user="OSMnx" visible="true" id="5288432582" lat="42.3166234" changeset="1" timestamp="2025-12-17T13:47:40Z" version="1" uid="1" /><node lon="-83.7064581" user="OSMnx" visible="true" id="5288432591" lat="42.3170028" changeset="1" timestamp="2025-12-17T13:47:40Z" version="1" uid="1" /><node lon="-83.701733" user="OSMnx" visible="true" id="5288432602" lat="42.3163952" changeset="1" timestamp="2025-12-17T13:47:40Z" version="1" uid="1" /><node lon="-83.7017263" user="OSMnx" visible="true" id="5288432605" lat="42.3160535" changeset="1" timestamp="2025-12-17T13:47:40Z" version="1" uid="1" /><node lon="-83.7041362" user="OSMnx" visible="true" id="5545419404" lat="42.3163695" changeset="1" timestamp="2025-12-17T13:47:40Z" version="1" uid="1" /><node lon="-83.7053593" user="OSMnx" visible="true" id="5545419407" lat="42.3164919" changeset="1" timestamp="2025-12-17T13:47:40Z" version="1" uid="1" /><node lon="-83.7065526" user="OSMnx" visible="true" id="5545419408" lat="42.3167647" changeset="1" timestamp="2025-12-17T13:47:40Z" version="1" uid="1" /><node lon="-83.7075508" user="OSMnx" visible="true" id="5545419413" lat="42.3170059" changeset="1" timestamp="2025-12-17T13:47:40Z" version="1" uid="1" /><node lon="-83.7075409" user="OSMnx" visible="true" id="5545419414" lat="42.3171208" changeset="1" timestamp="2025-12-17T13:47:40Z" version="1" uid="1" /><node lon="-83.7074772" user="OSMnx" visible="true" id="5545419417" lat="42.315315" changeset="1" timestamp="2025-12-17T13:47:40Z" version="1" uid="1"><tag k="highway" v="crossing" /></node><node lon="-83.7069264" user="OSMnx" visible="true" id="7008186675" lat="42.3138333" changeset="1" timestamp="2025-12-17T13:47:40Z" version="1" uid="1" /><node lon="-83.7065748" user="OSMnx" visible="true" id="7008186678" lat="42.3138396" changeset="1" timestamp="2025-12-17T13:47:40Z" version="1" uid="1" /><node lon="-83.7030984" user="OSMnx" visible="true" id="7069445444" lat="42.3173733" changeset="1" timestamp="2025-12-17T13:47:40Z" version="1" uid="1" /><node lon="-83.7020878" user="OSMnx" visible="true" id="7205964118" lat="42.3197164" changeset="1" timestamp="2025-12-17T13:47:40Z" version="1" uid="1" /><node lon="-83.7105956" user="OSMnx" visible="true" id="7509672220" lat="42.3167883" changeset="1" timestamp="2025-12-17T13:47:40Z" version="1" uid="1" /><node lon="-83.7105849" user="OSMnx" visible="true" id="7509672221" lat="42.3163509" changeset="1" timestamp="2025-12-17T13:47:40Z" version="1" uid="1" /><node lon="-83.7109514" user="OSMnx" visible="true" id="7509672222" lat="42.3162632" changeset="1" timestamp="2025-12-17T13:47:40Z" version="1" uid="1" /><node lon="-83.7114682" user="OSMnx" visible="true" id="7509672223" lat="42.3164184" changeset="1" timestamp="2025-12-17T13:47:40Z" version="1" uid="1" /><node lon="-83.7114066" user="OSMnx" visible="true" id="7509672224" lat="42.3162407" changeset="1" timestamp="2025-12-17T13:47:40Z" version="1" uid="1" /><node lon="-83.7113742" user="OSMnx" visible="true" id="7509672225" lat="42.316194" changeset="1" timestamp="2025-12-17T13:47:40Z" version="1" uid="1" /><node lon="-83.7113403" user="OSMnx" visible="true" id="7509672226" lat="42.3161758" changeset="1" timestamp="2025-12-17T13:47:40Z" version="1" uid="1" /><node lon="-83.7112972" user="OSMnx" visible="true" id="7509672227" lat="42.3161633" changeset="1" timestamp="2025-12-17T13:47:40Z" version="1" uid="1" /><node lon="-83.7112386" user="OSMnx" visible="true" id="7509672228" lat="42.316169" changeset="1" timestamp="2025-12-17T13:47:40Z" version="1" uid="1" /><node lon="-83.711177" user="OSMnx" visible="true" id="7509672229" lat="42.3161826" changeset="1" timestamp="2025-12-17T13:47:40Z" version="1" uid="1" /><node lon="-83.709148" user="OSMnx" visible="true" id="7628490046" lat="42.3190282" changeset="1" timestamp="2025-12-17T13:47:40Z" version="1" uid="1" /><node lon="-83.7110869" user="OSMnx" visible="true" id="7883988724" lat="42.3173818" changeset="1" timestamp="2025-12-17T13:47:40Z" version="1" uid="1"><tag k="highway" v="crossing" /></node><node lon="-83.714002" user="OSMnx" visible="true" id="7884153009" lat="42.3210102" changeset="1" timestamp="2025-12-17T13:47:40Z" version="1" uid="1"><tag k="highway" v="crossing" /></node><node lon="-83.7135308" user="OSMnx" visible="true" id="7884153030" lat="42.3199831" changeset="1" timestamp="2025-12-17T13:47:40Z" version="1" uid="1"><tag k="highway" v="crossing" /></node><node lon="-83.7077314" user="OSMnx" visible="true" id="7884408035" lat="42.3168055" changeset="1" timestamp="2025-12-17T13:47:40Z" version="1" uid="1" /><node lon="-83.7077819" user="OSMnx" visible="true" id="7884408036" lat="42.3165949" changeset="1" timestamp="2025-12-17T13:47:40Z" version="1" uid="1" /><node lon="-83.7107095" user="OSMnx" visible="true" id="7891271005" lat="42.3214268" changeset="1" timestamp="2025-12-17T13:47:40Z" version="1" uid="1" /><node lon="-83.7129749" user="OSMnx" visible="true" id="7902842808" lat="42.3140112" changeset="1" timestamp="2025-12-17T13:47:40Z" version="1" uid="1" /><node lon="-83.7074172" user="OSMnx" visible="true" id="7906712633" lat="42.3170814" changeset="1" timestamp="2025-12-17T13:47:40Z" version="1" uid="1" /><node lon="-83.707434" user="OSMnx" visible="true" id="7906712634" lat="42.317004" changeset="1" timestamp="2025-12-17T13:47:40Z" version="1" uid="1" /><node lon="-83.7077267" user="OSMnx" visible="true" id="7906712636" lat="42.316858" changeset="1" timestamp="2025-12-17T13:47:40Z" version="1" uid="1" /><node lon="-83.7078413" user="OSMnx" visible="true" id="7906712637" lat="42.3168676" changeset="1" timestamp="2025-12-17T13:47:40Z" version="1" uid="1" /><node lon="-83.7076145" user="OSMnx" visible="true" id="7906712639" lat="42.3173351" changeset="1" timestamp="2025-12-17T13:47:40Z" version="1" uid="1" /><node lon="-83.7077126" user="OSMnx" visible="true" id="7906712640" lat="42.3173565" changeset="1" timestamp="2025-12-17T13:47:40Z" version="1" uid="1" /><node lon="-83.7110985" user="OSMnx" visible="true" id="7906712645" lat="42.3171251" changeset="1" timestamp="2025-12-17T13:47:40Z" version="1" uid="1"><tag k="highway" v="crossing" /></node><node lon="-83.7110955" user="OSMnx" visible="true" id="7906712646" lat="42.3170752" changeset="1" timestamp="2025-12-17T13:47:40Z" version="1" uid="1"><tag k="highway" v="crossing" /></node><node lon="-83.7079975" user="OSMnx" visible="true" id="7906712656" lat="42.3199911" changeset="1" timestamp="2025-12-17T13:47:40Z" version="1" uid="1"><tag k="highway" v="crossing" /></node><node lon="-83.7082183" user="OSMnx" visible="true" id="7906712660" lat="42.3215301" changeset="1" timestamp="2025-12-17T13:47:40Z" version="1" uid="1" /><node lon="-83.7075776" user="OSMnx" visible="true" id="7906738629" lat="42.318697" changeset="1" timestamp="2025-12-17T13:47:40Z" version="1" uid="1"><tag k="highway" v="crossing" /></node><node lon="-83.707585" user="OSMnx" visible="true" id="7906738632" lat="42.3199649" changeset="1" timestamp="2025-12-17T13:47:40Z" version="1" uid="1"><tag k="highway" v="crossing" /></node><node lon="-83.7075881" user="OSMnx" visible="true" id="7906738633" lat="42.3200468" changeset="1" timestamp="2025-12-17T13:47:40Z" version="1" uid="1"><tag k="highway" v="crossing" /></node><node lon="-83.7089933" user="OSMnx" visible="true" id="7906914637" lat="42.3171752" changeset="1" timestamp="2025-12-17T13:47:40Z" version="1" uid="1" /><node lon="-83.7085428" user="OSMnx" visible="true" id="7906914638" lat="42.3171424" changeset="1" timestamp="2025-12-17T13:47:40Z" version="1" uid="1" /><node lon="-83.7087569" user="OSMnx" visible="true" id="7906914639" lat="42.3171544" changeset="1" timestamp="2025-12-17T13:47:40Z" version="1" uid="1" /><node lon="-83.7083538" user="OSMnx" visible="true" id="7906914640" lat="42.3172125" changeset="1" timestamp="2025-12-17T13:47:40Z" version="1" uid="1" /><node lon="-83.7076128" user="OSMnx" visible="true" id="7906914641" lat="42.3174466" changeset="1" timestamp="2025-12-17T13:47:40Z" version="1" uid="1" /><node lon="-83.7076202" user="OSMnx" visible="true" id="7906914642" lat="42.3176382" changeset="1" timestamp="2025-12-17T13:47:40Z" version="1" uid="1" /><node lon="-83.7076896" user="OSMnx" visible="true" id="7906914643" lat="42.3176542" changeset="1" timestamp="2025-12-17T13:47:40Z" version="1" uid="1" /><node lon="-83.7076551" user="OSMnx" visible="true" id="7906914644" lat="42.318257" changeset="1" timestamp="2025-12-17T13:47:40Z" version="1" uid="1" /><node lon="-83.7069351" user="OSMnx" visible="true" id="7906914645" lat="42.316982" changeset="1" timestamp="2025-12-17T13:47:40Z" version="1" uid="1" /><node lon="-83.7069483" user="OSMnx" visible="true" id="7906914646" lat="42.3169221" changeset="1" timestamp="2025-12-17T13:47:40Z" version="1" uid="1" /><node lon="-83.7079317" user="OSMnx" visible="true" id="7906914647" lat="42.3171113" changeset="1" timestamp="2025-12-17T13:47:40Z" version="1" uid="1" /><node lon="-83.7075823" user="OSMnx" visible="true" id="7906914648" lat="42.3170333" changeset="1" timestamp="2025-12-17T13:47:40Z" version="1" uid="1" /><node lon="-83.7076247" user="OSMnx" visible="true" id="7906914649" lat="42.3162529" changeset="1" timestamp="2025-12-17T13:47:40Z" version="1" uid="1" /><node lon="-83.7076769" user="OSMnx" visible="true" id="7906914650" lat="42.3162529" changeset="1" timestamp="2025-12-17T13:47:40Z" version="1" uid="1" /><node lon="-83.7078582" user="OSMnx" visible="true" id="7906914651" lat="42.3169356" changeset="1" timestamp="2025-12-17T13:47:40Z" version="1" uid="1" /><node lon="-83.7077416" user="OSMnx" visible="true" id="7906914652" lat="42.3164942" changeset="1" timestamp="2025-12-17T13:47:40Z" version="1" uid="1" /><node lon="-83.7077001" user="OSMnx" visible="true" id="7906914653" lat="42.3163752" changeset="1" timestamp="2025-12-17T13:47:40Z" version="1" uid="1" /><node lon="-83.707661" user="OSMnx" visible="true" id="7906914654" lat="42.3161639" changeset="1" timestamp="2025-12-17T13:47:40Z" version="1" uid="1" /><node lon="-83.7076205" user="OSMnx" visible="true" id="7906914655" lat="42.3163498" changeset="1" timestamp="2025-12-17T13:47:40Z" version="1" uid="1" /><node lon="-83.7076312" user="OSMnx" visible="true" id="7906914656" lat="42.3164973" changeset="1" timestamp="2025-12-17T13:47:40Z" version="1" uid="1" /><node lon="-83.7076658" user="OSMnx" visible="true" id="7906914657" lat="42.3166176" changeset="1" timestamp="2025-12-17T13:47:40Z" version="1" uid="1" /><node lon="-83.7077234" user="OSMnx" visible="true" id="7906914658" lat="42.3167464" changeset="1" timestamp="2025-12-17T13:47:40Z" version="1" uid="1" /><node lon="-83.7076817" user="OSMnx" visible="true" id="7906914659" lat="42.316935" changeset="1" timestamp="2025-12-17T13:47:40Z" version="1" uid="1" /><node lon="-83.7077724" user="OSMnx" visible="true" id="7906914660" lat="42.3169661" changeset="1" timestamp="2025-12-17T13:47:40Z" version="1" uid="1" /><node lon="-83.7076807" user="OSMnx" visible="true" id="7906914661" lat="42.317235" changeset="1" timestamp="2025-12-17T13:47:40Z" version="1" uid="1" /><node lon="-83.7079473" user="OSMnx" visible="true" id="7906914662" lat="42.3172125" changeset="1" timestamp="2025-12-17T13:47:40Z" version="1" uid="1" /><node lon="-83.7077435" user="OSMnx" visible="true" id="7906914663" lat="42.31731" changeset="1" timestamp="2025-12-17T13:47:40Z" version="1" uid="1" /><node lon="-83.7080031" user="OSMnx" visible="true" id="7906914664" lat="42.3171054" changeset="1" timestamp="2025-12-17T13:47:40Z" version="1" uid="1" /><node lon="-83.7081758" user="OSMnx" visible="true" id="7906914665" lat="42.3171492" changeset="1" timestamp="2025-12-17T13:47:40Z" version="1" uid="1" /><node lon="-83.7086541" user="OSMnx" visible="true" id="7906914666" lat="42.3171453" changeset="1" timestamp="2025-12-17T13:47:40Z" version="1" uid="1" /><node lon="-83.714004" user="OSMnx" visible="true" id="7918798876" lat="42.3209092" changeset="1" timestamp="2025-12-17T13:47:40Z" version="1" uid="1"><tag k="highway" v="crossing" /></node><node lon="-83.7046494" user="OSMnx" visible="true" id="7933014367" lat="42.3149638" changeset="1" timestamp="2025-12-17T13:47:40Z" version="1" uid="1" /><node lon="-83.7045975" user="OSMnx" visible="true" id="7933014368" lat="42.3149414" changeset="1" timestamp="2025-12-17T13:47:40Z" version="1" uid="1" /><node lon="-83.7045169" user="OSMnx" visible="true" id="7933014369" lat="42.3149414" changeset="1" timestamp="2025-12-17T13:47:40Z" version="1" uid="1" /><node lon="-83.7044469" user="OSMnx" visible="true" id="7933014370" lat="42.3149589" changeset="1" timestamp="2025-12-17T13:47:40Z" version="1" uid="1" /><node lon="-83.7043994" user="OSMnx" visible="true" id="7933014371" lat="42.3149824" changeset="1" timestamp="2025-12-17T13:47:40Z" version="1" uid="1" /><node lon="-83.704377" user="OSMnx" visible="true" id="7933014372" lat="42.3150244" changeset="1" timestamp="2025-12-17T13:47:40Z" version="1" uid="1" /><node lon="-83.704373" user="OSMnx" visible="true" id="7933014373" lat="42.3150615" changeset="1" timestamp="2025-12-17T13:47:40Z" version="1" uid="1" /><node lon="-83.7043862" user="OSMnx" visible="true" id="7933014374" lat="42.3150996" changeset="1" timestamp="2025-12-17T13:47:40Z" version="1" uid="1" /><node lon="-83.704439" user="OSMnx" visible="true" id="7933014375" lat="42.3151152" changeset="1" timestamp="2025-12-17T13:47:40Z" version="1" uid="1" /><node lon="-83.7045143" user="OSMnx" visible="true" id="7933014376" lat="42.3151171" changeset="1" timestamp="2025-12-17T13:47:40Z" version="1" uid="1" /><node lon="-83.7075594" user="OSMnx" visible="true" id="7933193022" lat="42.3132209" changeset="1" timestamp="2025-12-17T13:47:40Z" version="1" uid="1" /><node lon="-83.7078393" user="OSMnx" visible="true" id="7944781427" lat="42.3153137" changeset="1" timestamp="2025-12-17T13:47:40Z" version="1" uid="1" /><node lon="-83.7076219" user="OSMnx" visible="true" id="7944781445" lat="42.3163173" changeset="1" timestamp="2025-12-17T13:47:40Z" version="1" uid="1" /><node lon="-83.7074234" user="OSMnx" visible="true" id="7944781454" lat="42.3138245" changeset="1" timestamp="2025-12-17T13:47:40Z" version="1" uid="1"><tag k="highway" v="crossing" /></node><node lon="-83.7073896" user="OSMnx" visible="true" id="7944781468" lat="42.3127317" changeset="1" timestamp="2025-12-17T13:47:40Z" version="1" uid="1"><tag k="highway" v="crossing" /></node><node lon="-83.7084448" user="OSMnx" visible="true" id="7944813967" lat="42.3171404" changeset="1" timestamp="2025-12-17T13:47:40Z" version="1" uid="1" /><node lon="-83.7084972" user="OSMnx" visible="true" id="7944813969" lat="42.3172123" changeset="1" timestamp="2025-12-17T13:47:40Z" version="1" uid="1" /><node lon="-83.7068915" user="OSMnx" visible="true" id="7944835686" lat="42.3169675" changeset="1" timestamp="2025-12-17T13:47:40Z" version="1" uid="1" /><node lon="-83.7076327" user="OSMnx" visible="true" id="7944835688" lat="42.3177442" changeset="1" timestamp="2025-12-17T13:47:40Z" version="1" uid="1" /><node lon="-83.7076817" user="OSMnx" visible="true" id="7944835690" lat="42.3177148" changeset="1" timestamp="2025-12-17T13:47:40Z" version="1" uid="1" /><node lon="-83.7110791" user="OSMnx" visible="true" id="7956601411" lat="42.3176141" changeset="1" timestamp="2025-12-17T13:47:40Z" version="1" uid="1" /><node lon="-83.7111575" user="OSMnx" visible="true" id="7956601412" lat="42.3186097" changeset="1" timestamp="2025-12-17T13:47:40Z" version="1" uid="1" /><node lon="-83.7111398" user="OSMnx" visible="true" id="7956601413" lat="42.3189536" changeset="1" timestamp="2025-12-17T13:47:40Z" version="1" uid="1" /><node lon="-83.710969" user="OSMnx" visible="true" id="7956601414" lat="42.3192657" changeset="1" timestamp="2025-12-17T13:47:40Z" version="1" uid="1" /><node lon="-83.7105937" user="OSMnx" visible="true" id="7956601415" lat="42.3195717" changeset="1" timestamp="2025-12-17T13:47:40Z" version="1" uid="1" /><node lon="-83.7098914" user="OSMnx" visible="true" id="7956601416" lat="42.3199034" changeset="1" timestamp="2025-12-17T13:47:40Z" version="1" uid="1" /><node lon="-83.7092394" user="OSMnx" visible="true" id="7956601417" lat="42.3213123" changeset="1" timestamp="2025-12-17T13:47:40Z" version="1" uid="1" /><node lon="-83.7082315" user="OSMnx" visible="true" id="7956601419" lat="42.3207132" changeset="1" timestamp="2025-12-17T13:47:40Z" version="1" uid="1" /><node lon="-83.7084705" user="OSMnx" visible="true" id="7956601420" lat="42.320299" changeset="1" timestamp="2025-12-17T13:47:40Z" version="1" uid="1" /><node lon="-83.7085086" user="OSMnx" visible="true" id="7956601421" lat="42.3195108" changeset="1" timestamp="2025-12-17T13:47:40Z" version="1" uid="1" /><node lon="-83.7101907" user="OSMnx" visible="true" id="7956601422" lat="42.3195029" changeset="1" timestamp="2025-12-17T13:47:40Z" version="1" uid="1" /><node lon="-83.7102526" user="OSMnx" visible="true" id="7956601423" lat="42.3195522" changeset="1" timestamp="2025-12-17T13:47:40Z" version="1" uid="1" /><node lon="-83.7103363" user="OSMnx" visible="true" id="7956601441" lat="42.3196455" changeset="1" timestamp="2025-12-17T13:47:40Z" version="1" uid="1"><tag k="highway" v="crossing" /></node><node lon="-83.713411" user="OSMnx" visible="true" id="7967444627" lat="42.3171765" changeset="1" timestamp="2025-12-17T13:47:40Z" version="1" uid="1"><tag k="highway" v="crossing" /></node><node lon="-83.7130481" user="OSMnx" visible="true" id="7967482722" lat="42.312721" changeset="1" timestamp="2025-12-17T13:47:40Z" version="1" uid="1" /><node lon="-83.7131222" user="OSMnx" visible="true" id="8204242323" lat="42.3171878" changeset="1" timestamp="2025-12-17T13:47:40Z" version="1" uid="1" /><node lon="-83.701673" user="OSMnx" visible="true" id="8211820299" lat="42.3169086" changeset="1" timestamp="2025-12-17T13:47:40Z" version="1" uid="1" /><node lon="-83.7030384" user="OSMnx" visible="true" id="8211820301" lat="42.3168808" changeset="1" timestamp="2025-12-17T13:47:40Z" version="1" uid="1" /><node lon="-83.7071883" user="OSMnx" visible="true" id="8288155159" lat="42.3187058" changeset="1" timestamp="2025-12-17T13:47:40Z" version="1" uid="1" /><node lon="-83.7062422" user="OSMnx" visible="true" id="8288155161" lat="42.3186791" changeset="1" timestamp="2025-12-17T13:47:40Z" version="1" uid="1" /><node lon="-83.7031904" user="OSMnx" visible="true" id="8288155164" lat="42.3182097" changeset="1" timestamp="2025-12-17T13:47:40Z" version="1" uid="1" /><node lon="-83.7085254" user="OSMnx" visible="true" id="8322145221" lat="42.3200452" changeset="1" timestamp="2025-12-17T13:47:40Z" version="1" uid="1" /><node lon="-83.7052097" user="OSMnx" visible="true" id="8597627293" lat="42.317507" changeset="1" timestamp="2025-12-17T13:47:40Z" version="1" uid="1" /><node lon="-83.7085278" user="OSMnx" visible="true" id="8812512075" lat="42.3199981" changeset="1" timestamp="2025-12-17T13:47:40Z" version="1" uid="1" /><node lon="-83.7016173" user="OSMnx" visible="true" id="8821423605" lat="42.3159735" changeset="1" timestamp="2025-12-17T13:47:40Z" version="1" uid="1"><tag k="highway" v="crossing" /></node><node lon="-83.7085252" user="OSMnx" visible="true" id="8826394423" lat="42.3193875" changeset="1" timestamp="2025-12-17T13:47:40Z" version="1" uid="1" /><node lon="-83.7085715" user="OSMnx" visible="true" id="8826394424" lat="42.3192896" changeset="1" timestamp="2025-12-17T13:47:40Z" version="1" uid="1" /><node lon="-83.7086712" user="OSMnx" visible="true" id="8826394425" lat="42.3191941" changeset="1" timestamp="2025-12-17T13:47:40Z" version="1" uid="1" /><node lon="-83.708752" user="OSMnx" visible="true" id="8826394426" lat="42.3191436" changeset="1" timestamp="2025-12-17T13:47:40Z" version="1" uid="1" /><node lon="-83.7088318" user="OSMnx" visible="true" id="8826394427" lat="42.319105" changeset="1" timestamp="2025-12-17T13:47:40Z" version="1" uid="1" /><node lon="-83.7089066" user="OSMnx" visible="true" id="8826394428" lat="42.3190778" changeset="1" timestamp="2025-12-17T13:47:40Z" version="1" uid="1" /><node lon="-83.7090106" user="OSMnx" visible="true" id="8826394429" lat="42.3190474" changeset="1" timestamp="2025-12-17T13:47:40Z" version="1" uid="1" /><node lon="-83.7091066" user="OSMnx" visible="true" id="8826394430" lat="42.3190311" changeset="1" timestamp="2025-12-17T13:47:40Z" version="1" uid="1" /><node lon="-83.7095685" user="OSMnx" visible="true" id="8826394431" lat="42.3191303" changeset="1" timestamp="2025-12-17T13:47:40Z" version="1" uid="1" /><node lon="-83.7085244" user="OSMnx" visible="true" id="8828480970" lat="42.3199291" changeset="1" timestamp="2025-12-17T13:47:40Z" version="1" uid="1"><tag k="highway" v="crossing" /></node><node lon="-83.7110812" user="OSMnx" visible="true" id="8837121887" lat="42.3168381" changeset="1" timestamp="2025-12-17T13:47:40Z" version="1" uid="1"><tag k="highway" v="crossing" /></node><node lon="-83.7109927" user="OSMnx" visible="true" id="8837121888" lat="42.3167873" changeset="1" timestamp="2025-12-17T13:47:40Z" version="1" uid="1"><tag k="highway" v="crossing" /></node><node lon="-83.7110743" user="OSMnx" visible="true" id="8837121889" lat="42.3167411" changeset="1" timestamp="2025-12-17T13:47:40Z" version="1" uid="1"><tag k="highway" v="crossing" /></node><node lon="-83.7111433" user="OSMnx" visible="true" id="8837121890" lat="42.3167865" changeset="1" timestamp="2025-12-17T13:47:40Z" version="1" uid="1"><tag k="highway" v="crossing" /></node><node lon="-83.7110061" user="OSMnx" visible="true" id="8837121899" lat="42.3162437" changeset="1" timestamp="2025-12-17T13:47:40Z" version="1" uid="1"><tag k="highway" v="crossing" /></node><node lon="-83.7105846" user="OSMnx" visible="true" id="8837121906" lat="42.3158879" changeset="1" timestamp="2025-12-17T13:47:40Z" version="1" uid="1"><tag k="highway" v="crossing" /></node><node lon="-83.7104697" user="OSMnx" visible="true" id="8843435096" lat="42.3159096" changeset="1" timestamp="2025-12-17T13:47:40Z" version="1" uid="1"><tag k="highway" v="crossing" /></node><node lon="-83.7091639" user="OSMnx" visible="true" id="8843435108" lat="42.3157866" changeset="1" timestamp="2025-12-17T13:47:40Z" version="1" uid="1"><tag k="highway" v="crossing" /></node><node lon="-83.7090618" user="OSMnx" visible="true" id="8843435109" lat="42.3158879" changeset="1" timestamp="2025-12-17T13:47:40Z" version="1" uid="1" /><node lon="-83.7090612" user="OSMnx" visible="true" id="8843435110" lat="42.3162739" changeset="1" timestamp="2025-12-17T13:47:40Z" version="1" uid="1" /><node lon="-83.7089539" user="OSMnx" visible="true" id="8843435111" lat="42.3164481" changeset="1" timestamp="2025-12-17T13:47:40Z" version="1" uid="1" /><node lon="-83.7084286" user="OSMnx" visible="true" id="8843435112" lat="42.3165684" changeset="1" timestamp="2025-12-17T13:47:40Z" version="1" uid="1" /><node lon="-83.7101487" user="OSMnx" visible="true" id="8843435113" lat="42.3156927" changeset="1" timestamp="2025-12-17T13:47:40Z" version="1" uid="1" /><node lon="-83.708985" user="OSMnx" visible="true" id="8843435114" lat="42.3144863" changeset="1" timestamp="2025-12-17T13:47:40Z" version="1" uid="1" /><node lon="-83.7102405" user="OSMnx" visible="true" id="8843435115" lat="42.3147781" changeset="1" timestamp="2025-12-17T13:47:40Z" version="1" uid="1" /><node lon="-83.7092076" user="OSMnx" visible="true" id="8843484117" lat="42.3155171" changeset="1" timestamp="2025-12-17T13:47:40Z" version="1" uid="1"><tag k="highway" v="crossing" /></node><node lon="-83.7086669" user="OSMnx" visible="true" id="8843484124" lat="42.3156687" changeset="1" timestamp="2025-12-17T13:47:40Z" version="1" uid="1" /><node lon="-83.708505" user="OSMnx" visible="true" id="8843484128" lat="42.3156339" changeset="1" timestamp="2025-12-17T13:47:40Z" version="1" uid="1"><tag k="highway" v="crossing" /></node><node lon="-83.7090941" user="OSMnx" visible="true" id="8843484133" lat="42.3158105" changeset="1" timestamp="2025-12-17T13:47:40Z" version="1" uid="1"><tag k="highway" v="crossing" /></node><node lon="-83.7092911" user="OSMnx" visible="true" id="8843484136" lat="42.3154911" changeset="1" timestamp="2025-12-17T13:47:40Z" version="1" uid="1"><tag k="highway" v="crossing" /></node><node lon="-83.7092053" user="OSMnx" visible="true" id="8843484143" lat="42.31513" changeset="1" timestamp="2025-12-17T13:47:40Z" version="1" uid="1" /><node lon="-83.7106691" user="OSMnx" visible="true" id="8843484171" lat="42.3157108" changeset="1" timestamp="2025-12-17T13:47:40Z" version="1" uid="1" /><node lon="-83.7107424" user="OSMnx" visible="true" id="8843484172" lat="42.3151127" changeset="1" timestamp="2025-12-17T13:47:40Z" version="1" uid="1" /><node lon="-83.708021" user="OSMnx" visible="true" id="8843484173" lat="42.314997" changeset="1" timestamp="2025-12-17T13:47:40Z" version="1" uid="1" /><node lon="-83.7097515" user="OSMnx" visible="true" id="8848211888" lat="42.3152684" changeset="1" timestamp="2025-12-17T13:47:40Z" version="1" uid="1" /><node lon="-83.7105945" user="OSMnx" visible="true" id="8848211891" lat="42.3167432" changeset="1" timestamp="2025-12-17T13:47:40Z" version="1" uid="1"><tag k="highway" v="crossing" /></node><node lon="-83.7087022" user="OSMnx" visible="true" id="8848254234" lat="42.3150376" changeset="1" timestamp="2025-12-17T13:47:40Z" version="1" uid="1"><tag k="highway" v="crossing" /></node><node lon="-83.7085736" user="OSMnx" visible="true" id="8848284914" lat="42.3152702" changeset="1" timestamp="2025-12-17T13:47:40Z" version="1" uid="1"><tag k="highway" v="crossing" /></node><node lon="-83.7083761" user="OSMnx" visible="true" id="8848284915" lat="42.3136717" changeset="1" timestamp="2025-12-17T13:47:40Z" version="1" uid="1" /><node lon="-83.7080009" user="OSMnx" visible="true" id="8848284916" lat="42.3136755" changeset="1" timestamp="2025-12-17T13:47:40Z" version="1" uid="1" /><node lon="-83.708192" user="OSMnx" visible="true" id="8848308917" lat="42.3136736" changeset="1" timestamp="2025-12-17T13:47:40Z" version="1" uid="1" /><node lon="-83.711634" user="OSMnx" visible="true" id="8848308918" lat="42.3151777" changeset="1" timestamp="2025-12-17T13:47:40Z" version="1" uid="1" /><node lon="-83.7116595" user="OSMnx" visible="true" id="8848308919" lat="42.314901" changeset="1" timestamp="2025-12-17T13:47:40Z" version="1" uid="1" /><node lon="-83.7116437" user="OSMnx" visible="true" id="8848308920" lat="42.3150722" changeset="1" timestamp="2025-12-17T13:47:40Z" version="1" uid="1" /><node lon="-83.7113808" user="OSMnx" visible="true" id="8848308921" lat="42.3150591" changeset="1" timestamp="2025-12-17T13:47:40Z" version="1" uid="1" /><node lon="-83.7111148" user="OSMnx" visible="true" id="8848308922" lat="42.3150506" changeset="1" timestamp="2025-12-17T13:47:40Z" version="1" uid="1" /><node lon="-83.7109723" user="OSMnx" visible="true" id="8848308923" lat="42.3150544" changeset="1" timestamp="2025-12-17T13:47:40Z" version="1" uid="1" /><node lon="-83.7021415" user="OSMnx" visible="true" id="8905786479" lat="42.3197948" changeset="1" timestamp="2025-12-17T13:47:40Z" version="1" uid="1"><tag k="highway" v="crossing" /></node><node lon="-83.7020922" user="OSMnx" visible="true" id="8910669962" lat="42.3199165" changeset="1" timestamp="2025-12-17T13:47:40Z" version="1" uid="1"><tag k="highway" v="crossing" /></node><node lon="-83.7041223" user="OSMnx" visible="true" id="8910724178" lat="42.3199575" changeset="1" timestamp="2025-12-17T13:47:40Z" version="1" uid="1" /><node lon="-83.7050352" user="OSMnx" visible="true" id="8939306365" lat="42.3178391" changeset="1" timestamp="2025-12-17T13:47:40Z" version="1" uid="1" /><node lon="-83.7050434" user="OSMnx" visible="true" id="8939306367" lat="42.3178218" changeset="1" timestamp="2025-12-17T13:47:40Z" version="1" uid="1" /><node lon="-83.7070048" user="OSMnx" visible="true" id="9062296558" lat="42.3186996" changeset="1" timestamp="2025-12-17T13:47:40Z" version="1" uid="1" /><node lon="-83.7067477" user="OSMnx" visible="true" id="9062296559" lat="42.3186868" changeset="1" timestamp="2025-12-17T13:47:40Z" version="1" uid="1" /><node lon="-83.7069155" user="OSMnx" visible="true" id="9062296561" lat="42.3186076" changeset="1" timestamp="2025-12-17T13:47:40Z" version="1" uid="1"><tag k="highway" v="crossing" /></node><node lon="-83.7059356" user="OSMnx" visible="true" id="9068820976" lat="42.318656" changeset="1" timestamp="2025-12-17T13:47:40Z" version="1" uid="1" /><node lon="-83.7049088" user="OSMnx" visible="true" id="9068895721" lat="42.3181047" changeset="1" timestamp="2025-12-17T13:47:40Z" version="1" uid="1" /><node lon="-83.7051795" user="OSMnx" visible="true" id="9068895738" lat="42.3172134" changeset="1" timestamp="2025-12-17T13:47:40Z" version="1" uid="1" /><node lon="-83.7056383" user="OSMnx" visible="true" id="9068895739" lat="42.3174225" changeset="1" timestamp="2025-12-17T13:47:40Z" version="1" uid="1" /><node lon="-83.7068833" user="OSMnx" visible="true" id="9078197975" lat="42.3180089" changeset="1" timestamp="2025-12-17T13:47:40Z" version="1" uid="1" /><node lon="-83.7062959" user="OSMnx" visible="true" id="9078198007" lat="42.3172059" changeset="1" timestamp="2025-12-17T13:47:40Z" version="1" uid="1" /><node lon="-83.7060569" user="OSMnx" visible="true" id="9078198012" lat="42.3174584" changeset="1" timestamp="2025-12-17T13:47:40Z" version="1" uid="1"><tag k="highway" v="crossing" /></node><node lon="-83.7061548" user="OSMnx" visible="true" id="9078233660" lat="42.3175927" changeset="1" timestamp="2025-12-17T13:47:40Z" version="1" uid="1" /><node lon="-83.7045936" user="OSMnx" visible="true" id="9078233671" lat="42.3171012" changeset="1" timestamp="2025-12-17T13:47:40Z" version="1" uid="1" /><node lon="-83.7023471" user="OSMnx" visible="true" id="9078233673" lat="42.3187578" changeset="1" timestamp="2025-12-17T13:47:40Z" version="1" uid="1" /><node lon="-83.7051962" user="OSMnx" visible="true" id="9083184834" lat="42.3175325" changeset="1" timestamp="2025-12-17T13:47:40Z" version="1" uid="1" /><node lon="-83.7045513" user="OSMnx" visible="true" id="9083184856" lat="42.317242" changeset="1" timestamp="2025-12-17T13:47:40Z" version="1" uid="1" /><node lon="-83.7048807" user="OSMnx" visible="true" id="9083184859" lat="42.3173346" changeset="1" timestamp="2025-12-17T13:47:40Z" version="1" uid="1" /><node lon="-83.7042328" user="OSMnx" visible="true" id="9102459443" lat="42.318501" changeset="1" timestamp="2025-12-17T13:47:40Z" version="1" uid="1" /><node lon="-83.7049333" user="OSMnx" visible="true" id="9102459464" lat="42.3180532" changeset="1" timestamp="2025-12-17T13:47:40Z" version="1" uid="1" /><node lon="-83.7030386" user="OSMnx" visible="true" id="9102474877" lat="42.3168246" changeset="1" timestamp="2025-12-17T13:47:40Z" version="1" uid="1" /><node lon="-83.7032285" user="OSMnx" visible="true" id="9102474883" lat="42.3185473" changeset="1" timestamp="2025-12-17T13:47:40Z" version="1" uid="1"><tag k="highway" v="crossing" /></node><node lon="-83.7017291" user="OSMnx" visible="true" id="9104489316" lat="42.3186515" changeset="1" timestamp="2025-12-17T13:47:40Z" version="1" uid="1" /><node lon="-83.7016894" user="OSMnx" visible="true" id="9104576851" lat="42.3168896" changeset="1" timestamp="2025-12-17T13:47:40Z" version="1" uid="1" /><node lon="-83.7032143" user="OSMnx" visible="true" id="9115584811" lat="42.318102" changeset="1" timestamp="2025-12-17T13:47:40Z" version="1" uid="1" /><node lon="-83.7049298" user="OSMnx" visible="true" id="9121464501" lat="42.3183569" changeset="1" timestamp="2025-12-17T13:47:40Z" version="1" uid="1" /><node lon="-83.7018221" user="OSMnx" visible="true" id="9440487307" lat="42.3130194" changeset="1" timestamp="2025-12-17T13:47:40Z" version="1" uid="1"><tag k="highway" v="crossing" /></node><node lon="-83.7019525" user="OSMnx" visible="true" id="9440487308" lat="42.3128739" changeset="1" timestamp="2025-12-17T13:47:40Z" version="1" uid="1"><tag k="highway" v="crossing" /></node><node lon="-83.7022446" user="OSMnx" visible="true" id="9440511228" lat="42.314331" changeset="1" timestamp="2025-12-17T13:47:40Z" version="1" uid="1"><tag k="highway" v="crossing" /></node><node lon="-83.7021076" user="OSMnx" visible="true" id="9440511232" lat="42.3142846" changeset="1" timestamp="2025-12-17T13:47:40Z" version="1" uid="1"><tag k="highway" v="crossing" /></node><node lon="-83.7050556" user="OSMnx" visible="true" id="9440511250" lat="42.3135135" changeset="1" timestamp="2025-12-17T13:47:40Z" version="1" uid="1" /><node lon="-83.7038952" user="OSMnx" visible="true" id="9440511251" lat="42.3137325" changeset="1" timestamp="2025-12-17T13:47:40Z" version="1" uid="1"><tag k="highway" v="crossing" /></node><node lon="-83.7130796" user="OSMnx" visible="true" id="9470062028" lat="42.3147906" changeset="1" timestamp="2025-12-17T13:47:40Z" version="1" uid="1" /><node lon="-83.7130802" user="OSMnx" visible="true" id="9470062031" lat="42.3139331" changeset="1" timestamp="2025-12-17T13:47:40Z" version="1" uid="1"><tag k="highway" v="crossing" /></node><node lon="-83.7040281" user="OSMnx" visible="true" id="9481444780" lat="42.3138437" changeset="1" timestamp="2025-12-17T13:47:40Z" version="1" uid="1"><tag k="highway" v="crossing" /></node><node lon="-83.7032507" user="OSMnx" visible="true" id="9481444791" lat="42.3142813" changeset="1" timestamp="2025-12-17T13:47:40Z" version="1" uid="1"><tag k="highway" v="crossing" /></node><node lon="-83.7034009" user="OSMnx" visible="true" id="9481508367" lat="42.3149922" changeset="1" timestamp="2025-12-17T13:47:40Z" version="1" uid="1" /><node lon="-83.7033321" user="OSMnx" visible="true" id="9481508368" lat="42.3150142" changeset="1" timestamp="2025-12-17T13:47:40Z" version="1" uid="1" /><node lon="-83.7032874" user="OSMnx" visible="true" id="9481508369" lat="42.3150566" changeset="1" timestamp="2025-12-17T13:47:40Z" version="1" uid="1" /><node lon="-83.7033103" user="OSMnx" visible="true" id="9481508370" lat="42.3152448" changeset="1" timestamp="2025-12-17T13:47:40Z" version="1" uid="1" /><node lon="-83.7034869" user="OSMnx" visible="true" id="9481508371" lat="42.3152372" changeset="1" timestamp="2025-12-17T13:47:40Z" version="1" uid="1" /><node lon="-83.7034869" user="OSMnx" visible="true" id="9481508372" lat="42.3151541" changeset="1" timestamp="2025-12-17T13:47:40Z" version="1" uid="1" /><node lon="-83.7034697" user="OSMnx" visible="true" id="9481508373" lat="42.3150829" changeset="1" timestamp="2025-12-17T13:47:40Z" version="1" uid="1" /><node lon="-83.7034513" user="OSMnx" visible="true" id="9481508374" lat="42.3150329" changeset="1" timestamp="2025-12-17T13:47:40Z" version="1" uid="1" /><node lon="-83.7031223" user="OSMnx" visible="true" id="9481508375" lat="42.3152499" changeset="1" timestamp="2025-12-17T13:47:40Z" version="1" uid="1" /><node lon="-83.7033966" user="OSMnx" visible="true" id="9481508376" lat="42.3147734" changeset="1" timestamp="2025-12-17T13:47:40Z" version="1" uid="1" /><node lon="-83.7032048" user="OSMnx" visible="true" id="9481508377" lat="42.3147742" changeset="1" timestamp="2025-12-17T13:47:40Z" version="1" uid="1" /><node lon="-83.7031933" user="OSMnx" visible="true" id="9481508378" lat="42.3146165" changeset="1" timestamp="2025-12-17T13:47:40Z" version="1" uid="1" /><node lon="-83.7033895" user="OSMnx" visible="true" id="9481508379" lat="42.3146048" changeset="1" timestamp="2025-12-17T13:47:40Z" version="1" uid="1" /><node lon="-83.7077122" user="OSMnx" visible="true" id="9555066242" lat="42.3188825" changeset="1" timestamp="2025-12-17T13:47:40Z" version="1" uid="1" /><node lon="-83.7134036" user="OSMnx" visible="true" id="9973085137" lat="42.3200525" changeset="1" timestamp="2025-12-17T13:47:40Z" version="1" uid="1" /><node lon="-83.713398" user="OSMnx" visible="true" id="9973085138" lat="42.3201271" changeset="1" timestamp="2025-12-17T13:47:40Z" version="1" uid="1" /><node lon="-83.71341" user="OSMnx" visible="true" id="9973085139" lat="42.3202767" changeset="1" timestamp="2025-12-17T13:47:40Z" version="1" uid="1" /><node lon="-83.7134197" user="OSMnx" visible="true" id="9973085140" lat="42.320325" changeset="1" timestamp="2025-12-17T13:47:40Z" version="1" uid="1" /><node lon="-83.7134338" user="OSMnx" visible="true" id="9973085141" lat="42.3203752" changeset="1" timestamp="2025-12-17T13:47:40Z" version="1" uid="1" /><node lon="-83.7134513" user="OSMnx" visible="true" id="9973085142" lat="42.3204178" changeset="1" timestamp="2025-12-17T13:47:40Z" version="1" uid="1" /><node lon="-83.7135525" user="OSMnx" visible="true" id="9973085143" lat="42.3205675" changeset="1" timestamp="2025-12-17T13:47:40Z" version="1" uid="1" /><node lon="-83.7135222" user="OSMnx" visible="true" id="9973085144" lat="42.3205282" changeset="1" timestamp="2025-12-17T13:47:40Z" version="1" uid="1" /><node lon="-83.7134958" user="OSMnx" visible="true" id="9973085145" lat="42.3204919" changeset="1" timestamp="2025-12-17T13:47:40Z" version="1" uid="1" /><node lon="-83.7136966" user="OSMnx" visible="true" id="9973085146" lat="42.3207022" changeset="1" timestamp="2025-12-17T13:47:40Z" version="1" uid="1" /><node lon="-83.7136519" user="OSMnx" visible="true" id="9973085147" lat="42.3206659" changeset="1" timestamp="2025-12-17T13:47:40Z" version="1" uid="1" /><node lon="-83.7136109" user="OSMnx" visible="true" id="9973085148" lat="42.3206295" changeset="1" timestamp="2025-12-17T13:47:40Z" version="1" uid="1" /><node lon="-83.7136309" user="OSMnx" visible="true" id="9973085149" lat="42.3206482" changeset="1" timestamp="2025-12-17T13:47:40Z" version="1" uid="1" /><node lon="-83.7138189" user="OSMnx" visible="true" id="9973085717" lat="42.3192796" changeset="1" timestamp="2025-12-17T13:47:40Z" version="1" uid="1" /><node lon="-83.713733" user="OSMnx" visible="true" id="9973085718" lat="42.3193681" changeset="1" timestamp="2025-12-17T13:47:40Z" version="1" uid="1" /><node lon="-83.7135923" user="OSMnx" visible="true" id="9973085719" lat="42.3195501" changeset="1" timestamp="2025-12-17T13:47:40Z" version="1" uid="1" /><node lon="-83.7104395" user="OSMnx" visible="true" id="10103077102" lat="42.3148433" changeset="1" timestamp="2025-12-17T13:47:40Z" version="1" uid="1" /><node lon="-83.7085761" user="OSMnx" visible="true" id="10921237732" lat="42.3152563" changeset="1" timestamp="2025-12-17T13:47:40Z" version="1" uid="1"><tag k="highway" v="stop" /></node><node lon="-83.7090737" user="OSMnx" visible="true" id="11232830861" lat="42.3190367" changeset="1" timestamp="2025-12-17T13:47:40Z" version="1" uid="1"><tag k="highway" v="crossing" /></node><node lon="-83.7111547" user="OSMnx" visible="true" id="11232830868" lat="42.3172344" changeset="1" timestamp="2025-12-17T13:47:40Z" version="1" uid="1"><tag k="highway" v="crossing" /></node><node lon="-83.710692" user="OSMnx" visible="true" id="11423094397" lat="42.3155571" changeset="1" timestamp="2025-12-17T13:47:40Z" version="1" uid="1" /><node lon="-83.7104762" user="OSMnx" visible="true" id="11423094399" lat="42.3158241" changeset="1" timestamp="2025-12-17T13:47:40Z" version="1" uid="1"><tag k="highway" v="crossing" /></node><node lon="-83.7105688" user="OSMnx" visible="true" id="11423094400" lat="42.3158166" changeset="1" timestamp="2025-12-17T13:47:40Z" version="1" uid="1"><tag k="highway" v="crossing" /></node><node lon="-83.7115781" user="OSMnx" visible="true" id="11423094432" lat="42.3150689" changeset="1" timestamp="2025-12-17T13:47:40Z" version="1" uid="1"><tag k="highway" v="crossing" /></node><node lon="-83.7108092" user="OSMnx" visible="true" id="11423094446" lat="42.3150958" changeset="1" timestamp="2025-12-17T13:47:40Z" version="1" uid="1"><tag k="highway" v="crossing" /></node><node lon="-83.7090646" user="OSMnx" visible="true" id="11423094457" lat="42.316119" changeset="1" timestamp="2025-12-17T13:47:40Z" version="1" uid="1" /><node lon="-83.7092015" user="OSMnx" visible="true" id="11423442367" lat="42.3216569" changeset="1" timestamp="2025-12-17T13:47:40Z" version="1" uid="1" /><node lon="-83.7085394" user="OSMnx" visible="true" id="11426765861" lat="42.315018" changeset="1" timestamp="2025-12-17T13:47:40Z" version="1" uid="1"><tag k="highway" v="crossing" /></node><node lon="-83.7086176" user="OSMnx" visible="true" id="11426765863" lat="42.3149908" changeset="1" timestamp="2025-12-17T13:47:40Z" version="1" uid="1"><tag k="highway" v="crossing" /></node><node lon="-83.708611" user="OSMnx" visible="true" id="11426765864" lat="42.3150582" changeset="1" timestamp="2025-12-17T13:47:40Z" version="1" uid="1"><tag k="highway" v="crossing" /></node><node lon="-83.7086202" user="OSMnx" visible="true" id="11426765867" lat="42.3145281" changeset="1" timestamp="2025-12-17T13:47:40Z" version="1" uid="1" /><node lon="-83.7082211" user="OSMnx" visible="true" id="11426765868" lat="42.3145341" changeset="1" timestamp="2025-12-17T13:47:40Z" version="1" uid="1" /><node lon="-83.7096921" user="OSMnx" visible="true" id="11426868369" lat="42.3158879" changeset="1" timestamp="2025-12-17T13:47:40Z" version="1" uid="1" /><node lon="-83.7101248" user="OSMnx" visible="true" id="11426868370" lat="42.3160258" changeset="1" timestamp="2025-12-17T13:47:40Z" version="1" uid="1" /><node lon="-83.7107259" user="OSMnx" visible="true" id="11758909060" lat="42.3215094" changeset="1" timestamp="2025-12-17T13:47:40Z" version="1" uid="1" /><node lon="-83.7108383" user="OSMnx" visible="true" id="11758909061" lat="42.3215241" changeset="1" timestamp="2025-12-17T13:47:40Z" version="1" uid="1" /><node lon="-83.7106721" user="OSMnx" visible="true" id="11758909062" lat="42.3216319" changeset="1" timestamp="2025-12-17T13:47:40Z" version="1" uid="1" /><node lon="-83.7094869" user="OSMnx" visible="true" id="12815729147" lat="42.3201522" changeset="1" timestamp="2025-12-17T13:47:40Z" version="1" uid="1"><tag k="highway" v="crossing" /></node><node lon="-83.7085998" user="OSMnx" visible="true" id="12815729158" lat="42.3199951" changeset="1" timestamp="2025-12-17T13:47:40Z" version="1" uid="1"><tag k="highway" v="crossing" /></node><node lon="-83.7095227" user="OSMnx" visible="true" id="12815729162" lat="42.3202234" changeset="1" timestamp="2025-12-17T13:47:40Z" version="1" uid="1"><tag k="highway" v="crossing" /></node><node lon="-83.7053746" user="OSMnx" visible="true" id="13239415956" lat="42.316453" changeset="1" timestamp="2025-12-17T13:47:40Z" version="1" uid="1"><tag k="highway" v="stop" /></node><node lon="-83.703039" user="OSMnx" visible="true" id="13239583559" lat="42.3166677" changeset="1" timestamp="2025-12-17T13:47:40Z" version="1" uid="1"><tag k="highway" v="stop" /></node><way user="OSMnx" visible="true" changeset="1" id="8722811" timestamp="2025-12-17T13:47:40Z" version="1" uid="1"><nd ref="62491630" /><nd ref="7884153030" /><nd ref="62491631" /><tag k="lanes" v="2" /><tag k="name" v="Whitetail Run Court" /><tag k="highway" v="residential" /><tag k="oneway" v="no" /><tag k="maxspeed" v="25 mph" /></way><way user="OSMnx" visible="true" changeset="1" id="8722854" timestamp="2025-12-17T13:47:40Z" version="1" uid="1"><nd ref="62492276" /><nd ref="62492278" /><nd ref="62492282" /><nd ref="62492284" /><nd ref="9440511250" /><nd ref="62492286" /><tag k="lanes" v="2" /><tag k="name" v="South Trinkle Road" /><tag k="highway" v="residential" /><tag k="oneway" v="no" /></way><way user="OSMnx" visible="true" changeset="1" id="8724211" timestamp="2025-12-17T13:47:40Z" version="1" uid="1"><nd ref="5014399552" /><nd ref="5545419417" /><nd ref="62510359" /><nd ref="62510362" /><nd ref="62510364" /><nd ref="62510366" /><nd ref="62510368" /><nd ref="62510371" /><nd ref="62510374" /><nd ref="7933014367" /><nd ref="7933014368" /><nd ref="7933014369" /><nd ref="7933014370" /><nd ref="7933014371" /><nd ref="7933014372" /><nd ref="7933014373" /><nd ref="7933014374" /><nd ref="7933014375" /><nd ref="7933014376" /><nd ref="62510374" /><tag k="lanes" v="2" /><tag k="name" v="Haverhill Court" /><tag k="highway" v="residential" /><tag k="oneway" v="no" /></way><way user="OSMnx" visible="true" changeset="1" id="8724212" timestamp="2025-12-17T13:47:40Z" version="1" uid="1"><nd ref="62510359" /><nd ref="62510378" /><tag k="lanes" v="2" /><tag k="name" v="Haverhill Court" /><tag k="highway" v="residential" /><tag k="oneway" v="no" /></way><way user="OSMnx" visible="true" changeset="1" id="8724637" timestamp="2025-12-17T13:47:40Z" version="1" uid="1"><nd ref="62515179" /><nd ref="7906738632" /><nd ref="4133300045" /><nd ref="62515182" /><tag k="lanes" v="1" /><tag k="name" v="Barclay Way" /><tag k="highway" v="residential" /><tag k="oneway" v="yes" /></way><way user="OSMnx" visible="true" changeset="1" id="8724945" timestamp="2025-12-17T13:47:40Z" version="1" uid="1"><nd ref="62518934" /><nd ref="62518935" /><nd ref="62518936" /><nd ref="7902842808" /><nd ref="62518940" /><nd ref="62518942" /><nd ref="62518944" /><nd ref="62518946" /><nd ref="62518953" /><nd ref="9470062028" /><nd ref="62518960" /><tag k="lanes" v="2" /><tag k="name" v="Lakehurst Lane" /><tag k="highway" v="residential" /><tag k="oneway" v="no" /></way><way user="OSMnx" visible="true" changeset="1" id="8724947" timestamp="2025-12-17T13:47:40Z" version="1" uid="1"><nd ref="62518967" /><nd ref="7967482722" /><nd ref="62518935" /><tag k="lanes" v="2" /><tag k="name" v="Lakehurst Lane" /><tag k="highway" v="residential" /><tag k="oneway" v="no" /></way><way user="OSMnx" visible="true" changeset="1" id="8725100" timestamp="2025-12-17T13:47:40Z" version="1" uid="1"><nd ref="62520585" /><nd ref="62520586" /><nd ref="8597627293" /><nd ref="9083184834" /><nd ref="8939306367" /><nd ref="8939306365" /><nd ref="9102459464" /><nd ref="9068895721" /><nd ref="62520589" /><nd ref="62520591" /><nd ref="62520594" /><nd ref="62520595" /><nd ref="62520596" /><nd ref="62520598" /><tag k="lanes" v="2" /><tag k="name" v="Windwood Drive" /><tag k="highway" v="residential" /><tag k="oneway" v="no" /></way><way user="OSMnx" visible="true" changeset="1" id="8725101" timestamp="2025-12-17T13:47:40Z" version="1" uid="1"><nd ref="62520617" /><nd ref="7906738629" /><nd ref="8288155159" /><nd ref="9062296558" /><nd ref="62520619" /><nd ref="9062296559" /><nd ref="62520621" /><nd ref="8288155161" /><nd ref="62520624" /><nd ref="9068820976" /><nd ref="62520626" /><nd ref="62520628" /><nd ref="2040159152" /><nd ref="62520630" /><nd ref="2040159154" /><nd ref="62520633" /><nd ref="9121464501" /><nd ref="2040159139" /><nd ref="62520636" /><nd ref="62520589" /><tag k="lanes" v="2" /><tag k="name" v="Windwood Drive" /><tag k="highway" v="residential" /><tag k="oneway" v="no" /></way><way user="OSMnx" visible="true" changeset="1" id="8725103" timestamp="2025-12-17T13:47:40Z" version="1" uid="1"><nd ref="62520640" /><nd ref="9078198012" /><nd ref="62520641" /><nd ref="62520642" /><nd ref="9078198007" /><nd ref="62520644" /><nd ref="62520645" /><nd ref="5288432591" /><nd ref="62520647" /><tag k="lanes" v="2" /><tag k="name" v="Windwood Drive" /><tag k="highway" v="residential" /><tag k="oneway" v="no" /></way><way user="OSMnx" visible="true" changeset="1" id="8725104" timestamp="2025-12-17T13:47:40Z" version="1" uid="1"><nd ref="62520619" /><nd ref="9062296561" /><nd ref="62520652" /><nd ref="62520654" /><nd ref="62520657" /><nd ref="9078197975" /><nd ref="62520659" /><nd ref="62520661" /><nd ref="62520663" /><nd ref="9078233660" /><nd ref="62520640" /><nd ref="9068895739" /><nd ref="62520585" /><nd ref="9068895738" /><nd ref="62520664" /><nd ref="62520666" /><nd ref="9078233671" /><nd ref="62520668" /><nd ref="62520670" /><nd ref="62520672" /><nd ref="9083184856" /><nd ref="62520675" /><nd ref="62520676" /><nd ref="9083184859" /><nd ref="62520586" /><tag k="lanes" v="2" /><tag k="name" v="Windwood Drive" /><tag k="highway" v="residential" /><tag k="oneway" v="no" /></way><way user="OSMnx" visible="true" changeset="1" id="8725112" timestamp="2025-12-17T13:47:40Z" version="1" uid="1"><nd ref="62520708" /><nd ref="9481444791" /><nd ref="62520712" /><nd ref="62520713" /><nd ref="9481508379" /><nd ref="62520714" /><nd ref="9481508376" /><nd ref="62520715" /><nd ref="9481508367" /><nd ref="9481508368" /><nd ref="9481508369" /><nd ref="9481508370" /><nd ref="9481508371" /><nd ref="9481508372" /><nd ref="9481508373" /><nd ref="9481508374" /><nd ref="9481508367" /><tag k="lanes" v="2" /><tag k="name" v="Eastbury Court" /><tag k="highway" v="residential" /><tag k="oneway" v="no" /></way><way user="OSMnx" visible="true" changeset="1" id="8725145" timestamp="2025-12-17T13:47:40Z" version="1" uid="1"><nd ref="62521196" /><nd ref="5545419404" /><nd ref="62521198" /><nd ref="1808343228" /><nd ref="1808343238" /><tag k="lanes" v="2" /><tag k="name" v="Winter Garden Court" /><tag k="highway" v="residential" /><tag k="oneway" v="no" /></way><way user="OSMnx" visible="true" changeset="1" id="8725728" timestamp="2025-12-17T13:47:40Z" version="1" uid="1"><nd ref="62527640" /><nd ref="9440511228" /><nd ref="62527643" /><nd ref="62527645" /><nd ref="62527647" /><nd ref="62520708" /><nd ref="62527649" /><nd ref="62527651" /><nd ref="62527654" /><nd ref="62527655" /><nd ref="62527656" /><nd ref="62492286" /><nd ref="62527657" /><nd ref="62527658" /><nd ref="62527660" /><nd ref="62527661" /><nd ref="62527663" /><nd ref="62527664" /><nd ref="62527665" /><nd ref="62527668" /><nd ref="62527670" /><nd ref="62527671" /><nd ref="62527672" /><nd ref="62527674" /><nd ref="7944781468" /><nd ref="62527675" /><tag k="lanes" v="2" /><tag k="name" v="Argonne Drive" /><tag k="highway" v="residential" /><tag k="oneway" v="no" /></way><way user="OSMnx" visible="true" changeset="1" id="8726814" timestamp="2025-12-17T13:47:40Z" version="1" uid="1"><nd ref="62520612" /><nd ref="62539891" /><nd ref="2040159144" /><nd ref="8211820299" /><nd ref="62539868" /><nd ref="9104576851" /><nd ref="62539869" /><nd ref="62539895" /><nd ref="2040159150" /><nd ref="62539896" /><nd ref="62539871" /><nd ref="5288432577" /><nd ref="9078233673" /><nd ref="62539897" /><nd ref="62539872" /><nd ref="5288432602" /><nd ref="2040159142" /><nd ref="5288432605" /><nd ref="62539873" /><nd ref="62539899" /><nd ref="2040159135" /><nd ref="9104489316" /><nd ref="62539875" /><nd ref="2040159147" /><nd ref="62539878" /><nd ref="62539880" /><nd ref="62539882" /><nd ref="62539883" /><nd ref="2040159133" /><tag k="lanes" v="2" /><tag k="name" v="Whisperwood Drive" /><tag k="highway" v="residential" /><tag k="oneway" v="no" /></way><way user="OSMnx" visible="true" changeset="1" id="8726816" timestamp="2025-12-17T13:47:40Z" version="1" uid="1"><nd ref="62520612" /><nd ref="8288155164" /><nd ref="9115584811" /><nd ref="62539904" /><nd ref="62539905" /><nd ref="62539907" /><nd ref="7069445444" /><nd ref="62539909" /><nd ref="62539911" /><nd ref="8211820301" /><nd ref="9102474877" /><nd ref="13239583559" /><nd ref="5288432582" /><nd ref="62539914" /><tag k="lanes" v="2" /><tag k="name" v="Whisperwood Drive" /><tag k="highway" v="residential" /><tag k="oneway" v="no" /></way><way user="OSMnx" visible="true" changeset="1" id="8726953" timestamp="2025-12-17T13:47:40Z" version="1" uid="1"><nd ref="62541802" /><nd ref="7944781454" /><nd ref="7008186675" /><nd ref="7008186678" /><nd ref="62541803" /><tag k="name" v="Westbury Court" /><tag k="highway" v="residential" /><tag k="oneway" v="no" /></way><way user="OSMnx" visible="true" changeset="1" id="8727204" timestamp="2025-12-17T13:47:40Z" version="1" uid="1"><nd ref="62543545" /><nd ref="62543547" /><nd ref="62543549" /><nd ref="1808343253" /><nd ref="62543551" /><tag k="lanes" v="2" /><tag k="name" v="Bunker Hill Road" /><tag k="highway" v="residential" /><tag k="oneway" v="no" /></way><way user="OSMnx" visible="true" changeset="1" id="8727494" timestamp="2025-12-17T13:47:40Z" version="1" uid="1"><nd ref="62547384" /><nd ref="2351506698" /><nd ref="62547387" /><nd ref="62547389" /><nd ref="62547391" /><nd ref="62547393" /><nd ref="62527640" /><nd ref="9440511232" /><nd ref="62547394" /><nd ref="62547395" /><nd ref="62547397" /><nd ref="62547399" /><tag k="lanes" v="2" /><tag k="name" v="Lexington Drive" /><tag k="highway" v="residential" /><tag k="oneway" v="no" /></way><way user="OSMnx" visible="true" changeset="1" id="8728273" timestamp="2025-12-17T13:47:40Z" version="1" uid="1"><nd ref="62527651" /><nd ref="9440511251" /><nd ref="62555932" /><nd ref="62555934" /><nd ref="62555936" /><nd ref="1808343237" /><nd ref="62555939" /><nd ref="62555940" /><nd ref="62555941" /><nd ref="62555942" /><nd ref="62555943" /><nd ref="62492276" /><tag k="lanes" v="2" /><tag k="name" v="Southwick Court" /><tag k="highway" v="residential" /><tag k="oneway" v="no" /></way><way user="OSMnx" visible="true" changeset="1" id="8728812" timestamp="2025-12-17T13:47:40Z" version="1" uid="1"><nd ref="62527651" /><nd ref="9481444780" /><nd ref="62562020" /><nd ref="62562021" /><nd ref="62562024" /><nd ref="62562026" /><nd ref="62562028" /><tag k="lanes" v="2" /><tag k="name" v="Northwick Court" /><tag k="highway" v="residential" /><tag k="oneway" v="no" /></way><way user="OSMnx" visible="true" changeset="1" id="8730897" timestamp="2025-12-17T13:47:40Z" version="1" uid="1"><nd ref="62520647" /><nd ref="5545419408" /><nd ref="62583272" /><nd ref="62583275" /><nd ref="62583279" /><nd ref="62583281" /><nd ref="62583283" /><nd ref="2040159141" /><nd ref="62583285" /><nd ref="62583289" /><nd ref="62583291" /><nd ref="2040159145" /><nd ref="62583292" /><nd ref="2040159137" /><nd ref="2040159132" /><nd ref="62583294" /><nd ref="62583297" /><nd ref="62583299" /><nd ref="2040159153" /><nd ref="62583302" /><nd ref="13239415956" /><nd ref="5545419407" /><nd ref="62583304" /><tag k="name" v="Maitland Drive" /><tag k="highway" v="residential" /><tag k="oneway" v="no" /></way><way user="OSMnx" visible="true" changeset="1" id="8733558" timestamp="2025-12-17T13:47:40Z" version="1" uid="1"><nd ref="9973085717" /><nd ref="9973085718" /><nd ref="62612292" /><nd ref="9973085719" /><nd ref="62612293" /><nd ref="62612295" /><nd ref="62491631" /><nd ref="9973085137" /><nd ref="9973085138" /><nd ref="62612296" /><nd ref="9973085139" /><nd ref="9973085140" /><nd ref="9973085141" /><nd ref="9973085142" /><nd ref="62612298" /><nd ref="9973085145" /><nd ref="9973085144" /><nd ref="9973085143" /><nd ref="62612299" /><nd ref="9973085148" /><nd ref="9973085149" /><nd ref="9973085147" /><nd ref="9973085146" /><nd ref="62612302" /><nd ref="7918798876" /><tag k="lanes" v="2" /><tag k="name" v="Foxway Drive" /><tag k="highway" v="residential" /><tag k="oneway" v="no" /><tag k="maxspeed" v="25 mph" /></way><way user="OSMnx" visible="true" changeset="1" id="8733574" timestamp="2025-12-17T13:47:40Z" version="1" uid="1"><nd ref="62612427" /><nd ref="62539899" /><nd ref="8821423605" /><tag k="lanes" v="2" /><tag k="name" v="Cedarbrook Road" /><tag k="highway" v="residential" /><tag k="oneway" v="no" /></way><way user="OSMnx" visible="true" changeset="1" id="8734190" timestamp="2025-12-17T13:47:40Z" version="1" uid="1"><nd ref="62619707" /><nd ref="7884153009" /><tag k="lanes" v="2" /><tag k="name" v="Mallard Court" /><tag k="highway" v="residential" /><tag k="oneway" v="no" /><tag k="maxspeed" v="25 mph" /></way><way user="OSMnx" visible="true" changeset="1" id="8734940" timestamp="2025-12-17T13:47:40Z" version="1" uid="1"><nd ref="3497528262" /><nd ref="62628307" /><nd ref="62628309" /><nd ref="62628311" /><nd ref="9470062031" /><nd ref="62518936" /><nd ref="62628313" /><nd ref="62628316" /><tag k="lanes" v="2" /><tag k="name" v="Placid Way" /><tag k="highway" v="residential" /><tag k="oneway" v="no" /></way><way user="OSMnx" visible="true" changeset="1" id="169666733" timestamp="2025-12-17T13:47:40Z" version="1" uid="1"><nd ref="1808343248" /><nd ref="1808343256" /><nd ref="1808343234" /><nd ref="1808343228" /><tag k="lanes" v="2" /><tag k="name" v="Winter Garden Court" /><tag k="highway" v="residential" /><tag k="oneway" v="no" /></way><way user="OSMnx" visible="true" changeset="1" id="169666735" timestamp="2025-12-17T13:47:40Z" version="1" uid="1"><nd ref="62520628" /><nd ref="2040159148" /><nd ref="1808343225" /><nd ref="1808343233" /><nd ref="1808343230" /><nd ref="2040159155" /><nd ref="2040159136" /><nd ref="1808343254" /><nd ref="62520598" /><tag k="lanes" v="2" /><tag k="name" v="Windwood Drive" /><tag k="highway" v="residential" /><tag k="oneway" v="no" /></way><way user="OSMnx" visible="true" changeset="1" id="169666736" timestamp="2025-12-17T13:47:40Z" version="1" uid="1"><nd ref="1808343253" /><nd ref="9440487307" /><nd ref="1808343239" /><nd ref="1808343235" /><nd ref="1808343255" /><nd ref="1808343244" /><nd ref="1808343245" /><nd ref="1808343240" /><nd ref="1808343249" /><nd ref="9440487308" /><nd ref="62543549" /><tag k="lanes" v="2" /><tag k="name" v="Bunker Hill Road" /><tag k="highway" v="residential" /><tag k="oneway" v="yes" /></way><way user="OSMnx" visible="true" changeset="1" id="222784527" timestamp="2025-12-17T13:47:40Z" version="1" uid="1"><nd ref="62585605" /><nd ref="62527675" /><nd ref="62585610" /><nd ref="62585612" /><nd ref="7933193022" /><nd ref="62585614" /><nd ref="62585615" /><nd ref="62585617" /><nd ref="62541802" /><nd ref="5014399552" /><tag k="lanes" v="2" /><tag k="name" v="Nixon Road" /><tag k="highway" v="secondary" /><tag k="oneway" v="no" /><tag k="maxspeed" v="30 mph" /></way><way user="OSMnx" visible="true" changeset="1" id="342800805" timestamp="2025-12-17T13:47:40Z" version="1" uid="1"><nd ref="62541796" /><nd ref="62541790" /><nd ref="62541798" /><nd ref="62510362" /><tag k="lanes" v="2" /><tag k="name" v="Westbury Court" /><tag k="highway" v="residential" /><tag k="oneway" v="no" /></way><way user="OSMnx" visible="true" changeset="1" id="342800806" timestamp="2025-12-17T13:47:40Z" version="1" uid="1"><nd ref="5014376165" /><nd ref="62541793" /><nd ref="62541825" /><nd ref="62541827" /><nd ref="62541803" /><tag k="lanes" v="2" /><tag k="name" v="Westbury Court" /><tag k="highway" v="residential" /><tag k="oneway" v="no" /></way><way user="OSMnx" visible="true" changeset="1" id="359430242" timestamp="2025-12-17T13:47:40Z" version="1" uid="1"><nd ref="3641548903" /><nd ref="8905786479" /><nd ref="7205964118" /><nd ref="3641548901" /><nd ref="3641548900" /><nd ref="3641548898" /><nd ref="3641548899" /><tag k="lanes" v="2" /><tag k="name" v="Barclay Way" /><tag k="highway" v="residential" /><tag k="oneway" v="no" /></way><way user="OSMnx" visible="true" changeset="1" id="440954783" timestamp="2025-12-17T13:47:40Z" version="1" uid="1"><nd ref="3641548903" /><nd ref="8910669962" /><nd ref="62515227" /><nd ref="62515230" /><nd ref="62515232" /><nd ref="4819126004" /><nd ref="62515235" /><tag k="lanes" v="2" /><tag k="name" v="Barclay Way" /><tag k="highway" v="residential" /><tag k="oneway" v="no" /></way><way user="OSMnx" visible="true" changeset="1" id="440954784" timestamp="2025-12-17T13:47:40Z" version="1" uid="1"><nd ref="62515182" /><nd ref="62515184" /><nd ref="62515187" /><nd ref="4133300040" /><nd ref="62515188" /><nd ref="62515189" /><nd ref="62515190" /><nd ref="4133300044" /><nd ref="62515192" /><nd ref="62515196" /><nd ref="4133300042" /><nd ref="62515197" /><nd ref="62515198" /><nd ref="62515199" /><nd ref="8910724178" /><nd ref="62515203" /><nd ref="4133300043" /><nd ref="62515205" /><nd ref="62515206" /><nd ref="4819126007" /><nd ref="4819126006" /><nd ref="62515207" /><nd ref="62515210" /><nd ref="4819126005" /><nd ref="62515213" /><nd ref="62515215" /><nd ref="4133300039" /><tag k="lanes" v="2" /><tag k="name" v="Barclay Way" /><tag k="highway" v="residential" /><tag k="oneway" v="no" /></way><way user="OSMnx" visible="true" changeset="1" id="440954785" timestamp="2025-12-17T13:47:40Z" version="1" uid="1"><nd ref="62515182" /><nd ref="4133300046" /><nd ref="7906738633" /><nd ref="62515179" /><tag k="lanes" v="1" /><tag k="name" v="Barclay Way" /><tag k="highway" v="residential" /><tag k="oneway" v="yes" /></way><way user="OSMnx" visible="true" changeset="1" id="440954786" timestamp="2025-12-17T13:47:40Z" version="1" uid="1"><nd ref="3641548903" /><nd ref="4387237259" /><nd ref="4387237258" /><nd ref="4387237257" /><nd ref="4387237260" /><nd ref="4387237262" /><nd ref="4133300039" /><tag k="lanes" v="1" /><tag k="name" v="Barclay Way" /><tag k="highway" v="residential" /><tag k="oneway" v="yes" /></way><way user="OSMnx" visible="true" changeset="1" id="440954787" timestamp="2025-12-17T13:47:40Z" version="1" uid="1"><nd ref="4133300039" /><nd ref="62515217" /><nd ref="62515220" /><nd ref="4387237256" /><nd ref="62515222" /><nd ref="62515223" /><nd ref="62515226" /><nd ref="3641548903" /><tag k="lanes" v="1" /><tag k="name" v="Barclay Way" /><tag k="highway" v="residential" /><tag k="oneway" v="yes" /></way><way user="OSMnx" visible="true" changeset="1" id="440954789" timestamp="2025-12-17T13:47:40Z" version="1" uid="1"><nd ref="62489833" /><nd ref="8204242323" /><nd ref="62570513" /><nd ref="11232830868" /><nd ref="5014399523" /><nd ref="62570516" /><tag k="lanes" v="2" /><tag k="name" v="Dhu Varren Road" /><tag k="highway" v="secondary" /><tag k="oneway" v="no" /><tag k="maxspeed" v="35 mph" /></way><way user="OSMnx" visible="true" changeset="1" id="440954792" timestamp="2025-12-17T13:47:40Z" version="1" uid="1"><nd ref="4144860168" /><nd ref="62539897" /><nd ref="62539914" /><nd ref="62606262" /><nd ref="62521196" /><nd ref="62606264" /><nd ref="62606266" /><nd ref="62583304" /><nd ref="62520647" /><tag k="lanes" v="3" /><tag k="name" v="Green Road" /><tag k="highway" v="tertiary" /><tag k="oneway" v="no" /><tag k="maxspeed" v="35 mph" /></way><way user="OSMnx" visible="true" changeset="1" id="440954800" timestamp="2025-12-17T13:47:40Z" version="1" uid="1"><nd ref="62585626" /><nd ref="7906914644" /><nd ref="62520617" /><nd ref="9555066242" /><tag k="lanes" v="2" /><tag k="name" v="Nixon Road" /><tag k="highway" v="secondary" /><tag k="oneway" v="no" /><tag k="maxspeed" v="35 mph" /></way><way user="OSMnx" visible="true" changeset="1" id="512575033" timestamp="2025-12-17T13:47:40Z" version="1" uid="1"><nd ref="5014399552" /><nd ref="62585620" /><nd ref="62585622" /><nd ref="5237009903" /><tag k="lanes" v="2" /><tag k="name" v="Nixon Road" /><tag k="highway" v="secondary" /><tag k="oneway" v="no" /><tag k="maxspeed" v="30 mph" /></way><way user="OSMnx" visible="true" changeset="1" id="512575039" timestamp="2025-12-17T13:47:40Z" version="1" uid="1"><nd ref="62520647" /><nd ref="62606267" /><tag k="lanes" v="3" /><tag k="name" v="Green Road" /><tag k="highway" v="tertiary" /><tag k="oneway" v="no" /><tag k="maxspeed" v="35 mph" /></way><way user="OSMnx" visible="true" changeset="1" id="512575046" timestamp="2025-12-17T13:47:40Z" version="1" uid="1"><nd ref="62515179" /><nd ref="62585631" /><tag k="lanes" v="2" /><tag k="name" v="Nixon Road" /><tag k="highway" v="secondary" /><tag k="oneway" v="no" /><tag k="maxspeed" v="35 mph" /></way><way user="OSMnx" visible="true" changeset="1" id="512575051" timestamp="2025-12-17T13:47:40Z" version="1" uid="1"><nd ref="4387237248" /><nd ref="7967444627" /><nd ref="62489833" /><tag k="lanes" v="2" /><tag k="name" v="Dhu Varren Road" /><tag k="highway" v="secondary" /><tag k="oneway" v="no" /><tag k="maxspeed" v="35 mph" /></way><way user="OSMnx" visible="true" changeset="1" id="512866815" timestamp="2025-12-17T13:47:40Z" version="1" uid="1"><nd ref="5014397075" /><nd ref="12815729147" /><nd ref="5014397079" /><nd ref="5014397078" /><nd ref="5014397077" /><nd ref="12815729158" /><nd ref="8812512075" /><tag k="name" v="Hayster Drive" /><tag k="highway" v="residential" /><tag k="oneway" v="no" /></way><way user="OSMnx" visible="true" changeset="1" id="512866817" timestamp="2025-12-17T13:47:40Z" version="1" uid="1"><nd ref="11758909062" /><nd ref="11758909060" /><nd ref="7891271005" /><tag k="name" v="Sunton Road" /><tag k="highway" v="residential" /><tag k="oneway" v="no" /></way><way user="OSMnx" visible="true" changeset="1" id="512866820" timestamp="2025-12-17T13:47:40Z" version="1" uid="1"><nd ref="5014399524" /><nd ref="7509672220" /><nd ref="8837121888" /><nd ref="5014399559" /><tag k="name" v="Ashcombe Drive" /><tag k="highway" v="residential" /><tag k="oneway" v="no" /></way><way user="OSMnx" visible="true" changeset="1" id="512866821" timestamp="2025-12-17T13:47:40Z" version="1" uid="1"><nd ref="5014399531" /><nd ref="5035840598" /><tag k="name" v="Hardwick Road" /><tag k="highway" v="residential" /><tag k="oneway" v="no" /></way><way user="OSMnx" visible="true" changeset="1" id="512866822" timestamp="2025-12-17T13:47:40Z" version="1" uid="1"><nd ref="8843484173" /><nd ref="5014399534" /><nd ref="11426765861" /><nd ref="5014399533" /><nd ref="8848254234" /><nd ref="8843484143" /><nd ref="8848211888" /><nd ref="5014399532" /><nd ref="11423094397" /><nd ref="5014399546" /><tag k="name" v="Aughton Road" /><tag k="highway" v="residential" /><tag k="oneway" v="no" /></way><way user="OSMnx" visible="true" changeset="1" id="512866823" timestamp="2025-12-17T13:47:40Z" version="1" uid="1"><nd ref="5014399536" /><nd ref="11426765867" /><nd ref="11426765863" /><nd ref="5014399533" /><nd ref="11426765864" /><nd ref="10921237732" /><nd ref="8848284914" /><nd ref="5014399535" /><tag k="name" v="Brackley Drive" /><tag k="highway" v="residential" /><tag k="oneway" v="no" /></way><way user="OSMnx" visible="true" changeset="1" id="512866824" timestamp="2025-12-17T13:47:40Z" version="1" uid="1"><nd ref="5014399538" /><nd ref="5014399537" /><nd ref="8848308917" /><tag k="name" v="Rayfield Avenue" /><tag k="highway" v="residential" /><tag k="oneway" v="no" /></way><way user="OSMnx" visible="true" changeset="1" id="512866825" timestamp="2025-12-17T13:47:40Z" version="1" uid="1"><nd ref="5014399551" /><nd ref="5014399531" /><nd ref="5014399550" /><nd ref="8843484128" /><nd ref="8843484124" /><nd ref="5014399549" /><nd ref="8843435108" /><nd ref="11426868369" /><nd ref="11426868370" /><nd ref="5014399548" /><nd ref="5014399547" /><nd ref="8843435096" /><nd ref="5014399556" /><tag k="name" v="Purley Avenue" /><tag k="highway" v="residential" /><tag k="oneway" v="no" /></way><way user="OSMnx" visible="true" changeset="1" id="512866826" timestamp="2025-12-17T13:47:40Z" version="1" uid="1"><nd ref="5014399523" /><nd ref="7906712645" /><nd ref="7906712646" /><nd ref="8837121887" /><nd ref="5014399559" /><nd ref="8837121889" /><nd ref="5014399558" /><nd ref="5035840599" /><nd ref="7509672222" /><nd ref="5014399557" /><nd ref="8837121906" /><nd ref="5014399556" /><nd ref="11423094399" /><nd ref="8843435113" /><nd ref="5014399555" /><nd ref="8843484136" /><nd ref="5014399554" /><nd ref="5014399535" /><nd ref="5014399553" /><nd ref="7944781427" /><nd ref="5014399552" /><tag k="name" v="South Spurway Drive" /><tag k="highway" v="residential" /><tag k="oneway" v="no" /></way><way user="OSMnx" visible="true" changeset="1" id="515705930" timestamp="2025-12-17T13:47:40Z" version="1" uid="1"><nd ref="5014399559" /><nd ref="8837121890" /><nd ref="5014399525" /><tag k="name" v="Ashcombe Drive" /><tag k="highway" v="residential" /><tag k="oneway" v="no" /></way><way user="OSMnx" visible="true" changeset="1" id="515707048" timestamp="2025-12-17T13:47:40Z" version="1" uid="1"><nd ref="5014399556" /><nd ref="11423094400" /><nd ref="8843484171" /><nd ref="5014399546" /><nd ref="5014399545" /><nd ref="5014399544" /><nd ref="8843484172" /><nd ref="5014399543" /><nd ref="5014399542" /><nd ref="10103077102" /><nd ref="8843435115" /><nd ref="5014399541" /><nd ref="8843435114" /><nd ref="5014399540" /><nd ref="5014399536" /><nd ref="5014399539" /><nd ref="5014399538" /><tag k="name" v="Corston Road" /><tag k="highway" v="residential" /><tag k="oneway" v="no" /></way><way user="OSMnx" visible="true" changeset="1" id="515707049" timestamp="2025-12-17T13:47:40Z" version="1" uid="1"><nd ref="5035840598" /><nd ref="8843435112" /><nd ref="5014399529" /><nd ref="5014399528" /><nd ref="8843435111" /><nd ref="5014399527" /><nd ref="8843435110" /><nd ref="5014399526" /><nd ref="11423094457" /><nd ref="8843435109" /><nd ref="8843484133" /><nd ref="5014399549" /><tag k="name" v="Ridington Road" /><tag k="highway" v="residential" /><tag k="oneway" v="no" /></way><way user="OSMnx" visible="true" changeset="1" id="541602027" timestamp="2025-12-17T13:47:40Z" version="1" uid="1"><nd ref="5014399549" /><nd ref="8843484117" /><nd ref="5014399554" /><tag k="name" v="Ridington Road" /><tag k="highway" v="residential" /><tag k="oneway" v="no" /></way><way user="OSMnx" visible="true" changeset="1" id="541602028" timestamp="2025-12-17T13:47:40Z" version="1" uid="1"><nd ref="5014399538" /><nd ref="11426765868" /><nd ref="5014399534" /><tag k="name" v="Rayfield Avenue" /><tag k="highway" v="residential" /><tag k="oneway" v="no" /></way><way user="OSMnx" visible="true" changeset="1" id="541603614" timestamp="2025-12-17T13:47:40Z" version="1" uid="1"><nd ref="5237009914" /><nd ref="5237009907" /><nd ref="7906914661" /><nd ref="5237009908" /><nd ref="5237009909" /><tag k="highway" v="secondary" /><tag k="junction" v="roundabout" /><tag k="oneway" v="no" /></way><way user="OSMnx" visible="true" changeset="1" id="541603618" timestamp="2025-12-17T13:47:40Z" version="1" uid="1"><nd ref="7944835690" /><nd ref="7906914643" /><nd ref="7906712640" /><nd ref="7906914663" /><nd ref="5237010128" /><nd ref="5237009909" /><tag k="name" v="Nixon Road" /><tag k="highway" v="secondary" /><tag k="oneway" v="yes" /></way><way user="OSMnx" visible="true" changeset="1" id="541603620" timestamp="2025-12-17T13:47:40Z" version="1" uid="1"><nd ref="7944813969" /><nd ref="62570518" /><tag k="name" v="Dhu Varren Road" /><tag k="highway" v="secondary" /><tag k="oneway" v="yes" /></way><way user="OSMnx" visible="true" changeset="1" id="541603623" timestamp="2025-12-17T13:47:40Z" version="1" uid="1"><nd ref="62570518" /><nd ref="7906914637" /><nd ref="7906914639" /><nd ref="7906914666" /><nd ref="7906914638" /><nd ref="7944813967" /><tag k="name" v="Dhu Varren Road" /><tag k="highway" v="secondary" /><tag k="oneway" v="yes" /></way><way user="OSMnx" visible="true" changeset="1" id="541603625" timestamp="2025-12-17T13:47:40Z" version="1" uid="1"><nd ref="7944781445" /><nd ref="7906914655" /><nd ref="7906914656" /><nd ref="7906914657" /><nd ref="7906914658" /><nd ref="7884408035" /><nd ref="7906712636" /><nd ref="5237010123" /><nd ref="7906914659" /><nd ref="5237009904" /><tag k="name" v="Nixon Road" /><tag k="highway" v="secondary" /><tag k="oneway" v="yes" /></way><way user="OSMnx" visible="true" changeset="1" id="541603627" timestamp="2025-12-17T13:47:40Z" version="1" uid="1"><nd ref="7884408036" /><nd ref="7906914652" /><nd ref="7906914653" /><nd ref="7906914650" /><nd ref="7906914654" /><nd ref="5237009903" /><tag k="name" v="Nixon Road" /><tag k="highway" v="secondary" /><tag k="oneway" v="yes" /></way><way user="OSMnx" visible="true" changeset="1" id="541603629" timestamp="2025-12-17T13:47:40Z" version="1" uid="1"><nd ref="5237009905" /><nd ref="5545419413" /><nd ref="5237010125" /><nd ref="7906712634" /><nd ref="7906914646" /><nd ref="62606267" /><tag k="name" v="Green Road" /><tag k="highway" v="tertiary" /><tag k="oneway" v="yes" /></way><way user="OSMnx" visible="true" changeset="1" id="541603631" timestamp="2025-12-17T13:47:40Z" version="1" uid="1"><nd ref="7944835686" /><nd ref="7906914645" /><nd ref="7906712633" /><nd ref="5237010126" /><nd ref="5545419414" /><nd ref="5237009912" /><tag k="name" v="Green Road" /><tag k="highway" v="tertiary" /><tag k="oneway" v="yes" /></way><way user="OSMnx" visible="true" changeset="1" id="541603633" timestamp="2025-12-17T13:47:40Z" version="1" uid="1"><nd ref="5237009914" /><nd ref="5237010127" /><nd ref="7906712639" /><nd ref="7906914641" /><nd ref="7906914642" /><nd ref="7944835688" /><tag k="name" v="Nixon Road" /><tag k="highway" v="secondary" /><tag k="oneway" v="yes" /></way><way user="OSMnx" visible="true" changeset="1" id="682103162" timestamp="2025-12-17T13:47:40Z" version="1" uid="1"><nd ref="62570516" /><nd ref="62570518" /><tag k="lanes" v="2" /><tag k="name" v="Dhu Varren Road" /><tag k="highway" v="secondary" /><tag k="oneway" v="no" /><tag k="maxspeed" v="35 mph" /></way><way user="OSMnx" visible="true" changeset="1" id="802812049" timestamp="2025-12-17T13:47:40Z" version="1" uid="1"><nd ref="7509672220" /><nd ref="8848211891" /><nd ref="7509672221" /><tag k="name" v="Rathmore Lane" /><tag k="highway" v="residential" /><tag k="oneway" v="no" /></way><way user="OSMnx" visible="true" changeset="1" id="802812050" timestamp="2025-12-17T13:47:40Z" version="1" uid="1"><nd ref="7509672223" /><nd ref="7509672224" /><nd ref="7509672225" /><nd ref="7509672226" /><nd ref="7509672227" /><nd ref="7509672228" /><nd ref="7509672229" /><nd ref="8837121899" /><nd ref="7509672222" /><tag k="name" v="Colley Lane" /><tag k="highway" v="residential" /><tag k="oneway" v="no" /></way><way user="OSMnx" visible="true" changeset="1" id="816779057" timestamp="2025-12-17T13:47:40Z" version="1" uid="1"><nd ref="8812512075" /><nd ref="7906712656" /><nd ref="62515179" /><tag k="name" v="Hayster Drive" /><tag k="highway" v="residential" /><tag k="oneway" v="no" /></way><way user="OSMnx" visible="true" changeset="1" id="915909046" timestamp="2025-12-17T13:47:40Z" version="1" uid="1"><nd ref="11423442367" /><nd ref="7956601417" /><nd ref="5014397113" /><nd ref="5014397114" /><nd ref="12815729162" /><nd ref="5014397075" /><nd ref="5014397115" /><nd ref="7956601416" /><nd ref="5014397116" /><nd ref="5014397080" /><nd ref="7956601415" /><nd ref="5014397117" /><nd ref="7956601414" /><nd ref="5014397118" /><nd ref="7956601413" /><nd ref="5014397119" /><nd ref="7956601412" /><nd ref="5014397120" /><nd ref="5014399521" /><nd ref="5014399522" /><nd ref="7956601411" /><nd ref="7883988724" /><nd ref="5014399523" /><tag k="name" v="North Spurway Drive" /><tag k="highway" v="residential" /><tag k="oneway" v="no" /></way><way user="OSMnx" visible="true" changeset="1" id="915917653" timestamp="2025-12-17T13:47:40Z" version="1" uid="1"><nd ref="5014397091" /><nd ref="7906712660" /><nd ref="5014397090" /><nd ref="7956601419" /><nd ref="5014397089" /><nd ref="7956601420" /><nd ref="5014397088" /><nd ref="8322145221" /><nd ref="8812512075" /><tag k="name" v="Millbury Lane" /><tag k="highway" v="residential" /><tag k="oneway" v="no" /></way><way user="OSMnx" visible="true" changeset="1" id="916017922" timestamp="2025-12-17T13:47:40Z" version="1" uid="1"><nd ref="8812512075" /><nd ref="8828480970" /><nd ref="5014397087" /><nd ref="7956601421" /><nd ref="5014397086" /><nd ref="8826394423" /><nd ref="5014397085" /><nd ref="8826394424" /><nd ref="5014397084" /><nd ref="8826394425" /><nd ref="8826394426" /><nd ref="8826394427" /><nd ref="8826394428" /><nd ref="8826394429" /><nd ref="11232830861" /><nd ref="8826394430" /><nd ref="7628490046" /><nd ref="5014397083" /><nd ref="5014397082" /><nd ref="5014397081" /><nd ref="8826394431" /><nd ref="7956601422" /><nd ref="7956601423" /><nd ref="7956601441" /><nd ref="5014397080" /><tag k="name" v="Brackley Drive" /><tag k="highway" v="residential" /><tag k="oneway" v="no" /></way><way user="OSMnx" visible="true" changeset="1" id="956046505" timestamp="2025-12-17T13:47:40Z" version="1" uid="1"><nd ref="8848284915" /><nd ref="8848308917" /><nd ref="8848284916" /><tag k="name" v="Rayfield Avenue" /><tag k="highway" v="residential" /><tag k="oneway" v="no" /></way><way user="OSMnx" visible="true" changeset="1" id="956046506" timestamp="2025-12-17T13:47:40Z" version="1" uid="1"><nd ref="8848308918" /><nd ref="8848308920" /><nd ref="8848308919" /><tag k="name" v="Stoke way" /><tag k="highway" v="residential" /><tag k="oneway" v="no" /></way><way user="OSMnx" visible="true" changeset="1" id="956046507" timestamp="2025-12-17T13:47:40Z" version="1" uid="1"><nd ref="8848308920" /><nd ref="11423094432" /><nd ref="8848308921" /><nd ref="8848308922" /><nd ref="8848308923" /><nd ref="11423094446" /><nd ref="8843484172" /><tag k="name" v="Stoke way" /><tag k="highway" v="residential" /><tag k="oneway" v="no" /></way><way user="OSMnx" visible="true" changeset="1" id="1007490218" timestamp="2025-12-17T13:47:40Z" version="1" uid="1"><nd ref="5237009920" /><nd ref="5237010121" /><nd ref="7906914660" /><nd ref="5237010122" /><nd ref="5237009904" /><tag k="highway" v="secondary" /><tag k="junction" v="roundabout" /><tag k="oneway" v="no" /></way><way user="OSMnx" visible="true" changeset="1" id="1007490219" timestamp="2025-12-17T13:47:40Z" version="1" uid="1"><nd ref="5237009904" /><nd ref="5237009905" /><tag k="highway" v="tertiary" /><tag k="junction" v="roundabout" /><tag k="oneway" v="no" /></way><way user="OSMnx" visible="true" changeset="1" id="1007490220" timestamp="2025-12-17T13:47:40Z" version="1" uid="1"><nd ref="5237009905" /><nd ref="7906914648" /><nd ref="5237009906" /><nd ref="5237009911" /><nd ref="5237009912" /><tag k="highway" v="secondary" /><tag k="junction" v="roundabout" /><tag k="oneway" v="no" /></way><way user="OSMnx" visible="true" changeset="1" id="1007490221" timestamp="2025-12-17T13:47:40Z" version="1" uid="1"><nd ref="5237009912" /><nd ref="5237009913" /><nd ref="5237009914" /><tag k="highway" v="secondary" /><tag k="junction" v="roundabout" /><tag k="oneway" v="no" /></way><way user="OSMnx" visible="true" changeset="1" id="1007490222" timestamp="2025-12-17T13:47:40Z" version="1" uid="1"><nd ref="5237009909" /><nd ref="5237009910" /><tag k="highway" v="tertiary" /><tag k="junction" v="roundabout" /><tag k="oneway" v="no" /></way><way user="OSMnx" visible="true" changeset="1" id="1007490223" timestamp="2025-12-17T13:47:40Z" version="1" uid="1"><nd ref="5237009910" /><nd ref="5237009915" /><nd ref="5237009916" /><nd ref="7906914647" /><nd ref="5237009917" /><tag k="highway" v="secondary" /><tag k="junction" v="roundabout" /><tag k="oneway" v="no" /></way><way user="OSMnx" visible="true" changeset="1" id="1007490224" timestamp="2025-12-17T13:47:40Z" version="1" uid="1"><nd ref="5237009917" /><nd ref="5237009918" /><nd ref="5237009919" /><nd ref="5237009920" /><tag k="highway" v="secondary" /><tag k="junction" v="roundabout" /><tag k="oneway" v="no" /></way><way user="OSMnx" visible="true" changeset="1" id="1028430985" timestamp="2025-12-17T13:47:40Z" version="1" uid="1"><nd ref="9481508370" /><nd ref="9481508375" /><tag k="highway" v="residential" /><tag k="oneway" v="no" /></way><way user="OSMnx" visible="true" changeset="1" id="1028430986" timestamp="2025-12-17T13:47:40Z" version="1" uid="1"><nd ref="9481508376" /><nd ref="9481508377" /><nd ref="9481508378" /><nd ref="9481508379" /><tag k="highway" v="residential" /><tag k="oneway" v="no" /></way><way user="OSMnx" visible="true" changeset="1" id="1036610905" timestamp="2025-12-17T13:47:40Z" version="1" uid="1"><nd ref="7944835688" /><nd ref="62585626" /><tag k="name" v="Nixon Road" /><tag k="highway" v="secondary" /><tag k="oneway" v="yes" /></way><way user="OSMnx" visible="true" changeset="1" id="1037233219" timestamp="2025-12-17T13:47:40Z" version="1" uid="1"><nd ref="9555066242" /><nd ref="62585629" /><nd ref="62515179" /><tag k="lanes" v="2" /><tag k="name" v="Nixon Road" /><tag k="highway" v="secondary" /><tag k="oneway" v="no" /><tag k="maxspeed" v="35 mph" /></way><way user="OSMnx" visible="true" changeset="1" id="1037348355" timestamp="2025-12-17T13:47:40Z" version="1" uid="1"><nd ref="62520598" /><nd ref="62520601" /><nd ref="9102459443" /><nd ref="62520603" /><nd ref="62520605" /><nd ref="62520609" /><nd ref="62520611" /><nd ref="9102474883" /><nd ref="62520612" /><tag k="lanes" v="2" /><tag k="name" v="Windwood Drive" /><tag k="highway" v="residential" /><tag k="oneway" v="no" /></way><way user="OSMnx" visible="true" changeset="1" id="1039440721" timestamp="2025-12-17T13:47:40Z" version="1" uid="1"><nd ref="5237009920" /><nd ref="7906914651" /><nd ref="7906712637" /><nd ref="5237010124" /><nd ref="7884408036" /><tag k="name" v="Nixon Road" /><tag k="highway" v="secondary" /><tag k="oneway" v="yes" /></way><way user="OSMnx" visible="true" changeset="1" id="1162288689" timestamp="2025-12-17T13:47:40Z" version="1" uid="1"><nd ref="5237009903" /><nd ref="7906914649" /><nd ref="7944781445" /><tag k="name" v="Nixon Road" /><tag k="highway" v="secondary" /><tag k="oneway" v="yes" /></way><way user="OSMnx" visible="true" changeset="1" id="1162289086" timestamp="2025-12-17T13:47:40Z" version="1" uid="1"><nd ref="62585626" /><nd ref="7944835690" /><tag k="name" v="Nixon Road" /><tag k="highway" v="secondary" /><tag k="oneway" v="yes" /></way><way user="OSMnx" visible="true" changeset="1" id="1162289087" timestamp="2025-12-17T13:47:40Z" version="1" uid="1"><nd ref="5237009910" /><nd ref="7906914662" /><nd ref="5237010129" /><nd ref="7906914640" /><nd ref="7944813969" /><tag k="name" v="Dhu Varren Road" /><tag k="highway" v="secondary" /><tag k="oneway" v="yes" /></way><way user="OSMnx" visible="true" changeset="1" id="1162289088" timestamp="2025-12-17T13:47:40Z" version="1" uid="1"><nd ref="7944813967" /><nd ref="7906914665" /><nd ref="5237010130" /><nd ref="7906914664" /><nd ref="5237009917" /><tag k="name" v="Dhu Varren Road" /><tag k="highway" v="secondary" /><tag k="oneway" v="yes" /></way><way user="OSMnx" visible="true" changeset="1" id="1162289089" timestamp="2025-12-17T13:47:40Z" version="1" uid="1"><nd ref="62606267" /><nd ref="7944835686" /><tag k="name" v="Green Road" /><tag k="highway" v="tertiary" /><tag k="oneway" v="yes" /></way><way user="OSMnx" visible="true" changeset="1" id="1265879066" timestamp="2025-12-17T13:47:40Z" version="1" uid="1"><nd ref="11758909060" /><nd ref="11758909061" /><tag k="highway" v="residential" /><tag k="oneway" v="no" /></way></osm>