0.50 1.86
0.50 1.58
0.50 1.37
0.50 1.35
0.50 1.86
0.50 2.24
0.50 2.24
0.50 1.14
0.50 1.49
0.50 2.44
0.50 1.76
0.50 1.14
0.50 1.58
0.50 2.67
0.50 1.89
0.50 2.44
0.50 2.05
0.50 1.45
0.50 1.62
0.50 1.24
1.00 3.78
1.00 1.86
1.00 2.16
1.00 2.01
1.00 1.71
1.00 3.20
1.00 2.92
1.00 2.16
1.00 2.03
1.00 2.34
1.00 3.20
1.00 2.31
1.00 2.31
1.00 2.92
1.00 2.01
1.00 4.13
1.00 3.48
1.00 3.48
1.00 1.71
1.00 3.78
1.50 4.72
1.50 3.20
1.50 2.82
1.50 4.78
1.50 3.55
1.50 2.64
1.50 3.30
1.50 2.64
1.50 3.08
1.50 4.51
1.50 4.86
1.50 4.95
1.50 4.78
1.50 4.95
1.50 3.01
1.50 3.54
1.50 3.20
1.50 4.72
1.50 3.01
1.50 2.47
2.00 3.59
2.00 3.61
2.00 4.27
2.00 4.06
2.00 4.08
2.00 3.40
2.00 3.61
2.00 4.66
2.00 3.83
2.00 3.64
2.00 4.61
2.00 3.57
2.00 4.27
2.00 3.40
2.00 4.06
2.00 4.61
2.00 4.54
2.00 4.57
2.00 4.08
2.00 4.54
2.50 4.11
2.50 4.13
2.50 4.50
2.50 3.76
2.50 4.19
2.50 4.13
2.50 4.27
2.50 4.50
2.50 4.47
2.50 3.84
2.50 4.15
2.50 3.70
2.50 3.73
2.50 4.45
2.50 4.27
2.50 4.51
2.50 4.09
2.50 4.11
2.50 4.51
2.50 4.47
5.00 5.00
5.00 2.52
5.00 2.97
5.00 5.00
5.00 1.65
5.00 3.81
5.00 1.20
5.00 0.65
5.00 1.20
5.00 5.00
5.00 5.00
5.00 5.00
5.00 5.00
5.00 0.46
5.00 3.76
5.00 5.00
5.00 4.31
5.00 0.82
5.00 2.50
5.00 5.00
5.00 0.59
5.00 2.22
5.00 4.10
5.00 5.00
5.00 1.96
5.00 2.14
5.00 4.38
5.00 4.53
5.00 1.93
5.00 1.46
5.00 1.63
5.00 5.00
5.00 3.68
5.00 1.96
5.00 2.05
5.00 4.02
5.00 0.51
5.00 0.88
5.00 5.00
5.00 1.32
5.00 5.00
5.00 3.52
5.00 5.00
5.00 2.61
5.00 2.50
5.00 2.75
5.00 3.81
5.00 5.00
5.00 4.41
5.00 5.00
5.00 2.06
5.00 1.90
5.00 5.00
5.00 5.00
5.00 0.83
5.00 5.00
5.00 3.87
5.00 5.00
5.00 3.03
5.00 0.61
0.00 1.22
0.00 0.92
0.00 0.94
0.00 0.94
0.00 0.94
0.00 1.68
0.00 1.25
0.00 1.11
0.00 0.95
0.00 0.98
0.00 1.36
0.00 1.14
0.00 0.82
0.00 0.82
0.00 0.98
0.00 1.04
0.00 0.92
0.00 0.94
0.00 1.25
0.00 1.03
3.00 4.25
3.00 4.47
3.00 4.36
3.00 4.53
3.00 4.31
3.00 4.35
3.00 4.02
3.00 4.07
3.00 4.41
3.00 3.93
3.00 4.27
3.00 4.30
3.00 4.49
3.00 4.55
3.00 3.97
3.00 3.89
3.00 4.40
3.00 4.51
3.00 4.22
3.00 4.47
3.50 4.36
3.50 4.67
3.50 4.50
3.50 4.61
3.50 4.24
3.50 4.19
3.50 4.30
3.50 4.58
3.50 4.18
3.50 4.45
3.50 4.71
3.50 3.99
3.50 4.13
3.50 4.67
3.50 4.24
3.50 4.56
3.50 4.18
3.50 4.09
3.50 4.64
3.50 4.61
4.00 4.43
4.00 4.90
4.00 4.53
4.00 4.43
4.00 4.73
4.00 4.98
4.00 4.92
4.00 4.74
4.00 4.58
4.00 4.53
4.00 3.91
4.00 4.86
4.00 4.79
4.00 4.78
4.00 4.48
4.00 3.95
4.00 4.82
4.00 4.48
4.00 4.85
4.00 4.58
4.50 4.71
4.50 4.99
4.50 5.00
4.50 4.77
4.50 5.00
4.50 5.00
4.50 4.91
4.50 4.71
4.50 5.00
4.50 5.00
4.50 5.00
4.50 4.84
4.50 4.84
4.50 4.77
4.50 4.95
4.50 4.91
4.50 5.00
4.50 4.99
4.50 5.00
4.50 4.99
0.50 1.34
0.50 1.78
0.50 1.43
0.50 1.53
0.50 1.78
0.50 1.34
0.50 1.53
0.50 1.66
0.50 1.66
0.50 1.43
1.00 1.91
1.00 1.91
1.00 2.19
1.00 2.19
1.00 2.05
1.00 2.35
1.00 2.35
1.00 2.52
1.00 2.52
1.00 2.05
1.50 3.54
1.50 2.70
1.50 2.70
1.50 3.54
1.50 2.90
1.50 3.10
1.50 3.31
1.50 2.90
1.50 3.31
1.50 3.10
2.00 4.31
2.00 3.78
2.00 4.34
2.00 4.32
2.00 4.03
2.00 4.03
2.00 4.32
2.00 4.31
2.00 4.34
2.00 3.78
2.50 4.37
2.50 4.39
2.50 4.45
2.50 4.42
2.50 4.37
2.50 4.49
2.50 4.39
2.50 4.45
2.50 4.49
2.50 4.42
3.00 4.57
3.00 4.66
3.00 4.61
3.00 4.53
3.00 4.61
3.00 4.71
3.00 4.71
3.00 4.66
3.00 4.57
3.00 4.53
3.50 4.82
3.50 4.76
3.50 4.82
3.50 4.87
3.50 4.99
3.50 4.76
3.50 4.93
3.50 4.93
3.50 4.87
3.50 4.99
4.00 5.00
4.00 5.00
4.00 5.00
4.00 5.00
4.00 5.00
4.00 5.00
4.00 5.00
4.00 5.00
4.00 5.00
4.00 5.00
4.50 5.00
4.50 5.00
4.50 5.00
4.50 5.00
4.50 5.00
4.50 5.00
4.50 5.00
4.50 5.00
4.50 5.00
4.50 5.00
5.00 5.00
5.00 5.00
5.00 4.15
5.00 5.00
5.00 1.76
5.00 5.00
5.00 5.00
5.00 5.00
5.00 5.00
5.00 5.00
5.00 5.00
5.00 5.00
5.00 5.00
5.00 3.48
5.00 5.00
5.00 5.00
5.00 5.00
5.00 5.00
5.00 3.17
5.00 2.95
5.00 5.00
5.00 5.00
5.00 5.00
5.00 5.00
5.00 5.00
5.00 5.00
5.00 5.00
5.00 5.00
5.00 4.29
5.00 5.00
0.00 1.05
0.00 1.04
0.00 1.14
0.00 1.14
0.00 1.05
0.00 1.04
0.00 1.04
0.00 1.04
0.00 1.24
0.00 1.24
0.50 0.47
0.50 0.48
0.50 0.46
0.50 0.48
0.50 0.46
1.00 0.53
1.00 0.51
1.00 0.52
1.00 0.50
1.00 0.52
1.50 0.56
1.50 0.56
1.50 0.56
1.50 0.56
1.50 0.54
2.00 0.56
2.00 0.57
2.00 0.56
2.00 0.57
2.00 0.56
5.00 0.41
5.00 0.21
5.00 3.52
5.00 5.00
5.00 0.66
5.00 0.46
5.00 0.55
5.00 0.38
5.00 0.53
5.00 0.49
5.00 5.00
5.00 5.00
5.00 0.56
5.00 0.56
5.00 5.00
0.00 0.46
0.00 0.46
0.00 0.20
0.00 0.20
0.00 0.26
2.50 0.56
2.50 0.56
2.50 0.56
2.50 0.55
2.50 0.57
0.50 1.99
0.50 0.94
0.50 1.57
0.50 1.84
0.50 1.02
0.50 1.57
0.50 1.10
0.50 1.44
0.50 1.27
0.50 1.70
0.50 1.17
0.50 1.99
0.50 1.44
0.50 1.84
0.50 1.70
1.00 2.14
1.00 2.66
1.00 2.30
1.00 2.86
1.00 1.69
1.00 1.47
1.00 2.30
1.00 2.86
1.00 1.36
1.00 2.48
1.00 2.66
1.00 1.57
1.00 1.79
1.00 2.14
1.00 2.48
1.50 3.26
1.50 2.02
1.50 3.48
1.50 3.71
1.50 2.39
1.50 3.05
1.50 2.27
1.50 3.05
1.50 1.90
1.50 3.71
1.50 3.97
1.50 2.14
1.50 3.26
1.50 2.27
1.50 2.39
2.00 2.88
2.00 3.90
2.00 3.92
2.00 3.95
2.00 3.95
2.00 3.93
2.00 2.92
2.00 3.93
2.00 3.92
2.00 2.51
2.00 3.91
2.00 2.51
2.00 2.78
2.00 2.78
2.00 2.88
2.50 3.89
2.50 3.89
2.50 3.89
2.50 3.88
2.50 2.81
2.50 3.88
2.50 2.84
2.50 3.89
2.50 3.89
2.50 2.84
2.50 2.71
2.50 2.74
2.50 2.74
2.50 2.77
2.50 2.71
3.00 3.88
3.00 3.88
3.00 2.61
3.00 3.88
3.00 2.68
3.00 2.59
3.00 2.61
3.00 3.88
3.00 3.88
3.00 2.63
3.00 3.88
3.00 2.59
3.00 3.88
3.00 2.65
3.00 3.88
3.50 3.87
3.50 3.88
3.50 3.87
3.50 3.87
3.50 2.55
3.50 2.57
3.50 3.88
3.50 2.53
3.50 3.87
3.50 2.57
3.50 3.88
3.50 3.88
3.50 2.52
3.50 2.50
3.50 3.88
4.00 3.85
4.00 3.84
4.00 3.83
4.00 2.47
4.00 3.85
4.00 2.48
4.00 3.83
4.00 2.47
4.00 3.84
4.00 2.47
4.00 2.49
4.00 2.48
4.00 2.47
4.00 3.82
4.00 2.48
4.50 3.81
4.50 3.79
4.50 3.75
4.50 2.46
4.50 2.46
4.50 2.46
4.50 2.46
4.50 3.79
4.50 3.81
4.50 2.46
4.50 3.77
4.50 3.73
4.50 2.47
4.50 3.77
4.50 2.46
5.00 5.00
5.00 5.00
5.00 0.53
5.00 5.00
5.00 0.39
5.00 5.00
5.00 5.00
5.00 2.44
5.00 2.00
5.00 0.42
5.00 5.00
5.00 5.00
5.00 2.71
5.00 2.64
5.00 5.00
5.00 5.00
5.00 0.59
5.00 5.00
5.00 5.00
5.00 5.00
5.00 5.00
5.00 5.00
5.00 1.97
5.00 2.64
5.00 5.00
5.00 5.00
5.00 5.00
5.00 5.00
5.00 0.41
5.00 2.67
5.00 2.69
5.00 5.00
5.00 2.52
5.00 5.00
5.00 5.00
5.00 3.05
5.00 0.48
5.00 2.61
5.00 5.00
5.00 0.59
5.00 5.00
5.00 5.00
5.00 0.49
5.00 3.24
5.00 0.39
0.00 0.80
0.00 0.79
0.00 0.87
0.00 0.79
0.00 1.23
0.00 1.23
0.00 0.87
0.00 0.80
0.00 1.04
0.00 1.32
0.00 1.04
0.00 0.95
0.00 0.79
0.00 0.95
0.00 0.79
0.50 1.74
0.50 1.57
0.50 1.60
0.50 1.70
0.50 1.36
0.50 1.70
0.50 1.84
0.50 1.32
0.50 1.54
0.50 1.64
0.50 1.60
0.50 1.74
0.50 1.18
0.50 1.84
0.50 1.48
0.50 1.18
0.50 1.27
0.50 1.48
0.50 1.64
0.50 1.54
0.50 1.44
0.50 1.36
0.50 1.94
0.50 1.32
0.50 1.44
0.50 1.57
0.50 1.27
0.50 1.94
0.50 1.84
0.50 1.84
1.00 2.29
1.00 2.47
1.00 2.14
1.00 2.04
1.00 2.00
1.00 2.14
1.00 1.99
1.00 1.86
1.00 2.14
1.00 2.30
1.00 1.73
1.00 2.29
1.00 1.86
1.00 2.24
1.00 2.34
1.00 2.24
1.00 2.51
1.00 2.65
1.00 2.14
1.00 2.14
1.00 2.47
1.00 2.04
1.00 2.34
1.00 2.14
1.00 2.30
1.00 1.73
1.00 1.99
1.00 2.51
1.00 2.65
1.00 2.00
1.50 3.15
1.50 3.24
1.50 3.45
1.50 3.13
1.50 2.62
1.50 3.45
1.50 3.24
1.50 3.68
1.50 2.45
1.50 3.37
1.50 2.45
1.50 2.79
1.50 3.37
1.50 2.91
1.50 2.70
1.50 2.70
1.50 2.79
1.50 3.61
1.50 2.97
1.50 2.84
1.50 3.61
1.50 2.84
1.50 3.03
1.50 3.15
1.50 3.03
1.50 3.68
1.50 2.97
1.50 3.13
1.50 2.91
1.50 2.62
2.00 3.87
2.00 3.91
2.00 3.89
2.00 3.76
2.00 4.47
2.00 3.88
2.00 3.88
2.00 3.90
2.00 4.47
2.00 3.87
2.00 4.81
2.00 3.55
2.00 3.77
2.00 4.81
2.00 3.77
2.00 4.81
2.00 3.35
2.00 3.89
2.00 3.90
2.00 3.76
2.00 3.55
2.00 4.16
2.00 3.91
2.00 4.81
2.00 3.93
2.00 3.35
2.00 3.75
2.00 3.75
2.00 3.93
2.00 4.16
2.50 3.73
2.50 3.74
2.50 3.87
2.50 3.86
2.50 3.87
2.50 3.74
2.50 3.73
2.50 4.88
2.50 4.83
2.50 3.86
2.50 3.87
2.50 3.74
2.50 3.74
2.50 3.73
2.50 3.86
2.50 4.83
2.50 4.82
2.50 3.73
2.50 3.86
2.50 4.85
2.50 3.73
2.50 4.88
2.50 3.87
2.50 3.73
2.50 4.85
2.50 3.86
2.50 4.90
2.50 4.90
2.50 3.86
2.50 4.82
3.00 3.73
3.00 3.85
3.00 3.85
3.00 3.73
3.00 3.73
3.00 3.73
3.00 4.93
3.00 3.85
3.00 3.85
3.00 5.00
3.00 3.85
3.00 5.00
3.00 5.00
3.00 5.00
3.00 3.85
3.00 3.85
3.00 3.73
3.00 4.97
3.00 3.73
3.00 3.73
3.00 5.00
3.00 3.73
3.00 3.85
3.00 5.00
3.00 4.93
3.00 3.73
3.00 3.85
3.00 3.73
3.00 4.97
3.00 3.85
3.50 3.73
3.50 3.84
3.50 3.82
3.50 3.73
3.50 3.74
3.50 3.74
3.50 5.00
3.50 3.84
3.50 3.85
3.50 3.85
3.50 5.00
3.50 3.73
3.50 5.00
3.50 5.00
3.50 3.73
3.50 3.84
3.50 3.73
3.50 5.00
3.50 5.00
3.50 3.84
3.50 3.74
3.50 3.73
3.50 3.82
3.50 3.83
3.50 5.00
3.50 3.74
3.50 3.83
3.50 5.00
3.50 5.00
3.50 5.00
4.00 3.77
4.00 3.75
4.00 5.00
4.00 3.75
4.00 3.78
4.00 5.00
4.00 5.00
4.00 3.74
4.00 3.80
4.00 3.77
4.00 5.00
4.00 3.74
4.00 5.00
4.00 5.00
4.00 3.75
4.00 3.81
4.00 3.74
4.00 5.00
4.00 3.74
4.00 3.75
4.00 3.75
4.00 3.74
4.00 5.00
4.00 3.74
4.00 5.00
4.00 3.78
4.00 3.81
4.00 5.00
4.00 3.80
4.00 3.75
4.50 3.78
4.50 5.00
4.50 3.75
4.50 3.73
4.50 5.00
4.50 3.70
4.50 5.00
4.50 3.68
4.50 5.00
4.50 3.61
4.50 5.00
4.50 3.73
4.50 3.78
4.50 3.77
4.50 3.76
4.50 5.00
4.50 3.76
4.50 3.76
4.50 3.77
4.50 3.75
4.50 5.00
4.50 5.00
4.50 3.65
4.50 3.68
4.50 3.61
4.50 5.00
4.50 3.70
4.50 5.00
4.50 3.76
4.50 3.65
5.00 5.00
5.00 5.00
5.00 1.77
5.00 0.24
5.00 5.00
5.00 5.00
5.00 1.73
5.00 2.75
5.00 5.00
5.00 2.89
5.00 5.00
5.00 1.42
5.00 5.00
5.00 0.27
5.00 0.29
5.00 1.17
5.00 1.75
5.00 5.00
5.00 5.00
5.00 5.00
5.00 5.00
5.00 3.35
5.00 5.00
5.00 5.00
5.00 3.37
5.00 1.47
5.00 0.43
5.00 5.00
5.00 3.99
5.00 5.00
5.00 3.87
5.00 2.83
5.00 1.42
5.00 5.00
5.00 5.00
5.00 2.57
5.00 0.45
5.00 0.44
5.00 5.00
5.00 5.00
5.00 4.34
5.00 5.00
5.00 1.46
5.00 5.00
5.00 5.00
5.00 5.00
5.00 3.93
5.00 5.00
5.00 5.00
5.00 1.03
5.00 5.00
5.00 5.00
5.00 2.81
5.00 5.00
5.00 1.09
5.00 4.33
5.00 5.00
5.00 2.83
5.00 5.00
5.00 5.00
5.00 5.00
5.00 3.96
5.00 5.00
5.00 5.00
5.00 2.65
5.00 5.00
5.00 5.00
5.00 2.82
5.00 2.95
5.00 3.60
5.00 5.00
5.00 5.00
5.00 5.00
5.00 5.00
5.00 3.50
5.00 3.91
5.00 5.00
5.00 5.00
5.00 3.16
5.00 0.32
5.00 5.00
5.00 1.35
5.00 5.00
5.00 1.99
5.00 5.00
5.00 3.89
5.00 5.00
5.00 1.05
5.00 5.00
5.00 1.42
0.00 1.09
0.00 0.91
0.00 0.91
0.00 1.13
0.00 1.34
0.00 1.44
0.00 0.91
0.00 0.94
0.00 1.13
0.00 1.04
0.00 1.00
0.00 1.34
0.00 1.59
0.00 1.00
0.00 0.85
0.00 0.91
0.00 1.34
0.00 0.85
0.00 1.44
0.00 0.91
0.00 1.22
0.00 1.44
0.00 0.94
0.00 1.59
0.00 1.04
0.00 1.44
0.00 0.91
0.00 1.22
0.00 1.34
0.00 1.09
0.50 1.38
0.50 1.48
0.50 1.58
0.50 1.58
0.50 1.81
1.00 2.51
1.00 2.05
1.00 2.18
1.00 2.18
1.00 2.34
1.50 3.08
1.50 3.29
1.50 2.69
1.50 2.88
1.50 2.69
2.00 4.25
2.00 3.74
2.00 4.25
2.00 3.99
2.00 4.25
2.50 4.26
2.50 4.29
2.50 4.27
2.50 4.25
2.50 4.26
3.00 4.33
3.00 4.31
3.00 4.36
3.00 4.33
3.00 4.34
3.50 4.42
3.50 4.37
3.50 4.40
3.50 4.41
3.50 4.38
5.00 2.02
5.00 3.24
5.00 2.18
5.00 3.71
5.00 2.27
5.00 2.40
5.00 3.79
5.00 3.23
5.00 3.28
5.00 5.00
5.00 4.91
5.00 3.27
5.00 2.39
5.00 2.39
5.00 2.27
0.00 1.12
0.00 1.09
0.00 1.09
0.00 1.09
0.00 1.29
4.00 4.44
4.00 4.44
4.00 4.44
4.00 4.43
4.00 4.43
4.50 4.44
4.50 4.44
4.50 4.43
4.50 4.41
4.50 4.42
0.50 2.04
0.50 1.72
0.50 1.88
0.50 1.57
0.50 2.04
1.00 2.79
1.00 2.58
1.00 2.21
1.00 2.39
1.00 2.79
3.50 3.73
3.50 3.72
3.50 3.73
3.50 3.73
3.50 3.73
4.00 3.73
4.00 3.73
4.00 3.73
4.00 3.73
4.00 3.73
4.50 3.70
4.50 3.71
4.50 3.72
4.50 3.72
4.50 3.73
5.00 5.00
5.00 5.00
5.00 5.00
5.00 2.92
5.00 3.42
5.00 2.72
5.00 5.00
5.00 5.00
5.00 5.00
5.00 5.00
5.00 5.00
5.00 5.00
5.00 5.00
5.00 1.86
5.00 5.00
0.00 0.83
0.00 0.94
0.00 0.94
0.00 1.05
0.00 1.29
1.50 3.93
1.50 3.21
1.50 3.98
1.50 3.45
1.50 3.70
2.00 3.83
2.00 3.79
2.00 3.90
2.00 3.81
2.00 3.86
2.50 3.74
2.50 3.73
2.50 3.77
2.50 3.76
2.50 3.75
3.00 3.72
3.00 3.73
3.00 3.72
3.00 3.73
3.00 3.72
0.50 1.70
0.50 2.01
0.50 2.10
0.50 1.88
0.50 2.01
0.50 1.94
0.50 1.78
0.50 1.94
0.50 1.55
0.50 2.10
0.50 1.62
0.50 1.88
0.50 1.62
0.50 2.02
0.50 1.75
0.50 2.02
0.50 1.63
0.50 1.48
0.50 2.15
0.50 1.86
0.50 1.78
0.50 1.55
0.50 2.18
0.50 2.01
0.50 1.86
0.50 1.70
1.00 2.88
1.00 2.78
1.00 2.46
1.00 3.01
1.00 2.56
1.00 2.56
1.00 2.88
1.00 2.90
1.00 3.01
1.00 2.48
1.00 3.09
1.00 2.00
1.00 3.09
1.00 2.27
1.00 2.78
1.00 2.04
1.00 2.09
1.00 3.26
1.00 2.29
1.00 3.14
1.00 2.15
1.00 3.26
1.00 2.66
1.00 2.36
1.00 2.68
1.00 2.36
1.50 3.84
1.50 4.31
1.50 2.57
1.50 3.57
1.50 2.38
1.50 3.57
1.50 3.65
1.50 3.84
1.50 4.14
1.50 3.32
1.50 3.84
1.50 4.09
1.50 4.24
1.50 4.68
1.50 4.14
1.50 4.27
1.50 2.47
1.50 3.50
1.50 4.16
1.50 4.27
1.50 3.67
1.50 4.09
1.50 4.20
1.50 3.32
1.50 3.53
1.50 2.68
2.00 3.96
2.00 4.05
2.00 5.00
2.00 4.29
2.00 2.83
2.00 2.80
2.00 4.30
2.00 4.30
2.00 5.00
2.00 2.87
2.00 4.29
2.00 3.98
2.00 4.01
2.00 3.94
2.00 5.00
2.00 3.98
2.00 4.28
2.00 4.29
2.00 3.94
2.00 5.00
2.00 2.91
2.00 4.30
2.00 3.96
2.00 4.30
2.00 4.05
2.00 2.97
2.50 3.89
2.50 5.00
2.50 4.21
2.50 5.00
2.50 3.88
2.50 3.88
2.50 3.12
2.50 4.21
2.50 4.24
2.50 5.00
2.50 3.90
2.50 4.22
2.50 5.00
2.50 4.21
2.50 3.89
2.50 3.87
2.50 3.46
2.50 5.00
2.50 3.21
2.50 3.87
2.50 3.04
2.50 4.26
2.50 3.92
2.50 3.92
2.50 4.22
2.50 4.24
3.00 3.99
3.00 4.22
3.00 4.26
3.00 4.22
3.00 3.87
3.00 5.00
3.00 4.29
3.00 5.00
3.00 3.86
3.00 4.22
3.00 3.86
3.00 3.86
3.00 3.86
3.00 3.86
3.00 4.21
3.00 4.24
3.00 3.86
3.00 3.86
3.00 5.00
3.00 5.00
3.00 5.00
3.00 4.29
3.00 4.50
3.00 4.26
3.00 3.86
3.00 4.21
3.50 3.85
3.50 4.53
3.50 5.00
3.50 3.85
3.50 4.41
3.50 4.32
3.50 5.00
3.50 5.00
3.50 4.53
3.50 3.85
3.50 3.85
3.50 4.83
3.50 5.00
3.50 5.00
3.50 4.36
3.50 5.00
3.50 3.85
3.50 4.32
3.50 4.47
3.50 3.85
3.50 3.85
3.50 4.36
3.50 4.47
3.50 3.85
3.50 5.00
3.50 3.85
4.00 4.86
4.00 3.86
4.00 5.00
4.00 4.76
4.00 4.68
4.00 5.00
4.00 3.86
4.00 3.86
4.00 5.00
4.00 5.00
4.00 5.00
4.00 3.86
4.00 3.86
4.00 3.86
4.00 5.00
4.00 5.00
4.00 3.85
4.00 5.00
4.00 4.60
4.00 4.76
4.00 3.86
4.00 4.86
4.00 4.96
4.00 3.85
4.00 4.68
4.00 4.96
4.50 3.88
4.50 5.00
4.50 5.00
4.50 5.00
4.50 3.89
4.50 5.00
4.50 3.87
4.50 3.87
4.50 5.00
4.50 5.00
4.50 5.00
4.50 5.00
4.50 5.00
4.50 5.00
4.50 3.87
4.50 3.86
4.50 3.87
4.50 5.00
4.50 3.88
4.50 5.00
4.50 3.86
4.50 5.00
4.50 5.00
4.50 5.00
4.50 3.89
4.50 5.00
5.00 3.49
5.00 5.00
5.00 3.47
5.00 5.00
5.00 5.00
5.00 1.59
5.00 5.00
5.00 4.47
5.00 2.54
5.00 5.00
5.00 5.00
5.00 5.00
5.00 5.00
5.00 5.00
5.00 5.00
5.00 5.00
5.00 2.01
5.00 2.01
5.00 2.28
5.00 3.61
5.00 5.00
5.00 3.83
5.00 3.05
5.00 3.79
5.00 5.00
5.00 2.03
5.00 5.00
5.00 5.00
5.00 3.92
5.00 5.00
5.00 5.00
5.00 5.00
5.00 5.00
5.00 2.99
5.00 1.94
5.00 5.00
5.00 5.00
5.00 3.41
5.00 1.91
5.00 5.00
5.00 5.00
5.00 5.00
5.00 3.50
5.00 3.53
5.00 1.80
5.00 5.00
5.00 1.63
5.00 3.58
5.00 1.32
5.00 3.38
5.00 4.24
5.00 2.70
5.00 4.42
5.00 5.00
5.00 5.00
5.00 1.62
5.00 1.70
5.00 3.93
5.00 5.00
5.00 3.34
5.00 5.00
5.00 5.00
5.00 5.00
5.00 3.00
5.00 5.00
5.00 5.00
5.00 5.00
5.00 3.41
5.00 5.00
5.00 5.00
5.00 5.00
5.00 3.06
5.00 5.00
5.00 3.52
5.00 1.86
5.00 3.78
5.00 5.00
5.00 5.00
0.00 1.33
0.00 0.92
0.00 1.12
0.00 1.42
0.00 1.53
0.00 1.04
0.00 0.93
0.00 1.22
0.00 1.17
0.00 1.02
0.00 1.29
0.00 1.13
0.00 1.13
0.00 0.93
0.00 1.34
0.00 1.33
0.00 1.17
0.00 1.42
0.00 1.04
0.00 1.02
0.00 1.43
0.00 1.22
0.00 0.92
0.00 1.53
0.00 1.23
0.00 1.29
0.50 2.09
0.50 2.09
0.50 1.75
0.50 1.80
0.50 1.58
0.50 1.80
0.50 1.67
0.50 1.92
0.50 1.75
0.50 2.09
0.50 2.27
0.50 2.27
0.50 2.27
0.50 1.94
0.50 1.94
1.00 2.90
1.00 3.42
1.00 2.46
1.00 3.15
1.00 2.69
1.00 2.93
1.00 2.69
1.00 3.42
1.00 2.90
1.00 2.47
1.00 3.15
1.00 3.16
1.00 2.47
1.00 3.16
1.00 2.67
1.50 4.29
1.50 4.12
1.50 3.60
1.50 4.25
1.50 4.41
1.50 4.66
1.50 3.69
1.50 3.85
1.50 4.12
1.50 3.69
1.50 4.34
1.50 4.34
1.50 4.25
1.50 4.00
1.50 3.85
2.00 4.53
2.00 4.53
2.00 4.15
2.00 4.19
2.00 4.52
2.00 4.15
2.00 4.22
2.00 4.54
2.00 4.22
2.00 4.53
2.00 4.53
2.00 4.17
2.00 4.16
2.00 4.54
2.00 4.17
2.50 4.14
2.50 4.14
2.50 4.15
2.50 4.16
2.50 4.54
2.50 4.52
2.50 4.16
2.50 4.56
2.50 4.14
2.50 4.56
2.50 4.52
2.50 4.14
2.50 4.53
2.50 4.14
2.50 4.14
3.00 4.20
3.00 4.17
3.00 4.22
3.00 4.17
3.00 4.62
3.00 4.24
3.00 4.24
3.00 4.19
3.00 4.19
3.00 4.65
3.00 4.65
3.00 4.67
3.00 4.57
3.00 4.60
3.00 4.22
3.50 4.73
3.50 4.25
3.50 4.77
3.50 4.70
3.50 4.29
3.50 4.84
3.50 4.80
3.50 4.25
3.50 4.84
3.50 4.33
3.50 4.73
3.50 4.80
3.50 4.77
3.50 4.70
3.50 4.41
5.00 5.00
5.00 5.00
5.00 5.00
5.00 5.00
5.00 5.00
5.00 5.00
5.00 5.00
5.00 3.97
5.00 5.00
5.00 5.00
5.00 5.00
5.00 4.23
5.00 3.81
5.00 5.00
5.00 2.69
5.00 4.59
5.00 5.00
5.00 5.00
5.00 5.00
5.00 5.00
5.00 5.00
5.00 5.00
5.00 5.00
5.00 5.00
5.00 5.00
5.00 3.44
5.00 5.00
5.00 5.00
5.00 5.00
5.00 3.99
5.00 4.00
5.00 5.00
5.00 5.00
5.00 5.00
5.00 5.00
5.00 5.00
5.00 5.00
5.00 5.00
5.00 5.00
5.00 5.00
5.00 5.00
5.00 5.00
5.00 5.00
5.00 5.00
5.00 4.06
0.00 1.16
0.00 1.29
0.00 0.91
0.00 1.03
0.00 1.21
0.00 1.03
0.00 1.43
0.00 1.21
0.00 1.16
0.00 0.91
0.00 1.41
0.00 1.11
0.00 1.11
0.00 1.54
0.00 1.43
4.00 4.98
4.00 4.94
4.00 5.00
4.00 5.00
4.00 4.91
4.00 4.61
4.00 4.87
4.00 4.67
4.00 4.91
4.00 4.46
4.00 4.98
4.00 4.87
4.00 4.51
4.00 4.94
4.00 4.56
4.50 5.00
4.50 5.00
4.50 5.00
4.50 5.00
4.50 5.00
4.50 4.72
4.50 4.84
4.50 4.90
4.50 5.00
4.50 5.00
4.50 5.00
4.50 5.00
4.50 4.96
4.50 4.78
4.50 5.00
0.50 1.82
0.50 1.60
0.50 1.94
0.50 1.94
0.50 1.71
0.50 2.06
0.50 1.82
0.50 2.06
0.50 1.71
0.50 1.60
1.00 2.58
1.00 2.78
1.00 2.22
1.00 2.58
1.00 2.78
1.00 3.00
1.00 2.39
1.00 2.22
1.00 3.00
1.00 2.39
1.50 3.22
1.50 3.99
1.50 3.45
1.50 4.29
1.50 3.71
1.50 3.71
1.50 3.99
1.50 3.22
1.50 4.29
1.50 3.45
2.00 4.22
2.00 4.16
2.00 4.26
2.00 4.16
2.00 4.18
2.00 4.20
2.00 4.22
2.00 4.20
2.00 4.18
2.00 4.26
2.50 4.12
2.50 4.13
2.50 4.11
2.50 4.12
2.50 4.11
2.50 4.12
2.50 4.13
2.50 4.14
2.50 4.14
2.50 4.12
3.00 4.11
3.00 4.11
3.00 4.11
3.00 4.11
3.00 4.11
3.00 4.11
3.00 4.11
3.00 4.11
3.00 4.11
3.00 4.11
3.50 4.11
3.50 4.12
3.50 4.12
3.50 4.12
3.50 4.12
3.50 4.12
3.50 4.12
3.50 4.12
3.50 4.12
3.50 4.11
4.00 4.11
4.00 4.12
4.00 4.12
4.00 4.12
4.00 4.12
4.00 4.11
4.00 4.12
4.00 4.11
4.00 4.11
4.00 4.12
4.50 4.07
4.50 4.06
4.50 4.07
4.50 4.08
4.50 4.06
4.50 4.09
4.50 4.09
4.50 4.10
4.50 4.08
4.50 4.10
5.00 5.00
5.00 5.00
5.00 3.21
5.00 5.00
5.00 5.00
5.00 3.55
5.00 4.02
5.00 5.00
5.00 5.00
5.00 5.00
5.00 5.00
5.00 5.00
5.00 5.00
5.00 4.07
5.00 3.86
5.00 5.00
5.00 3.46
5.00 3.25
5.00 5.00
5.00 5.00
5.00 5.00
5.00 3.19
5.00 3.02
5.00 5.00
5.00 5.00
5.00 3.91
5.00 5.00
5.00 5.00
5.00 5.00
5.00 5.00
0.00 1.40
0.00 1.22
0.00 1.22
0.00 1.31
0.00 1.31
0.00 1.40
0.00 1.49
0.00 1.13
0.00 1.13
0.00 1.49
0.50 1.38
0.50 1.18
0.50 1.08
0.50 0.99
0.50 1.27
1.00 1.98
1.00 1.73
1.00 1.49
1.00 1.61
1.00 1.86
1.50 2.54
1.50 2.11
1.50 2.24
1.50 2.39
1.50 2.69
2.00 3.44
2.00 3.21
2.00 2.85
2.00 3.03
2.00 3.40
2.50 3.48
2.50 3.52
2.50 3.60
2.50 3.65
2.50 3.56
3.00 3.87
3.00 3.70
3.00 3.76
3.00 3.93
3.00 3.81
3.50 4.13
3.50 3.99
3.50 4.27
3.50 4.06
3.50 4.20
4.00 4.35
4.00 4.52
4.00 4.69
4.00 4.60
4.00 4.43
4.50 5.00
4.50 4.89
4.50 5.00
4.50 5.00
4.50 5.00
5.00 1.32
5.00 5.00
5.00 5.00
5.00 1.89
5.00 5.00
5.00 5.00
5.00 1.36
5.00 2.10
5.00 5.00
5.00 3.83
5.00 5.00
5.00 5.00
5.00 5.00
5.00 5.00
5.00 5.00
0.00 0.80
0.00 0.80
0.00 0.81
0.00 0.80
0.00 0.90
0.50 1.59
0.50 2.29
0.50 1.60
0.50 1.94
0.50 1.69
0.50 2.29
0.50 1.49
0.50 2.11
0.50 1.39
0.50 1.69
0.50 1.60
0.50 1.76
0.50 1.59
0.50 2.11
0.50 1.49
1.00 1.99
1.00 2.49
1.00 2.19
1.00 1.89
1.00 2.96
1.00 2.29
1.00 3.54
1.00 2.29
1.00 3.54
1.00 1.99
1.00 3.23
1.00 2.49
1.00 2.09
1.00 2.09
1.00 2.71
1.50 4.57
1.50 3.89
1.50 4.29
1.50 3.89
1.50 2.49
1.50 2.59
1.50 2.49
1.50 2.69
1.50 2.79
1.50 4.38
1.50 2.79
1.50 4.75
1.50 4.75
1.50 2.59
1.50 4.38
2.00 4.30
2.00 4.34
2.00 4.26
2.00 4.34
2.00 4.30
2.00 3.18
2.00 5.00
2.00 5.00
2.00 5.00
2.00 4.40
2.00 3.66
2.00 4.40
2.00 4.28
2.00 4.28
2.00 3.66
2.50 5.00
2.50 4.23
2.50 4.16
2.50 5.00
2.50 4.17
2.50 4.23
2.50 5.00
2.50 5.00
2.50 4.18
2.50 4.18
2.50 5.00
2.50 4.16
2.50 4.20
2.50 5.00
2.50 5.00
3.00 4.17
3.00 5.00
3.00 4.15
3.00 4.15
3.00 5.00
3.00 4.16
3.00 4.18
3.00 5.00
3.00 4.15
3.00 5.00
3.00 5.00
3.00 5.00
3.00 5.00
3.00 4.18
3.00 5.00
3.50 4.24
3.50 4.19
3.50 4.18
3.50 5.00
3.50 4.14
3.50 4.19
3.50 4.20
3.50 5.00
3.50 4.10
3.50 4.26
3.50 5.00
3.50 4.20
3.50 5.00
3.50 5.00
3.50 4.22
4.00 4.29
4.00 5.00
4.00 5.00
4.00 4.05
4.00 5.00
4.00 5.00
4.00 4.06
4.00 5.00
4.00 5.00
4.00 5.00
4.00 5.00
4.00 5.00
4.00 4.31
4.00 4.39
4.00 4.34
5.00 2.30
5.00 4.46
5.00 5.00
5.00 2.31
5.00 4.40
5.00 3.97
5.00 2.06
5.00 2.36
5.00 4.14
5.00 3.15
5.00 5.00
5.00 5.00
5.00 5.00
5.00 4.54
5.00 4.52
5.00 5.00
5.00 2.96
5.00 5.00
5.00 5.00
5.00 5.00
5.00 1.90
5.00 5.00
5.00 1.97
5.00 2.80
5.00 3.77
5.00 4.55
5.00 2.53
5.00 3.31
5.00 5.00
5.00 2.79
5.00 5.00
5.00 5.00
5.00 5.00
5.00 5.00
5.00 2.67
5.00 5.00
5.00 5.00
5.00 5.00
5.00 5.00
5.00 2.22
5.00 5.00
5.00 5.00
5.00 5.00
5.00 5.00
5.00 3.75
0.00 1.29
0.00 1.95
0.00 1.62
0.00 1.29
0.00 1.29
0.00 1.45
0.00 0.92
0.00 1.04
0.00 1.45
0.00 1.62
0.00 1.36
0.00 1.18
0.00 1.31
0.00 1.95
0.00 1.29
4.50 5.00
4.50 4.49
4.50 5.00
4.50 4.41
4.50 5.00
4.50 5.00
4.50 5.00
4.50 4.52
4.50 4.47
4.50 5.00
4.50 5.00
4.50 5.00
4.50 5.00
4.50 4.44
4.50 5.00
0.50 1.29
0.50 1.38
0.50 1.38
0.50 1.47
0.50 1.47
0.50 1.55
0.50 1.55
0.50 1.20
0.50 1.29
0.50 1.20
1.00 1.82
1.00 1.90
1.00 1.90
1.00 1.64
1.00 1.73
1.00 1.99
1.00 1.82
1.00 1.64
1.00 1.73
1.00 1.99
1.50 2.08
1.50 2.17
1.50 2.66
1.50 2.26
1.50 2.35
1.50 2.66
1.50 2.35
1.50 2.26
1.50 2.08
1.50 2.17
2.00 4.99
2.00 4.16
2.00 3.53
2.00 3.53
2.00 3.05
2.00 4.88
2.00 4.16
2.00 4.99
2.00 3.05
2.00 4.88
2.50 4.50
2.50 4.59
2.50 4.50
2.50 4.59
2.50 4.77
2.50 4.42
2.50 4.77
2.50 4.42
2.50 4.68
2.50 4.68
3.00 4.29
3.00 4.22
3.00 4.22
3.00 4.11
3.00 4.35
3.00 4.16
3.00 4.11
3.00 4.16
3.00 4.35
3.00 4.29
3.50 3.95
3.50 3.90
3.50 3.86
3.50 3.95
3.50 3.86
3.50 4.00
3.50 4.05
3.50 4.05
3.50 3.90
3.50 4.00
4.00 3.65
4.00 3.69
4.00 3.73
4.00 3.69
4.00 3.77
4.00 3.73
4.00 3.65
4.00 3.81
4.00 3.81
4.00 3.77
4.50 3.57
4.50 3.53
4.50 3.49
4.50 3.57
4.50 3.61
4.50 3.53
4.50 3.45
4.50 3.49
4.50 3.45
4.50 3.61
5.00 5.00
5.00 5.00
5.00 5.00
5.00 5.00
5.00 5.00
5.00 5.00
5.00 5.00
5.00 5.00
5.00 5.00
5.00 5.00
5.00 5.00
5.00 5.00
5.00 5.00
5.00 5.00
5.00 5.00
5.00 5.00
5.00 3.29
5.00 5.00
5.00 5.00
5.00 5.00
5.00 5.00
5.00 5.00
5.00 3.42
5.00 5.00
5.00 5.00
5.00 5.00
5.00 5.00
5.00 5.00
5.00 5.00
5.00 5.00
0.00 1.03
0.00 1.28
0.00 1.03
0.00 1.05
0.00 1.12
0.00 1.05
0.00 1.03
0.00 1.03
0.00 1.12
0.00 1.28
0.50 1.60
0.50 1.76
0.50 1.76
0.50 1.93
0.50 2.09
0.50 2.27
0.50 1.93
0.50 1.60
0.50 2.09
0.50 2.27
1.00 3.34
1.00 2.46
1.00 2.46
1.00 3.34
1.00 2.66
1.00 2.66
1.00 3.10
1.00 2.88
1.00 2.88
1.00 3.10
1.50 4.14
1.50 4.14
1.50 3.59
1.50 4.10
1.50 4.18
1.50 3.87
1.50 4.10
1.50 3.87
1.50 3.59
1.50 4.18
2.00 4.04
2.00 4.00
2.00 4.04
2.00 4.07
2.00 3.99
2.00 4.02
2.00 4.02
2.00 4.07
2.00 4.00
2.00 3.99
2.50 3.97
2.50 3.97
2.50 3.97
2.50 3.97
2.50 3.98
2.50 3.98
2.50 3.97
2.50 3.97
2.50 3.97
2.50 3.97
3.00 4.01
3.00 3.99
3.00 4.01
3.00 3.98
3.00 3.98
3.00 3.98
3.00 3.99
3.00 3.98
3.00 4.00
3.00 4.00
3.50 4.09
3.50 4.05
3.50 4.09
3.50 4.05
3.50 4.03
3.50 4.07
3.50 4.07
3.50 4.04
3.50 4.03
3.50 4.04
4.00 4.14
4.00 4.18
4.00 4.14
4.00 4.12
4.00 4.16
4.00 4.16
4.00 4.10
4.00 4.12
4.00 4.18
4.00 4.10
4.50 4.28
4.50 4.30
4.50 4.25
4.50 4.20
4.50 4.23
4.50 4.30
4.50 4.23
4.50 4.28
4.50 4.25
4.50 4.20
5.00 3.12
5.00 5.00
5.00 5.00
5.00 5.00
5.00 5.00
5.00 4.48
5.00 5.00
5.00 5.00
5.00 5.00
5.00 5.00
5.00 5.00
5.00 3.11
5.00 3.14
5.00 5.00
5.00 3.58
5.00 4.48
5.00 4.40
5.00 4.03
5.00 3.30
5.00 5.00
5.00 3.10
5.00 5.00
5.00 3.95
5.00 5.00
5.00 3.09
5.00 5.00
5.00 3.87
5.00 5.00
5.00 5.00
5.00 4.33
0.00 1.19
0.00 1.19
0.00 1.32
0.00 0.98
0.00 0.98
0.00 1.08
0.00 1.32
0.00 1.08
0.00 1.46
0.00 1.46
0.50 1.60
0.50 2.11
0.50 1.76
0.50 1.93
0.50 2.31
1.00 2.73
1.00 2.51
1.00 2.51
1.00 3.51
1.00 3.24
1.50 4.56
1.50 3.82
1.50 5.00
1.50 4.17
1.50 3.85
2.00 3.91
2.00 5.00
2.00 5.00
2.00 5.00
2.00 5.00
0.00 1.31
0.00 1.18
0.00 0.93
0.00 1.05
0.00 1.31
2.50 5.00
2.50 5.00
2.50 5.00
2.50 5.00
2.50 5.00
3.00 5.00
3.00 5.00
3.00 5.00
3.00 5.00
3.00 5.00
3.50 5.00
3.50 5.00
3.50 5.00
3.50 5.00
3.50 5.00
4.00 5.00
4.00 5.00
4.00 5.00
4.00 5.00
4.00 5.00
4.50 5.00
4.50 5.00
4.50 5.00
4.50 5.00
4.50 5.00
5.00 5.00
5.00 5.00
5.00 5.00
5.00 5.00
5.00 5.00
5.00 5.00
5.00 5.00
5.00 5.00
5.00 5.00
5.00 5.00
5.00 5.00
5.00 5.00
5.00 5.00
5.00 5.00
5.00 5.00
0.50 1.83
0.50 1.20
0.50 1.66
0.50 0.70
0.50 0.67
0.50 0.70
0.50 1.64
0.50 1.52
0.50 1.30
0.50 1.83
0.50 0.62
0.50 1.41
0.50 1.41
0.50 1.51
0.50 1.41
0.50 0.64
0.50 1.31
0.50 1.51
0.50 1.31
0.50 0.59
1.00 3.33
1.00 0.73
1.00 2.22
1.00 2.13
1.00 2.27
1.00 0.80
1.00 1.88
1.00 2.02
1.00 2.83
1.00 2.00
1.00 0.82
1.00 2.00
1.00 3.33
1.00 0.76
1.00 0.82
1.00 0.76
1.00 2.27
1.00 2.22
1.00 0.82
1.00 2.44
1.50 0.83
1.50 4.93
1.50 5.00
1.50 0.83
1.50 2.71
1.50 4.93
1.50 2.86
1.50 5.00
1.50 0.83
1.50 5.00
1.50 0.83
1.50 4.00
1.50 2.42
1.50 0.82
1.50 4.00
1.50 2.56
1.50 0.83
1.50 5.00
1.50 0.83
1.50 0.82
2.00 3.05
2.00 0.83
2.00 0.83
2.00 3.14
2.00 3.05
2.00 5.00
2.00 0.83
2.00 5.00
2.00 3.20
2.00 5.00
2.00 5.00
2.00 3.01
2.00 5.00
2.00 0.83
2.00 0.83
2.00 5.00
2.00 3.10
2.00 5.00
2.00 5.00
2.00 3.14
5.00 5.00
5.00 2.81
5.00 1.04
5.00 1.07
5.00 0.80
5.00 5.00
5.00 2.63
5.00 0.72
5.00 5.00
5.00 5.00
5.00 5.00
5.00 5.00
5.00 5.00
5.00 1.11
5.00 5.00
5.00 4.45
5.00 0.43
5.00 5.00
5.00 0.57
5.00 0.81
5.00 1.06
5.00 5.00
5.00 0.57
5.00 5.00
5.00 5.00
5.00 5.00
5.00 4.39
5.00 2.77
5.00 5.00
5.00 5.00
5.00 0.74
5.00 5.00
5.00 3.82
5.00 0.60
5.00 5.00
5.00 4.14
5.00 5.00
5.00 5.00
5.00 1.03
5.00 5.00
5.00 5.00
5.00 5.00
5.00 5.00
5.00 5.00
5.00 4.87
5.00 0.88
5.00 1.11
5.00 4.44
5.00 4.92
5.00 5.00
5.00 5.00
5.00 2.54
5.00 5.00
5.00 5.00
5.00 5.00
5.00 4.00
5.00 3.65
5.00 5.00
5.00 5.00
5.00 5.00
0.00 0.55
0.00 0.36
0.00 1.01
0.00 0.83
0.00 0.90
0.00 0.29
0.00 0.98
0.00 0.81
0.00 1.13
0.00 1.05
0.00 1.13
0.00 0.57
0.00 1.21
0.00 0.91
0.00 0.91
0.00 0.98
0.00 0.45
0.00 0.83
0.00 0.29
0.00 0.55
2.50 2.86
2.50 0.85
2.50 4.89
2.50 0.83
2.50 4.89
2.50 4.95
2.50 2.93
2.50 2.82
2.50 2.86
2.50 5.00
2.50 4.95
2.50 2.93
2.50 2.97
2.50 2.82
2.50 0.85
2.50 4.84
2.50 2.89
2.50 2.97
2.50 2.89
2.50 5.00
3.00 4.71
3.00 2.71
3.00 2.68
3.00 4.72
3.00 0.83
3.00 2.68
3.00 2.79
3.00 4.79
3.00 2.76
3.00 4.74
3.00 4.74
3.00 4.72
3.00 2.73
3.00 4.79
3.00 2.76
3.00 2.79
3.00 4.76
3.00 0.81
3.00 2.71
3.00 0.82
3.50 4.76
3.50 2.64
3.50 4.71
3.50 4.72
3.50 4.71
3.50 4.74
3.50 0.77
3.50 2.64
3.50 4.72
3.50 2.57
3.50 4.71
3.50 4.71
3.50 2.66
3.50 2.59
3.50 2.61
3.50 0.79
3.50 2.61
3.50 2.59
3.50 2.57
3.50 2.66
4.00 2.54
4.00 2.56
4.00 2.50
4.00 4.92
4.00 2.56
4.00 4.81
4.00 4.84
4.00 2.50
4.00 4.84
4.00 4.78
4.00 4.88
4.00 2.51
4.00 4.88
4.00 2.51
4.00 2.53
4.00 4.78
4.00 2.53
4.00 2.54
4.00 4.81
4.00 4.92
4.50 5.00
4.50 2.49
4.50 2.49
4.50 4.96
4.50 4.96
4.50 5.00
4.50 5.00
4.50 2.47
4.50 2.48
4.50 2.48
4.50 2.49
4.50 2.47
4.50 5.00
4.50 5.00
4.50 2.47
4.50 2.47
4.50 5.00
4.50 5.00
4.50 2.49
4.50 5.00
0.50 1.94
0.50 1.52
0.50 1.66
0.50 1.66
0.50 1.40
0.50 1.94
0.50 1.40
0.50 1.52
0.50 1.80
0.50 1.80
1.00 2.24
1.00 2.24
1.00 2.59
1.00 2.77
1.00 2.59
1.00 2.41
1.00 2.77
1.00 2.08
1.00 2.41
1.00 2.08
1.50 3.59
1.50 3.59
1.50 3.52
1.50 2.95
1.50 3.15
1.50 3.36
1.50 3.36
1.50 2.95
1.50 3.15
1.50 3.52
2.00 3.28
2.00 3.28
2.00 3.23
2.00 3.45
2.00 3.39
2.00 3.45
2.00 3.34
2.00 3.34
2.00 3.39
2.00 3.23
2.50 3.10
2.50 3.19
2.50 3.14
2.50 3.03
2.50 3.14
2.50 3.10
2.50 3.06
2.50 3.19
2.50 3.06
2.50 3.03
3.00 2.89
3.00 2.99
3.00 2.96
3.00 2.92
3.00 2.92
3.00 2.89
3.00 2.86
3.00 2.86
3.00 2.99
3.00 2.96
3.50 2.73
3.50 2.75
3.50 2.80
3.50 2.75
3.50 2.83
3.50 2.78
3.50 2.73
3.50 2.80
3.50 2.78
3.50 2.83
4.00 2.62
4.00 2.68
4.00 2.70
4.00 2.64
4.00 2.66
4.00 2.62
4.00 2.66
4.00 2.64
4.00 2.68
4.00 2.70
4.50 2.58
4.50 2.54
4.50 2.58
4.50 2.55
4.50 2.54
4.50 2.57
4.50 2.60
4.50 2.57
4.50 2.60
4.50 2.55
5.00 5.00
5.00 2.47
5.00 5.00
5.00 3.74
5.00 2.45
5.00 5.00
5.00 2.44
5.00 2.45
5.00 2.47
5.00 2.52
5.00 1.77
5.00 2.41
5.00 5.00
5.00 5.00
5.00 2.44
5.00 5.00
5.00 5.00
5.00 3.85
5.00 5.00
5.00 2.40
5.00 2.27
5.00 3.83
5.00 2.16
5.00 5.00
5.00 5.00
5.00 5.00
5.00 5.00
5.00 2.42
5.00 2.39
5.00 5.00
0.00 1.08
0.00 1.17
0.00 0.99
0.00 1.08
0.00 1.17
0.00 1.28
0.00 0.90
0.00 0.99
0.00 0.90
0.00 1.28
0.50 2.15
0.50 1.85
0.50 1.85
0.50 1.74
0.50 2.45
0.50 2.45
0.50 2.24
0.50 2.24
0.50 2.67
0.50 2.42
1.00 3.49
1.00 3.21
1.00 2.63
1.00 3.80
1.00 2.87
1.00 2.44
1.00 3.12
1.00 2.24
1.00 2.93
1.00 2.36
1.50 4.59
1.50 4.31
1.50 4.74
1.50 4.31
1.50 3.96
1.50 2.74
1.50 2.64
1.50 4.89
1.50 4.22
1.50 4.98
2.00 4.48
2.00 4.63
2.00 4.10
2.00 4.50
2.00 4.08
2.00 4.15
2.00 2.74
2.00 2.74
2.00 4.53
2.00 2.74
2.50 2.71
2.50 4.47
2.50 4.47
2.50 4.48
2.50 4.05
2.50 4.50
2.50 2.73
2.50 4.51
2.50 4.07
2.50 4.05
3.00 4.60
3.00 4.59
3.00 2.64
3.00 4.15
3.00 4.09
3.00 2.56
3.00 4.55
3.00 4.20
3.00 2.66
3.00 2.50
3.50 2.67
3.50 4.86
3.50 4.66
3.50 4.36
3.50 1.33
3.50 4.77
3.50 1.25
3.50 4.30
3.50 4.95
3.50 4.43
5.00 5.00
5.00 5.00
5.00 5.00
5.00 5.00
5.00 0.72
5.00 5.00
5.00 3.76
5.00 3.74
5.00 4.51
5.00 5.00
5.00 3.30
5.00 5.00
5.00 3.32
5.00 5.00
5.00 3.03
5.00 1.23
5.00 5.00
5.00 2.81
5.00 5.00
5.00 1.95
5.00 3.44
5.00 2.33
5.00 5.00
5.00 5.00
5.00 3.12
5.00 3.14
5.00 5.00
5.00 5.00
5.00 5.00
5.00 3.16
0.00 1.60
0.00 1.46
0.00 1.14
0.00 1.36
0.00 1.68
0.00 1.24
0.00 1.24
0.00 1.68
0.00 1.22
0.00 1.51
4.00 5.00
4.00 5.00
4.00 2.59
4.00 5.00
4.00 1.16
4.00 0.93
4.00 5.00
4.00 2.61
4.00 2.64
4.00 0.86
4.50 0.69
4.50 5.00
4.50 5.00
4.50 0.71
4.50 5.00
4.50 0.69
4.50 0.80
4.50 5.00
4.50 5.00
4.50 0.75
0.50 2.25
0.50 2.46
0.50 2.06
0.50 1.87
0.50 2.68
0.50 2.46
0.50 2.25
0.50 2.68
0.50 2.06
0.50 1.87
1.00 3.50
1.00 2.94
1.00 2.94
1.00 3.22
1.00 3.81
1.00 4.17
1.00 3.22
1.00 3.50
1.00 3.81
1.00 4.17
1.50 4.56
1.50 4.56
1.50 4.78
1.50 4.92
1.50 5.00
1.50 4.85
1.50 5.00
1.50 4.92
1.50 4.78
1.50 4.85
2.00 4.68
2.00 4.72
2.00 4.72
2.00 4.59
2.00 4.64
2.00 4.64
2.00 4.61
2.00 4.59
2.00 4.68
2.00 4.61
2.50 4.58
2.50 4.57
2.50 4.58
2.50 4.57
2.50 4.58
2.50 4.58
2.50 4.57
2.50 4.57
2.50 4.57
2.50 4.57
3.00 4.69
3.00 4.69
3.00 4.66
3.00 4.66
3.00 4.61
3.00 4.63
3.00 4.61
3.00 4.59
3.00 4.59
3.00 4.63
3.50 4.76
3.50 4.89
3.50 4.80
3.50 4.85
3.50 4.89
3.50 4.73
3.50 4.80
3.50 4.85
3.50 4.73
3.50 4.76
4.00 4.94
4.00 5.00
4.00 5.00
4.00 4.99
4.00 5.00
4.00 5.00
4.00 4.99
4.00 4.94
4.00 5.00
4.00 5.00
4.50 5.00
4.50 5.00
4.50 5.00
4.50 5.00
4.50 5.00
4.50 5.00
4.50 5.00
4.50 5.00
4.50 5.00
4.50 5.00
5.00 5.00
5.00 5.00
5.00 5.00
5.00 5.00
5.00 5.00
5.00 3.33
5.00 5.00
5.00 4.42
5.00 2.29
5.00 5.00
5.00 5.00
5.00 5.00
5.00 5.00
5.00 5.00
5.00 5.00
5.00 5.00
5.00 5.00
5.00 5.00
5.00 5.00
5.00 5.00
5.00 5.00
5.00 5.00
5.00 5.00
5.00 5.00
5.00 5.00
5.00 5.00
5.00 5.00
5.00 5.00
5.00 5.00
5.00 5.00
0.00 0.56
0.00 0.46
0.00 0.56
0.00 1.53
0.00 1.38
0.00 1.69
0.00 0.46
0.00 1.69
0.00 1.24
0.00 0.77
0.50 2.22
0.50 1.40
0.50 1.49
0.50 2.65
0.50 2.03
0.50 1.21
0.50 1.31
0.50 1.30
0.50 1.58
0.50 1.73
0.50 1.88
0.50 2.03
0.50 2.22
0.50 2.22
0.50 2.22
0.50 1.73
0.50 1.19
0.50 2.42
0.50 2.04
0.50 1.21
0.50 1.58
0.50 1.88
0.50 1.41
0.50 1.65
0.50 2.42
0.50 1.31
0.50 1.84
0.50 1.53
0.50 2.04
0.50 1.58
0.50 1.49
0.50 1.40
0.50 2.65
0.50 1.84
0.50 1.58
1.00 2.40
1.00 3.30
1.00 3.46
1.00 2.04
1.00 1.90
1.00 3.76
1.00 3.18
1.00 3.06
1.00 3.30
1.00 2.82
1.00 3.18
1.00 3.76
1.00 2.40
1.00 1.92
1.00 2.32
1.00 1.94
1.00 4.11
1.00 2.17
1.00 1.84
1.00 2.82
1.00 2.27
1.00 2.90
1.00 2.12
1.00 3.06
1.00 1.70
1.00 2.90
1.00 1.95
1.00 2.04
1.00 2.60
1.00 2.17
1.00 1.97
1.00 3.46
1.00 2.32
1.00 1.84
1.00 1.78
1.50 2.26
1.50 2.00
1.50 2.95
1.50 3.27
1.50 4.84
1.50 4.50
1.50 3.04
1.50 4.76
1.50 4.50
1.50 2.63
1.50 4.94
1.50 4.94
1.50 2.63
1.50 2.95
1.50 4.15
1.50 4.69
1.50 2.79
1.50 4.15
1.50 4.76
1.50 2.82
1.50 3.13
1.50 4.46
1.50 3.56
1.50 4.49
1.50 2.48
1.50 4.49
1.50 3.13
1.50 3.84
1.50 4.69
1.50 2.79
1.50 4.46
1.50 2.62
1.50 3.84
1.50 3.56
1.50 2.44
2.00 4.40
2.00 4.63
2.00 3.51
2.00 3.78
2.00 4.44
2.00 4.49
2.00 3.18
2.00 4.43
2.00 2.44
2.00 3.22
2.00 4.44
2.00 4.43
2.00 3.27
2.00 4.42
2.00 4.42
2.00 4.63
2.00 4.76
2.00 4.42
2.00 3.14
2.00 4.30
2.00 3.32
2.00 3.22
2.00 2.77
2.00 3.32
2.00 4.26
2.00 4.07
2.00 3.14
2.00 4.43
2.00 4.49
2.00 3.27
2.00 2.35
2.00 4.54
2.00 3.18
2.00 2.54
2.00 4.42
2.50 4.40
2.50 4.40
2.50 4.40
2.50 3.07
2.50 3.01
2.50 3.07
2.50 2.94
2.50 3.01
2.50 3.11
2.50 2.97
2.50 4.47
2.50 4.45
2.50 4.52
2.50 4.44
2.50 3.12
2.50 3.04
2.50 4.92
2.50 4.40
2.50 3.11
2.50 4.50
2.50 4.52
2.50 4.40
2.50 4.40
2.50 3.04
2.50 2.82
2.50 4.40
2.50 2.97
2.50 4.83
2.50 2.88
2.50 4.40
2.50 4.42
2.50 3.02
2.50 4.47
2.50 5.00
2.50 4.42
3.00 4.59
3.00 4.47
3.00 4.62
3.00 2.92
3.00 4.43
3.00 5.00
3.00 3.82
3.00 4.71
3.00 5.00
3.00 5.00
3.00 2.89
3.00 2.95
3.00 2.89
3.00 2.92
3.00 3.48
3.00 4.66
3.00 5.00
3.00 3.35
3.00 3.23
3.00 4.43
3.00 2.84
3.00 3.63
3.00 4.71
3.00 4.41
3.00 2.87
3.00 4.66
3.00 4.62
3.00 4.42
3.00 4.55
3.00 4.47
3.00 2.95
3.00 4.41
3.00 4.45
3.00 2.84
3.00 4.42
3.50 4.90
3.50 4.96
3.50 4.52
3.50 2.78
3.50 2.76
3.50 5.00
3.50 5.00
3.50 4.80
3.50 2.74
3.50 2.82
3.50 4.80
3.50 4.55
3.50 4.59
3.50 4.90
3.50 4.55
3.50 2.76
3.50 4.03
3.50 5.00
3.50 2.82
3.50 4.85
3.50 4.95
3.50 2.78
3.50 2.80
3.50 5.00
3.50 2.74
3.50 4.52
3.50 4.85
3.50 2.80
3.50 4.28
3.50 4.58
3.50 4.96
3.50 5.00
3.50 5.00
3.50 4.75
3.50 4.61
4.00 5.00
4.00 5.00
4.00 5.00
4.00 2.72
4.00 4.68
4.00 4.79
4.00 5.00
4.00 5.00
4.00 5.00
4.00 5.00
4.00 4.68
4.00 5.00
4.00 4.75
4.00 5.00
4.00 4.64
4.00 5.00
4.00 2.68
4.00 2.69
4.00 2.68
4.00 2.67
4.00 5.00
4.00 2.69
4.00 2.71
4.00 4.79
4.00 2.72
4.00 4.64
4.00 2.67
4.00 5.00
4.00 5.00
4.00 5.00
4.00 5.00
4.00 4.75
4.00 4.72
4.00 5.00
4.00 2.71
4.50 2.66
4.50 5.00
4.50 5.00
4.50 2.64
4.50 4.86
4.50 5.00
4.50 5.00
4.50 4.83
4.50 5.00
4.50 5.00
4.50 4.83
4.50 2.65
4.50 5.00
4.50 5.00
4.50 4.99
4.50 4.90
4.50 5.00
4.50 4.87
4.50 4.98
4.50 5.00
4.50 2.64
4.50 4.94
4.50 2.66
4.50 4.98
4.50 4.75
4.50 4.94
4.50 5.00
4.50 2.65
4.50 2.63
4.50 4.86
4.50 4.90
4.50 2.64
4.50 2.63
4.50 5.00
4.50 2.64
5.00 5.00
5.00 5.00
5.00 2.65
5.00 5.00
5.00 2.73
5.00 5.00
5.00 5.00
5.00 4.85
5.00 2.67
5.00 2.61
5.00 5.00
5.00 3.46
5.00 5.00
5.00 5.00
5.00 5.00
5.00 5.00
5.00 3.15
5.00 5.00
5.00 5.00
5.00 2.52
5.00 5.00
5.00 5.00
5.00 5.00
5.00 5.00
5.00 5.00
5.00 5.00
5.00 5.00
5.00 5.00
5.00 5.00
5.00 5.00
5.00 5.00
5.00 2.74
5.00 5.00
5.00 5.00
5.00 5.00
5.00 5.00
5.00 5.00
5.00 5.00
5.00 5.00
5.00 1.97
5.00 5.00
5.00 5.00
5.00 5.00
5.00 5.00
5.00 3.37
5.00 5.00
5.00 5.00
5.00 5.00
5.00 5.00
5.00 3.28
5.00 5.00
5.00 2.74
5.00 5.00
5.00 5.00
5.00 5.00
5.00 5.00
5.00 2.68
5.00 3.98
5.00 5.00
5.00 5.00
5.00 5.00
5.00 5.00
5.00 2.39
5.00 5.00
5.00 5.00
5.00 5.00
5.00 5.00
5.00 4.56
5.00 5.00
5.00 5.00
5.00 5.00
5.00 5.00
5.00 2.74
5.00 5.00
5.00 5.00
5.00 5.00
5.00 2.70
5.00 2.30
5.00 5.00
5.00 2.63
5.00 5.00
5.00 5.00
5.00 3.13
5.00 3.12
5.00 5.00
5.00 2.74
5.00 5.00
5.00 2.68
5.00 5.00
5.00 3.94
5.00 5.00
5.00 5.00
5.00 5.00
5.00 5.00
5.00 2.69
5.00 3.30
5.00 5.00
5.00 5.00
5.00 5.00
5.00 5.00
5.00 5.00
5.00 5.00
5.00 5.00
5.00 5.00
5.00 5.00
0.00 1.32
0.00 1.66
0.00 1.45
0.00 0.78
0.00 1.12
0.00 1.17
0.00 0.86
0.00 1.24
0.00 1.10
0.00 1.11
0.00 1.21
0.00 0.86
0.00 1.22
0.00 1.02
0.00 1.66
0.00 1.21
0.00 1.45
0.00 1.12
0.00 0.94
0.00 1.12
0.00 1.50
0.00 1.02
0.00 1.36
0.00 1.12
0.00 1.02
0.00 1.22
0.00 1.32
0.00 1.17
0.00 1.50
0.00 1.02
0.00 1.35
0.00 0.94
0.00 0.78
0.00 1.12
0.00 1.36
0.50 2.09
0.50 2.73
0.50 2.09
0.50 2.73
0.50 2.28
1.00 3.89
1.00 2.99
1.00 3.28
1.00 3.57
1.00 4.26
1.50 4.67
1.50 5.00
1.50 4.88
1.50 4.88
1.50 5.00
2.00 3.92
2.00 4.66
2.00 4.69
2.00 4.82
2.00 4.72
2.50 4.63
2.50 4.63
2.50 3.89
2.50 4.64
2.50 3.81
3.00 3.73
3.00 4.64
3.00 3.70
3.00 3.64
3.00 3.67
3.50 4.93
3.50 3.61
3.50 3.56
3.50 4.80
3.50 3.59
4.00 5.00
4.00 3.35
4.00 5.00
4.00 4.98
4.00 3.38
5.00 4.13
5.00 0.78
5.00 0.67
5.00 4.09
5.00 1.03
5.00 1.20
5.00 4.24
5.00 3.75
5.00 3.35
5.00 0.55
5.00 4.32
5.00 0.28
5.00 0.40
5.00 0.55
5.00 4.01
0.00 1.39
0.00 1.54
0.00 1.54
0.00 1.25
0.00 1.14
4.50 4.90
4.50 4.68
4.50 4.83
4.50 4.75
4.50 4.98
0.50 1.66
0.50 2.40
0.50 1.66
0.50 2.20
0.50 1.83
1.00 2.85
1.00 2.61
1.00 2.85
1.00 2.61
1.00 3.12
1.50 3.99
1.50 4.62
1.50 3.71
1.50 4.00
1.50 4.78
2.00 4.08
2.00 4.03
2.00 4.42
2.00 4.55
2.00 4.39
2.50 4.33
2.50 4.33
2.50 4.36
2.50 4.33
2.50 4.33
3.00 4.39
3.00 4.35
3.00 4.35
3.00 4.39
3.00 4.33
3.50 4.41
3.50 4.44
3.50 4.51
3.50 4.51
3.50 4.47
5.00 5.00
5.00 2.66
5.00 4.28
5.00 5.00
5.00 3.49
5.00 3.71
5.00 5.00
5.00 3.18
5.00 5.00
5.00 3.95
5.00 4.02
5.00 2.07
5.00 3.68
5.00 5.00
5.00 3.36
0.00 1.12
0.00 1.50
0.00 1.35
0.00 1.21
0.00 1.12
4.00 4.91
4.00 4.64
4.00 4.72
4.00 5.00
4.00 4.81
4.50 5.00
4.50 4.93
4.50 5.00
4.50 5.00
4.50 5.00
0.50 1.77
0.50 1.77
0.50 1.51
0.50 1.64
0.50 1.28
1.00 1.89
1.00 2.48
1.00 2.03
1.00 2.17
1.00 2.32
3.50 2.80
3.50 2.82
3.50 2.78
3.50 2.84
3.50 2.80
4.00 2.75
4.00 2.72
4.00 2.73
4.00 2.69
4.00 2.75
4.50 2.66
4.50 2.65
4.50 2.63
4.50 2.64
4.50 2.63
5.00 5.00
5.00 5.00
5.00 2.57
5.00 2.57
5.00 3.25
5.00 5.00
5.00 5.00
5.00 2.25
5.00 5.00
5.00 2.05
5.00 5.00
5.00 5.00
5.00 5.00
5.00 5.00
5.00 5.00
0.00 0.80
0.00 1.17
0.00 0.80
0.00 0.98
0.00 1.07
1.50 2.79
1.50 3.32
1.50 2.63
1.50 3.13
1.50 2.95
2.00 3.15
2.00 3.27
2.00 3.19
2.00 3.12
2.00 3.23
2.50 2.97
2.50 3.02
2.50 3.05
2.50 3.08
2.50 2.99
3.00 2.90
3.00 2.94
3.00 2.88
3.00 2.92
3.00 2.86
0.50 1.38
0.50 1.18
0.50 1.47
0.50 1.69
0.50 1.28
0.50 1.85
0.50 1.85
0.50 2.02
0.50 1.72
0.50 1.47
0.50 1.72
0.50 1.24
0.50 2.19
0.50 1.35
0.50 1.18
0.50 1.59
0.50 1.46
0.50 1.18
0.50 1.54
0.50 1.38
1.00 1.86
1.00 2.43
1.00 1.66
1.00 1.99
1.00 2.28
1.00 3.17
1.00 2.96
1.00 1.86
1.00 2.36
1.00 2.36
1.00 1.94
1.00 2.55
1.00 2.43
1.00 2.74
1.00 2.55
1.00 2.13
1.00 1.57
1.00 2.96
1.00 2.13
1.00 2.28
1.50 4.17
1.50 3.39
1.50 3.11
1.50 3.63
1.50 2.60
1.50 2.03
1.50 4.15
1.50 3.30
1.50 3.11
1.50 3.63
1.50 3.89
1.50 2.93
1.50 2.39
1.50 3.39
1.50 2.76
1.50 4.17
1.50 2.21
1.50 3.30
1.50 2.30
1.50 2.60
2.00 2.86
2.00 3.41
2.00 3.37
2.00 4.14
2.00 3.37
2.00 4.12
2.00 4.13
2.00 3.44
2.00 3.40
2.00 4.14
2.00 4.12
2.00 3.47
2.00 3.40
2.00 4.13
2.00 3.59
2.00 3.42
2.00 4.12
2.00 3.20
2.00 2.58
2.00 3.43
2.50 3.30
2.50 4.57
2.50 4.53
2.50 4.12
2.50 3.35
2.50 3.32
2.50 3.34
2.50 3.26
2.50 3.28
2.50 3.28
2.50 4.12
2.50 4.12
2.50 3.32
2.50 4.07
2.50 4.12
2.50 3.30
2.50 4.12
2.50 4.65
2.50 4.12
2.50 4.13
3.00 3.19
3.00 4.13
3.00 3.20
3.00 4.13
3.00 3.24
3.00 3.22
3.00 3.17
3.00 3.17
3.00 3.18
3.00 4.13
3.00 3.23
3.00 4.13
3.00 4.15
3.00 3.20
3.00 3.28
3.00 3.22
3.00 3.19
3.00 4.49
3.00 4.47
3.00 4.44
3.50 4.40
3.50 3.12
3.50 4.42
3.50 3.16
3.50 4.39
3.50 3.11
3.50 3.13
3.50 3.12
3.50 4.41
3.50 3.16
3.50 3.13
3.50 4.18
3.50 4.27
3.50 3.14
3.50 4.41
3.50 4.30
3.50 4.24
3.50 4.21
3.50 3.11
3.50 3.14
4.00 3.09
4.00 3.10
4.00 3.09
4.00 3.10
4.00 4.38
4.00 3.09
4.00 3.09
4.00 4.33
4.00 4.47
4.00 3.09
4.00 3.09
4.00 4.43
4.00 4.38
4.00 4.36
4.00 4.37
4.00 4.40
4.00 3.08
4.00 3.08
4.00 4.36
4.00 4.34
4.50 4.54
4.50 3.09
4.50 3.08
4.50 4.27
4.50 4.51
4.50 3.09
4.50 4.58
4.50 4.22
4.50 3.08
4.50 4.32
4.50 4.25
4.50 3.09
4.50 3.09
4.50 4.65
4.50 3.08
4.50 3.10
4.50 4.29
4.50 3.08
4.50 3.10
4.50 4.62
5.00 2.01
5.00 4.18
5.00 1.99
5.00 5.00
5.00 1.65
5.00 5.00
5.00 4.04
5.00 4.67
5.00 2.45
5.00 0.97
5.00 3.32
5.00 0.23
5.00 5.00
5.00 0.23
5.00 5.00
5.00 3.78
5.00 5.00
5.00 1.84
5.00 0.23
5.00 5.00
5.00 2.65
5.00 4.85
5.00 5.00
5.00 2.04
5.00 3.51
5.00 0.40
5.00 4.58
5.00 1.67
5.00 3.31
5.00 1.22
5.00 1.20
5.00 2.40
5.00 4.06
5.00 1.02
5.00 5.00
5.00 0.99
5.00 1.60
5.00 5.00
5.00 1.57
5.00 5.00
5.00 5.00
5.00 3.79
5.00 5.00
5.00 4.29
5.00 2.08
5.00 0.27
5.00 2.17
5.00 5.00
5.00 5.00
5.00 1.85
5.00 5.00
5.00 5.00
5.00 1.83
5.00 3.81
5.00 1.91
5.00 3.84
5.00 0.24
5.00 4.99
5.00 4.76
5.00 3.72
0.00 1.74
0.00 0.81
0.00 1.27
0.00 1.26
0.00 1.14
0.00 0.90
0.00 1.37
0.00 0.81
0.00 1.37
0.00 2.10
0.00 1.02
0.00 1.15
0.00 2.10
0.00 1.26
0.00 1.52
0.00 0.90
0.00 1.40
0.00 1.07
0.00 1.52
0.00 1.74
0.50 1.04
0.50 1.13
0.50 1.23
0.50 1.41
0.50 1.32
1.00 1.88
1.00 1.51
1.00 1.62
1.00 1.51
1.00 1.75
1.50 2.44
1.50 2.44
1.50 2.75
1.50 2.29
1.50 2.75
2.00 3.47
2.00 3.28
2.00 3.28
2.00 3.10
2.00 2.93
2.50 3.87
2.50 3.89
2.50 3.87
2.50 3.90
2.50 3.89
3.00 3.92
3.00 3.94
3.00 3.91
3.00 3.91
3.00 3.94
3.50 3.95
3.50 3.95
3.50 3.95
3.50 3.94
3.50 3.95
4.00 3.91
4.00 3.93
4.00 3.91
4.00 3.94
4.00 3.94
5.00 3.66
5.00 3.78
5.00 5.00
5.00 5.00
5.00 3.99
5.00 5.00
5.00 5.00
5.00 5.00
5.00 3.72
5.00 5.00
5.00 5.00
5.00 5.00
5.00 5.00
5.00 3.69
5.00 5.00
0.00 1.44
0.00 1.04
0.00 1.05
0.00 1.18
0.00 1.28
4.50 3.89
4.50 3.90
4.50 3.90
4.50 3.90
4.50 3.89
0.50 1.56
0.50 1.43
0.50 1.70
0.50 1.56
0.50 1.83
1.00 2.28
1.00 2.79
1.00 2.12
1.00 2.46
1.00 2.79
1.50 3.22
1.50 3.31
1.50 2.98
1.50 3.18
1.50 2.98
4.00 2.18
4.00 2.22
4.00 2.18
4.00 2.16
4.00 2.24
4.50 2.10
4.50 2.10
4.50 2.11
4.50 2.11
4.50 2.08
5.00 4.21
5.00 5.00
5.00 5.00
5.00 5.00
5.00 2.69
5.00 3.18
5.00 3.29
5.00 5.00
5.00 5.00
5.00 5.00
5.00 2.29
5.00 5.00
5.00 2.47
5.00 5.00
5.00 5.00
0.00 1.09
0.00 0.86
0.00 0.86
0.00 1.09
0.00 1.31
2.00 2.92
2.00 3.14
2.00 2.99
2.00 2.86
2.00 3.06
2.50 2.65
2.50 2.80
2.50 2.75
2.50 2.69
2.50 2.60
3.00 2.41
3.00 2.56
3.00 2.44
3.00 2.52
3.00 2.48
3.50 2.32
3.50 2.29
3.50 2.34
3.50 2.37
3.50 2.27
0.50 1.91
0.50 2.31
0.50 2.11
0.50 2.54
0.50 2.78
1.00 4.43
1.00 4.03
1.00 3.06
1.00 3.37
1.00 3.37
1.50 4.80
1.50 5.00
1.50 4.86
1.50 4.69
1.50 5.00
2.00 4.88
2.00 4.63
2.00 4.96
2.00 4.58
2.00 4.70
5.00 3.60
5.00 5.00
5.00 3.51
5.00 5.00
5.00 4.35
5.00 3.56
5.00 3.58
5.00 4.95
5.00 3.52
5.00 4.85
5.00 3.55
5.00 3.60
5.00 3.52
5.00 5.00
5.00 4.66
0.00 1.12
0.00 1.39
0.00 1.72
0.00 1.55
0.00 1.72
2.50 4.57
2.50 4.66
2.50 4.58
2.50 4.62
2.50 4.60
3.00 4.57
3.00 4.57
3.00 4.60
3.00 4.58
3.00 4.57
3.50 4.70
3.50 4.62
3.50 4.64
3.50 4.73
3.50 4.67
4.00 4.77
4.00 4.95
4.00 4.85
4.00 4.90
4.00 4.81
4.50 4.99
4.50 5.00
4.50 5.00
4.50 5.00
4.50 5.00
0.50 1.60
0.50 1.07
0.50 1.07
0.50 1.46
0.50 2.08
0.50 1.65
0.50 1.92
0.50 1.07
0.50 1.46
0.50 1.76
0.50 1.10
0.50 1.80
0.50 1.14
0.50 1.07
0.50 1.60
0.50 1.92
0.50 1.94
0.50 1.14
0.50 1.21
0.50 1.21
0.50 1.10
0.50 2.10
0.50 1.51
0.50 1.94
0.50 2.10
0.50 1.76
0.50 2.08
1.00 2.45
1.00 2.63
1.00 2.65
1.00 2.43
1.00 2.45
1.00 1.44
1.00 1.36
1.00 2.84
1.00 3.06
1.00 2.25
1.00 3.06
1.00 1.62
1.00 1.29
1.00 1.62
1.00 1.44
1.00 1.53
1.00 2.43
1.00 2.27
1.00 2.65
1.00 2.84
1.00 3.04
1.00 2.84
1.00 2.25
1.00 3.04
1.00 1.36
1.00 2.63
1.00 1.53
1.50 3.28
1.50 3.50
1.50 2.14
1.50 4.08
1.50 3.77
1.50 3.26
1.50 2.02
1.50 3.67
1.50 3.79
1.50 4.05
1.50 1.91
1.50 3.53
1.50 4.08
1.50 3.59
1.50 3.59
1.50 4.05
1.50 3.77
1.50 3.79
1.50 3.53
1.50 3.26
1.50 1.81
1.50 1.81
1.50 1.71
1.50 3.67
1.50 3.50
1.50 1.91
1.50 3.28
2.00 4.03
2.00 2.55
2.00 3.23
2.00 4.01
2.00 3.43
2.00 3.43
2.00 2.41
2.00 2.69
2.00 3.97
2.00 3.51
2.00 2.41
2.00 3.98
2.00 3.36
2.00 2.83
2.00 3.23
2.00 3.51
2.00 2.69
2.00 3.97
2.00 2.27
2.00 3.36
2.00 2.27
2.00 2.83
2.00 4.03
2.00 3.99
2.00 2.55
2.00 3.30
2.00 3.30
2.50 3.98
2.50 3.13
2.50 3.03
2.50 3.18
2.50 3.03
2.50 3.97
2.50 3.12
2.50 3.26
2.50 2.97
2.50 3.97
2.50 3.12
2.50 3.22
2.50 3.26
2.50 3.29
2.50 3.29
2.50 3.18
2.50 2.98
2.50 3.97
2.50 2.98
2.50 3.97
2.50 3.22
2.50 3.07
2.50 3.97
2.50 3.97
2.50 3.98
2.50 3.07
2.50 3.97
3.00 2.87
3.00 3.19
3.00 3.16
3.00 3.13
3.00 3.99
3.00 2.90
3.00 2.83
3.00 2.87
3.00 4.02
3.00 3.13
3.00 2.94
3.00 3.10
3.00 3.10
3.00 4.01
3.00 2.80
3.00 2.94
3.00 3.19
3.00 2.80
3.00 4.00
3.00 2.83
3.00 4.03
3.00 4.03
3.00 4.01
3.00 4.02
3.00 3.08
3.00 3.16
3.00 4.00
3.50 2.68
3.50 4.07
3.50 2.77
3.50 2.71
3.50 2.77
3.50 4.06
3.50 4.06
3.50 2.65
3.50 4.04
3.50 2.95
3.50 2.65
3.50 3.00
3.50 2.74
3.50 2.95
3.50 3.02
3.50 4.07
3.50 4.04
3.50 2.74
3.50 2.97
3.50 3.00
3.50 4.08
3.50 3.05
3.50 3.05
3.50 4.09
3.50 2.97
3.50 4.09
3.50 2.71
4.00 2.92
4.00 2.57
4.00 2.63
4.00 4.12
4.00 2.55
4.00 2.92
4.00 2.55
4.00 2.86
4.00 4.12
4.00 2.61
4.00 2.90
4.00 4.10
4.00 4.10
4.00 2.63
4.00 2.83
4.00 2.83
4.00 4.11
4.00 2.88
4.00 2.90
4.00 4.11
4.00 2.86
4.00 4.11
4.00 4.12
4.00 2.57
4.00 2.61
4.00 2.88
4.00 4.12
4.50 4.11
4.50 4.11
4.50 2.49
4.50 2.49
4.50 2.53
4.50 2.49
4.50 2.81
4.50 4.11
4.50 2.78
4.50 2.74
4.50 2.51
4.50 2.78
4.50 2.52
4.50 2.76
4.50 2.81
4.50 4.07
4.50 2.76
4.50 2.49
4.50 2.79
4.50 2.53
4.50 2.79
4.50 2.74
4.50 4.10
4.50 4.07
4.50 4.09
4.50 4.11
4.50 2.52
5.00 2.96
5.00 5.00
5.00 2.52
5.00 2.05
5.00 5.00
5.00 3.68
5.00 5.00
5.00 5.00
5.00 2.47
5.00 4.03
5.00 3.97
5.00 2.96
5.00 3.85
5.00 5.00
5.00 2.57
5.00 2.56
5.00 2.96
5.00 5.00
5.00 1.90
5.00 3.61
5.00 5.00
5.00 3.57
5.00 3.67
5.00 4.09
5.00 5.00
5.00 5.00
5.00 5.00
5.00 2.28
5.00 3.93
5.00 2.46
5.00 3.77
5.00 2.62
5.00 2.46
5.00 2.61
5.00 3.95
5.00 2.65
5.00 2.31
5.00 5.00
5.00 4.05
5.00 5.00
5.00 5.00
5.00 5.00
5.00 3.99
5.00 4.26
5.00 5.00
5.00 5.00
5.00 5.00
5.00 3.80
5.00 5.00
5.00 5.00
5.00 1.86
5.00 2.72
5.00 5.00
5.00 2.48
5.00 2.48
5.00 3.66
5.00 5.00
5.00 2.24
5.00 3.78
5.00 5.00
5.00 3.67
5.00 5.00
5.00 5.00
5.00 2.70
5.00 2.24
5.00 5.00
5.00 5.00
5.00 5.00
5.00 5.00
5.00 4.47
5.00 3.96
5.00 5.00
5.00 5.00
5.00 5.00
5.00 2.61
5.00 2.35
5.00 5.00
5.00 5.00
5.00 3.59
5.00 5.00
5.00 5.00
0.00 1.02
0.00 1.02
0.00 1.37
0.00 1.37
0.00 0.97
0.00 0.91
0.00 1.37
0.00 1.19
0.00 4.19
0.00 1.69
0.00 2.70
0.00 1.32
0.00 1.32
0.00 0.97
0.00 0.86
0.00 1.13
0.00 2.70
0.00 1.25
0.00 1.08
0.00 4.19
0.00 1.37
0.00 1.69
0.00 0.91
0.00 1.08
0.00 1.13
0.00 1.19
0.00 1.25
0.50 1.66
0.50 1.53
0.50 1.40
0.50 1.53
0.50 1.95
0.50 1.66
0.50 1.80
0.50 1.95
0.50 1.40
0.50 1.80
1.00 2.62
1.00 2.26
1.00 2.10
1.00 2.10
1.00 2.26
1.00 2.82
1.00 2.82
1.00 2.62
1.00 2.43
1.00 2.43
1.50 3.95
1.50 3.01
1.50 3.95
1.50 3.69
1.50 3.22
1.50 3.45
1.50 3.22
1.50 3.45
1.50 3.01
1.50 3.69
2.00 3.81
2.00 3.83
2.00 3.83
2.00 3.91
2.00 3.88
2.00 3.86
2.00 3.81
2.00 3.91
2.00 3.86
2.00 3.88
2.50 3.80
2.50 3.74
2.50 3.75
2.50 3.78
2.50 3.78
2.50 3.77
2.50 3.77
2.50 3.74
2.50 3.80
2.50 3.75
3.00 3.70
3.00 3.72
3.00 3.70
3.00 3.73
3.00 3.72
3.00 3.70
3.00 3.70
3.00 3.71
3.00 3.73
3.00 3.71
3.50 3.68
3.50 3.66
3.50 3.69
3.50 3.65
3.50 3.69
3.50 3.67
3.50 3.65
3.50 3.67
3.50 3.68
3.50 3.66
4.00 3.63
4.00 3.64
4.00 3.60
4.00 3.60
4.00 3.62
4.00 3.64
4.00 3.62
4.00 3.61
4.00 3.61
4.00 3.63
4.50 3.58
4.50 3.55
4.50 3.57
4.50 3.58
4.50 3.54
4.50 3.56
4.50 3.56
4.50 3.54
4.50 3.57
4.50 3.55
5.00 5.00
5.00 5.00
5.00 5.00
5.00 5.00
5.00 5.00
5.00 5.00
5.00 5.00
5.00 5.00
5.00 5.00
5.00 2.33
5.00 4.65
5.00 5.00
5.00 5.00
5.00 4.59
5.00 5.00
5.00 5.00
5.00 5.00
5.00 5.00
5.00 5.00
5.00 5.00
5.00 2.45
5.00 2.30
5.00 5.00
5.00 5.00
5.00 5.00
5.00 5.00
5.00 5.00
5.00 4.86
5.00 5.00
5.00 5.00
0.00 1.19
0.00 1.19
0.00 1.01
0.00 1.28
0.00 1.10
0.00 0.91
0.00 0.91
0.00 1.01
0.00 1.10
0.00 1.28
0.50 1.24
0.50 1.67
0.50 1.67
0.50 1.37
0.50 1.17
0.50 1.37
0.50 1.33
0.50 1.24
0.50 1.04
0.50 1.47
0.50 1.04
0.50 1.17
0.50 1.76
0.50 1.11
0.50 1.57
1.00 1.83
1.00 1.83
1.00 1.52
1.00 1.62
1.00 1.97
1.00 1.87
1.00 2.08
1.00 1.62
1.00 1.72
1.00 1.52
1.00 2.30
1.00 2.30
1.00 2.19
1.00 1.97
1.00 1.42
1.50 2.83
1.50 2.43
1.50 2.83
1.50 1.94
1.50 2.06
1.50 2.64
1.50 3.03
1.50 3.24
1.50 2.47
1.50 1.94
1.50 3.24
1.50 2.64
1.50 2.31
1.50 2.47
1.50 3.03
2.00 4.08
2.00 2.96
2.00 4.01
2.00 3.48
2.00 3.48
2.00 2.91
2.00 4.63
2.00 3.73
2.00 3.73
2.00 4.31
2.00 4.31
2.00 2.68
2.00 2.55
2.00 2.82
2.00 4.01
2.50 4.68
2.50 2.68
2.50 2.86
2.50 4.70
2.50 4.67
2.50 4.01
2.50 3.97
2.50 4.58
2.50 2.77
2.50 2.72
2.50 4.41
2.50 3.89
2.50 3.93
2.50 2.81
2.50 4.05
3.00 4.83
3.00 3.82
3.00 2.50
3.00 4.80
3.00 2.54
3.00 3.76
3.00 3.79
3.00 4.73
3.00 2.64
3.00 3.86
3.00 4.87
3.00 3.72
3.00 2.61
3.00 2.57
3.00 4.76
3.50 2.39
3.50 2.42
3.50 2.47
3.50 4.96
3.50 5.00
3.50 3.57
3.50 5.00
3.50 4.91
3.50 2.44
3.50 2.37
3.50 5.00
3.50 3.61
3.50 3.64
3.50 3.54
3.50 3.68
5.00 5.00
5.00 5.00
5.00 5.00
5.00 5.00
5.00 5.00
5.00 5.00
5.00 5.00
5.00 5.00
5.00 5.00
5.00 4.41
5.00 5.00
5.00 5.00
5.00 5.00
5.00 4.35
5.00 5.00
5.00 5.00
5.00 5.00
5.00 5.00
5.00 5.00
5.00 5.00
5.00 2.08
5.00 5.00
5.00 4.15
5.00 5.00
5.00 2.08
5.00 5.00
5.00 5.00
5.00 4.91
5.00 5.00
5.00 4.73
5.00 4.55
5.00 5.00
5.00 5.00
5.00 5.00
5.00 5.00
5.00 5.00
5.00 2.17
5.00 5.00
5.00 5.00
5.00 5.00
5.00 5.00
5.00 4.04
5.00 2.68
5.00 5.00
5.00 5.00
0.00 1.64
0.00 0.90
0.00 1.98
0.00 1.28
0.00 0.90
0.00 0.97
0.00 1.98
0.00 1.12
0.00 0.92
0.00 1.28
0.00 1.12
0.00 1.28
0.00 0.92
0.00 0.90
0.00 0.90
4.00 5.00
4.00 2.28
4.00 2.30
4.00 5.00
4.00 2.35
4.00 5.00
4.00 2.28
4.00 2.26
4.00 2.30
4.00 2.32
4.00 2.32
4.00 5.00
4.00 2.26
4.00 5.00
4.00 2.35
4.50 2.18
4.50 2.25
4.50 2.23
4.50 2.20
4.50 5.00
4.50 5.00
4.50 2.23
4.50 2.25
4.50 2.21
4.50 5.00
4.50 5.00
4.50 2.18
4.50 2.20
4.50 2.21
4.50 5.00
5.00 5.00
5.00 5.00
5.00 3.29
5.00 5.00
5.00 2.92
5.00 5.00
0.00 0.62
0.00 0.50
3.50 0.64
3.50 0.69
4.00 0.61
4.00 0.62
4.50 1.28
4.50 1.16
0.50 2.29
0.50 5.00
0.50 1.68
0.50 5.00
0.50 5.00
0.50 0.35
0.50 3.91
0.50 3.87
0.50 2.12
0.50 4.01
0.50 0.25
0.50 1.96
0.50 0.15
0.50 1.82
0.50 5.00
1.00 2.69
1.00 0.56
1.00 3.76
1.00 3.83
1.00 3.69
1.00 0.76
1.00 4.35
1.00 4.15
1.00 0.66
1.00 3.83
1.00 3.38
1.00 4.99
1.00 2.48
1.00 2.22
1.00 4.08
1.50 5.00
1.50 3.20
1.50 3.03
1.50 3.66
1.50 4.25
1.50 2.88
1.50 3.60
1.50 3.60
1.50 4.18
1.50 5.00
1.50 3.39
1.50 3.20
1.50 3.39
1.50 5.00
1.50 2.88
2.00 2.41
2.00 2.33
2.00 2.51
2.00 2.74
2.00 5.00
2.00 4.06
2.00 2.62
2.00 5.00
2.00 3.91
2.00 2.33
2.00 5.00
2.00 5.00
2.00 2.51
2.00 2.74
2.00 2.62
2.50 4.08
2.50 2.19
2.50 4.35
2.50 2.09
2.50 5.00
2.50 2.14
2.50 4.66
2.50 3.87
2.50 2.26
2.50 2.14
2.50 3.83
2.50 3.72
2.50 3.79
2.50 2.05
2.50 4.99
3.00 2.02
3.00 2.00
3.00 1.96
3.00 3.60
3.00 3.66
3.00 2.00
3.00 1.98
3.00 1.96
3.00 3.39
3.00 3.20
3.00 3.69
3.00 1.96
3.00 3.83
3.00 3.03
3.00 1.98
3.50 3.48
3.50 1.96
3.50 1.95
3.50 2.62
3.50 1.97
3.50 1.97
3.50 2.41
3.50 1.96
3.50 3.41
3.50 2.74
3.50 1.95
3.50 1.95
3.50 3.51
3.50 2.88
3.50 1.95
4.00 2.26
4.00 1.98
4.00 2.19
4.00 1.99
4.00 3.35
4.00 1.98
4.00 1.98
4.00 1.97
4.00 2.09
4.00 1.98
4.00 2.33
4.00 1.99
4.00 1.97
4.00 3.38
4.00 1.98
4.50 1.95
4.50 1.97
4.50 1.67
4.50 2.02
4.50 1.97
4.50 1.95
4.50 1.84
4.50 1.91
4.50 1.96
4.50 2.00
4.50 1.91
4.50 1.98
4.50 1.84
4.50 2.05
4.50 1.67
5.00 2.58
5.00 5.00
5.00 5.00
5.00 1.60
5.00 5.00
5.00 2.48
5.00 5.00
5.00 5.00
5.00 0.27
5.00 5.00
5.00 4.66
5.00 1.62
5.00 2.62
5.00 5.00
5.00 5.00
5.00 5.00
5.00 2.27
5.00 2.41
5.00 5.00
5.00 5.00
5.00 5.00
5.00 1.55
5.00 1.82
5.00 2.26
5.00 2.43
5.00 2.28
5.00 0.82
5.00 5.00
5.00 4.06
5.00 5.00
5.00 1.93
5.00 3.14
5.00 1.21
5.00 3.62
5.00 5.00
5.00 4.75
5.00 2.33
5.00 2.65
5.00 2.01
5.00 2.15
5.00 5.00
5.00 0.73
5.00 5.00
5.00 2.41
5.00 5.00
0.00 4.25
0.00 5.00
0.00 5.00
0.00 4.12
0.00 0.25
0.00 1.17
0.00 1.55
0.00 0.46
0.00 5.00
0.00 3.98
0.00 4.33
0.00 1.51
0.00 1.64
0.00 5.00
0.00 0.36
0.50 1.93
0.50 1.76
0.50 1.76
0.50 1.61
0.50 1.61
0.50 2.09
0.50 1.47
0.50 2.09
1.00 2.63
1.00 2.26
1.00 2.44
1.00 2.84
1.00 2.44
1.00 3.05
1.00 2.84
1.00 2.26
1.50 3.77
1.50 4.03
1.50 4.05
1.50 3.27
1.50 3.27
1.50 3.77
1.50 4.05
1.50 3.51
2.00 4.02
2.00 4.02
2.00 4.01
2.00 4.00
2.00 4.00
2.00 4.00
2.00 4.01
2.00 4.00
2.50 4.02
2.50 4.02
2.50 4.01
2.50 4.01
2.50 4.04
2.50 4.04
2.50 4.03
2.50 4.03
3.00 4.11
3.00 4.09
3.00 4.13
3.00 4.16
3.00 4.07
3.00 4.09
3.00 4.11
3.00 4.07
3.50 4.24
3.50 4.20
3.50 4.18
3.50 4.24
3.50 4.22
3.50 4.26
3.50 4.18
3.50 4.20
4.00 4.30
4.00 4.33
4.00 4.33
4.00 4.34
4.00 4.30
4.00 4.31
4.00 4.34
4.00 4.28
4.50 4.35
4.50 4.37
4.50 4.34
4.50 4.34
4.50 4.35
4.50 4.34
4.50 4.34
4.50 4.39
5.00 5.00
5.00 5.00
5.00 5.00
5.00 4.46
5.00 5.00
5.00 5.00
5.00 4.23
5.00 5.00
5.00 5.00
5.00 4.37
5.00 4.22
5.00 5.00
5.00 4.25
5.00 5.00
5.00 5.00
5.00 5.00
5.00 5.00
5.00 5.00
5.00 5.00
5.00 5.00
5.00 4.69
5.00 5.00
5.00 5.00
5.00 4.49
0.00 1.33
0.00 1.20
0.00 0.97
0.00 0.86
0.00 1.08
0.00 0.86
0.00 1.33
0.00 1.08
0.50 2.06
0.50 1.52
0.50 1.12
0.50 1.52
0.50 1.32
0.50 2.24
0.50 2.24
0.50 1.90
0.50 1.57
0.50 1.73
0.50 1.32
0.50 1.12
0.50 1.90
1.00 2.23
1.00 2.86
1.00 2.43
1.00 1.79
1.00 1.93
1.00 2.08
1.00 3.08
1.00 2.08
1.00 2.64
1.00 2.43
1.00 2.23
1.00 1.93
1.00 1.65
1.50 3.58
1.50 3.86
1.50 3.09
1.50 2.55
1.50 2.38
1.50 2.90
1.50 2.90
1.50 4.16
1.50 4.11
1.50 3.86
1.50 4.11
1.50 3.58
1.50 4.06
2.00 3.93
2.00 3.90
2.00 3.49
2.00 3.93
2.00 4.02
2.00 3.70
2.00 3.99
2.00 4.02
2.00 3.93
2.00 3.90
2.00 3.70
2.00 4.18
2.00 3.49
2.50 3.81
2.50 4.36
2.50 3.81
2.50 4.21
2.50 3.84
2.50 3.88
2.50 4.32
2.50 4.24
2.50 3.84
2.50 4.36
2.50 3.88
2.50 3.86
2.50 4.32
3.00 4.45
3.00 3.80
3.00 4.56
3.00 3.74
3.00 4.50
3.00 4.50
3.00 4.61
3.00 3.80
3.00 4.40
3.00 3.75
3.00 3.78
3.00 3.76
3.00 4.40
5.00 4.59
5.00 5.00
5.00 1.26
5.00 5.00
5.00 1.21
5.00 2.23
5.00 5.00
5.00 4.14
5.00 5.00
5.00 5.00
5.00 2.42
5.00 5.00
5.00 5.00
5.00 1.91
5.00 5.00
5.00 5.00
5.00 3.66
5.00 2.26
5.00 2.09
5.00 5.00
5.00 3.25
5.00 5.00
5.00 5.00
5.00 5.00
5.00 5.00
5.00 2.51
5.00 5.00
5.00 1.29
5.00 3.68
5.00 2.13
5.00 2.23
5.00 3.19
5.00 5.00
5.00 4.15
5.00 3.14
5.00 5.00
5.00 5.00
5.00 5.00
5.00 5.00
0.00 0.90
0.00 1.15
0.00 1.07
0.00 1.02
0.00 1.14
0.00 1.28
0.00 1.15
0.00 1.02
0.00 1.02
0.00 1.42
0.00 1.02
0.00 1.28
0.00 0.90
3.50 4.87
3.50 3.73
3.50 3.73
3.50 4.87
3.50 3.74
3.50 4.80
3.50 4.67
3.50 4.73
3.50 3.73
3.50 4.94
3.50 4.67
3.50 4.73
3.50 4.80
4.00 5.00
4.00 5.00
4.00 5.00
4.00 5.00
4.00 5.00
4.00 3.72
4.00 3.73
4.00 5.00
4.00 3.72
4.00 3.72
4.00 5.00
4.00 5.00
4.00 3.71
4.50 5.00
4.50 3.71
4.50 3.70
4.50 5.00
4.50 3.69
4.50 5.00
4.50 3.69
4.50 5.00
4.50 5.00
4.50 5.00
4.50 5.00
4.50 3.70
4.50 5.00
0.50 1.52
0.50 1.40
0.50 1.57
0.50 1.78
0.50 1.28
0.50 1.45
0.50 1.23
0.50 1.34
0.50 1.64
0.50 1.70
1.00 2.37
1.00 2.04
1.00 2.22
1.00 2.19
1.00 1.94
1.00 2.34
1.00 2.51
1.00 1.82
1.00 2.07
1.00 2.37
1.50 2.81
1.50 2.66
1.50 2.85
1.50 2.98
1.50 2.67
1.50 2.51
1.50 3.25
1.50 3.48
1.50 3.16
1.50 3.16
2.00 2.95
2.00 3.00
2.00 3.36
2.00 2.95
2.00 3.10
2.00 3.05
2.00 3.05
2.00 3.10
2.00 3.39
2.00 2.90
2.50 3.51
2.50 3.48
2.50 3.44
2.50 2.86
2.50 2.72
2.50 2.72
2.50 2.75
2.50 2.83
2.50 2.83
2.50 2.79
3.00 2.61
3.00 2.64
3.00 2.61
3.00 3.63
3.00 3.59
3.00 2.69
3.00 2.59
3.00 2.64
3.00 2.59
3.00 2.66
3.50 3.89
3.50 2.51
3.50 4.00
3.50 2.57
3.50 4.06
3.50 2.55
3.50 2.50
3.50 2.50
3.50 2.53
3.50 2.55
4.00 2.47
4.00 2.45
4.00 4.26
4.00 2.48
4.00 4.19
4.00 2.46
4.00 2.47
4.00 2.46
4.00 4.13
4.00 4.33
4.50 2.45
4.50 2.44
4.50 2.44
4.50 2.44
4.50 2.44
4.50 2.44
4.50 4.55
4.50 4.63
4.50 2.44
4.50 2.44
5.00 3.64
5.00 1.63
5.00 5.00
5.00 5.00
5.00 5.00
5.00 2.97
5.00 2.51
5.00 2.85
5.00 3.05
5.00 2.70
5.00 2.53
5.00 3.96
5.00 4.80
5.00 2.83
5.00 1.03
5.00 3.86
5.00 2.05
5.00 2.94
5.00 5.00
5.00 1.10
5.00 5.00
5.00 5.00
5.00 5.00
5.00 5.00
5.00 2.87
5.00 2.77
5.00 2.44
5.00 1.35
5.00 2.06
5.00 4.53
0.00 1.04
0.00 1.09
0.00 1.09
0.00 0.84
0.00 1.00
0.00 0.86
0.00 1.18
0.00 1.18
0.00 1.04
0.00 0.84
0.50 1.51
0.50 0.54
0.50 1.81
0.50 1.61
0.50 1.73
0.50 2.51
0.50 1.86
0.50 1.71
0.50 1.51
0.50 1.49
0.50 0.52
0.50 1.68
0.50 1.76
0.50 1.71
0.50 1.72
0.50 1.49
0.50 0.53
0.50 2.09
0.50 0.51
0.50 1.61
0.50 1.41
0.50 2.29
0.50 0.54
0.50 1.61
0.50 1.26
0.50 1.81
0.50 1.73
0.50 1.91
0.50 1.37
0.50 1.41
1.00 2.28
1.00 1.85
1.00 2.02
1.00 0.51
1.00 2.34
1.00 2.41
1.00 2.41
1.00 2.12
1.00 1.91
1.00 2.02
1.00 2.12
1.00 2.75
1.00 0.53
1.00 2.13
1.00 0.51
1.00 0.52
1.00 2.23
1.00 0.53
1.00 1.98
1.00 2.23
1.00 1.91
1.00 0.51
1.00 2.06
1.00 2.13
1.00 2.34
1.00 1.91
1.00 0.52
1.00 1.98
1.00 1.96
1.00 2.10
1.50 0.48
1.50 2.97
1.50 2.56
1.50 0.50
1.50 2.15
1.50 2.71
1.50 0.48
1.50 3.82
1.50 0.48
1.50 3.25
1.50 2.87
1.50 2.20
1.50 2.16
1.50 4.56
1.50 2.10
1.50 3.05
1.50 4.45
1.50 4.67
1.50 4.55
1.50 4.25
1.50 4.56
1.50 2.71
1.50 3.82
1.50 0.48
1.50 0.48
1.50 2.97
1.50 0.49
1.50 2.45
1.50 2.87
1.50 2.81
2.00 2.72
2.00 2.72
2.00 5.00
2.00 3.99
2.00 2.84
2.00 5.00
2.00 2.08
2.00 0.48
2.00 5.00
2.00 2.77
2.00 5.00
2.00 4.08
2.00 2.90
2.00 2.66
2.00 0.48
2.00 4.28
2.00 2.02
2.00 0.48
2.00 2.90
2.00 5.00
2.00 5.00
2.00 5.00
2.00 2.03
2.00 3.91
2.00 5.00
2.00 5.00
2.00 2.06
2.00 2.00
2.00 5.00
2.00 2.84
2.50 5.00
2.50 4.01
2.50 5.00
2.50 3.94
2.50 5.00
2.50 5.00
2.50 3.96
2.50 2.52
2.50 3.93
2.50 2.61
2.50 5.00
2.50 2.44
2.50 2.52
2.50 1.95
2.50 5.00
2.50 3.98
2.50 1.93
2.50 2.61
2.50 2.57
2.50 2.57
2.50 5.00
2.50 5.00
2.50 0.47
2.50 1.98
2.50 5.00
2.50 2.44
2.50 2.48
2.50 1.97
2.50 2.48
2.50 0.48
3.00 5.00
3.00 1.89
3.00 2.35
3.00 2.32
3.00 2.32
3.00 2.35
3.00 1.88
3.00 2.30
3.00 5.00
3.00 3.93
3.00 5.00
3.00 3.92
3.00 5.00
3.00 2.30
3.00 1.87
3.00 2.41
3.00 3.92
3.00 5.00
3.00 2.38
3.00 5.00
3.00 3.92
3.00 3.94
3.00 1.92
3.00 5.00
3.00 2.41
3.00 1.91
3.00 5.00
3.00 5.00
3.00 2.38
3.00 5.00
3.50 5.00
3.50 4.06
3.50 1.86
3.50 5.00
3.50 1.82
3.50 2.22
3.50 3.96
3.50 5.00
3.50 2.22
3.50 5.00
3.50 4.03
3.50 5.00
3.50 5.00
3.50 2.28
3.50 1.83
3.50 2.26
3.50 1.84
3.50 2.21
3.50 4.00
3.50 2.28
3.50 5.00
3.50 3.98
3.50 2.24
3.50 1.85
3.50 2.24
3.50 5.00
3.50 2.26
3.50 5.00
3.50 5.00
3.50 2.21
4.00 5.00
4.00 2.18
4.00 4.18
4.00 5.00
4.00 1.80
4.00 2.17
4.00 1.82
4.00 2.19
4.00 2.18
4.00 2.20
4.00 4.23
4.00 5.00
4.00 5.00
4.00 2.20
4.00 1.80
4.00 2.18
4.00 5.00
4.00 2.18
4.00 2.17
4.00 5.00
4.00 4.28
4.00 4.10
4.00 1.81
4.00 5.00
4.00 5.00
4.00 1.81
4.00 5.00
4.00 5.00
4.00 2.19
4.00 4.14
4.50 1.73
4.50 2.17
4.50 2.17
4.50 0.48
4.50 2.17
4.50 5.00
4.50 1.59
4.50 5.00
4.50 5.00
4.50 5.00
4.50 1.79
4.50 4.59
4.50 5.00
4.50 1.68
4.50 4.39
4.50 2.17
4.50 2.17
4.50 5.00
4.50 0.48
4.50 2.17
4.50 2.17
4.50 0.48
4.50 5.00
4.50 5.00
4.50 2.17
4.50 5.00
4.50 4.33
4.50 4.52
4.50 5.00
4.50 4.45
5.00 1.98
5.00 0.45
5.00 0.73
5.00 0.74
5.00 5.00
5.00 3.43
5.00 2.34
5.00 5.00
5.00 5.00
5.00 0.41
5.00 0.53
5.00 0.45
5.00 5.00
5.00 0.81
5.00 5.00
5.00 5.00
5.00 0.24
5.00 5.00
5.00 0.44
5.00 5.00
5.00 5.00
5.00 5.00
5.00 4.13
5.00 5.00
5.00 0.85
5.00 5.00
5.00 3.22
5.00 0.80
5.00 2.70
5.00 0.90
5.00 5.00
5.00 5.00
5.00 0.58
5.00 0.60
5.00 0.42
5.00 0.68
5.00 1.89
5.00 4.89
5.00 3.42
5.00 5.00
5.00 2.70
5.00 0.38
5.00 2.34
5.00 0.39
5.00 5.00
5.00 0.46
5.00 5.00
5.00 0.78
5.00 3.22
5.00 5.00
5.00 0.68
5.00 2.17
5.00 0.47
5.00 5.00
5.00 5.00
5.00 0.92
5.00 1.98
5.00 3.14
5.00 0.40
5.00 2.98
5.00 4.97
5.00 3.27
5.00 0.77
5.00 2.17
5.00 5.00
5.00 5.00
5.00 5.00
5.00 0.56
5.00 1.98
5.00 2.41
5.00 0.88
5.00 5.00
5.00 5.00
5.00 0.83
5.00 4.12
5.00 5.00
5.00 2.40
5.00 2.70
5.00 2.17
5.00 4.19
5.00 3.51
5.00 1.98
5.00 5.00
5.00 3.51
5.00 0.85
5.00 3.57
5.00 2.34
5.00 0.64
5.00 5.00
5.00 5.00
0.00 0.95
0.00 0.95
0.00 0.43
0.00 1.01
0.00 1.39
0.00 0.37
0.00 0.32
0.00 1.16
0.00 1.55
0.00 1.55
0.00 0.85
0.00 0.51
0.00 1.01
0.00 0.97
0.00 0.32
0.00 1.39
0.00 1.16
0.00 1.11
0.00 1.25
0.00 0.76
0.00 1.11
0.00 0.85
0.00 1.06
0.00 1.31
0.00 1.21
0.00 0.92
0.00 1.11
0.00 1.31
0.00 0.51
0.00 0.43
0.50 1.71
0.50 1.71
0.50 2.42
0.50 2.05
0.50 1.88
0.50 2.05
0.50 2.22
0.50 2.22
0.50 2.42
0.50 1.88
1.00 3.35
1.00 2.87
1.00 3.62
1.00 3.62
1.00 3.10
1.00 3.35
1.00 2.87
1.00 3.10
1.00 2.63
1.00 2.63
1.50 4.03
1.50 4.27
1.50 4.03
1.50 4.27
1.50 4.10
1.50 3.93
1.50 4.18
1.50 3.93
1.50 4.18
1.50 4.10
2.00 3.85
2.00 3.90
2.00 3.96
2.00 3.85
2.00 3.81
2.00 3.90
2.00 3.81
2.00 3.96
2.00 3.77
2.00 3.77
2.50 3.65
2.50 3.73
2.50 3.67
2.50 3.73
2.50 3.70
2.50 3.67
2.50 3.65
2.50 3.63
2.50 3.70
2.50 3.63
3.00 3.60
3.00 3.60
3.00 3.59
3.00 3.57
3.00 3.58
3.00 3.58
3.00 3.59
3.00 3.62
3.00 3.57
3.00 3.62
3.50 3.57
3.50 3.56
3.50 3.55
3.50 3.56
3.50 3.56
3.50 3.56
3.50 3.56
3.50 3.56
3.50 3.55
3.50 3.57
4.00 3.55
4.00 3.55
4.00 3.55
4.00 3.55
4.00 3.55
4.00 3.55
4.00 3.55
4.00 3.54
4.00 3.54
4.00 3.55
4.50 3.53
4.50 3.53
4.50 3.53
4.50 3.52
4.50 3.54
4.50 3.52
4.50 3.53
4.50 3.54
4.50 3.54
4.50 3.54
5.00 3.50
5.00 5.00
5.00 2.12
5.00 5.00
5.00 3.42
5.00 5.00
5.00 5.00
5.00 3.30
5.00 5.00
5.00 4.62
5.00 4.36
5.00 5.00
5.00 3.70
5.00 5.00
5.00 5.00
5.00 5.00
5.00 5.00
5.00 4.75
5.00 5.00
5.00 3.44
5.00 5.00
5.00 5.00
5.00 5.00
5.00 3.24
5.00 5.00
5.00 3.98
5.00 5.00
5.00 5.00
5.00 2.16
5.00 4.72
0.00 1.14
0.00 1.01
0.00 1.41
0.00 1.27
0.00 1.41
0.00 1.55
0.00 1.27
0.00 1.55
0.00 1.14
0.00 1.01
0.50 1.32
0.50 1.42
0.50 1.64
0.50 1.77
0.50 1.51
0.50 1.52
0.50 1.53
0.50 1.46
0.50 1.32
0.50 1.64
0.50 1.58
0.50 1.73
0.50 1.57
0.50 1.65
0.50 1.42
1.00 1.98
1.00 2.09
1.00 1.47
1.00 1.48
1.00 1.47
1.00 2.18
1.00 2.52
1.00 1.90
1.00 2.34
1.00 2.34
1.00 1.90
1.00 1.47
1.00 2.04
1.00 2.18
1.00 2.04
1.50 2.80
1.50 3.31
1.50 3.00
1.50 2.62
1.50 1.89
1.50 3.54
1.50 3.31
1.50 1.67
1.50 1.77
1.50 2.89
1.50 3.10
1.50 2.89
1.50 2.70
1.50 1.55
1.50 2.33
2.00 4.34
2.00 4.04
2.00 4.34
2.00 2.04
2.00 3.55
2.00 3.78
2.00 3.19
2.00 2.50
2.00 3.28
2.00 2.24
2.00 3.42
2.00 4.31
2.00 4.04
2.00 3.30
2.00 4.33
2.50 4.31
2.50 4.39
2.50 3.93
2.50 4.24
2.50 4.24
2.50 4.37
2.50 4.58
2.50 4.46
2.50 3.88
2.50 4.49
2.50 3.71
2.50 4.46
2.50 4.37
2.50 4.46
2.50 4.54
5.00 5.00
5.00 5.00
5.00 4.16
5.00 5.00
5.00 4.17
5.00 5.00
5.00 5.00
5.00 1.72
5.00 5.00
5.00 5.00
5.00 5.00
5.00 4.73
5.00 5.00
5.00 5.00
5.00 1.45
5.00 5.00
5.00 5.00
5.00 3.32
5.00 5.00
5.00 5.00
5.00 5.00
5.00 4.55
5.00 5.00
5.00 5.00
5.00 5.00
5.00 5.00
5.00 5.00
5.00 2.97
5.00 5.00
5.00 5.00
5.00 2.49
5.00 5.00
5.00 5.00
5.00 5.00
5.00 5.00
5.00 4.16
5.00 5.00
5.00 5.00
5.00 5.00
5.00 5.00
5.00 5.00
5.00 5.00
5.00 2.16
5.00 5.00
5.00 5.00
0.00 1.01
0.00 1.11
0.00 0.90
0.00 1.01
0.00 1.02
0.00 1.22
0.00 0.90
0.00 1.22
0.00 1.22
0.00 1.02
0.00 1.11
0.00 1.33
0.00 1.12
0.00 1.22
0.00 1.03
3.00 4.55
3.00 4.55
3.00 4.74
3.00 4.64
3.00 4.60
3.00 4.69
3.00 4.64
3.00 4.54
3.00 4.69
3.00 4.84
3.00 4.60
3.00 4.54
3.00 4.79
3.00 4.69
3.00 4.63
3.50 5.00
3.50 5.00
3.50 4.80
3.50 4.98
3.50 4.98
3.50 4.75
3.50 4.92
3.50 4.75
3.50 4.86
3.50 4.80
3.50 4.86
3.50 5.00
3.50 4.89
3.50 4.92
3.50 4.95
4.00 5.00
4.00 5.00
4.00 5.00
4.00 5.00
4.00 5.00
4.00 5.00
4.00 5.00
4.00 5.00
4.00 5.00
4.00 5.00
4.00 5.00
4.00 5.00
4.00 5.00
4.00 5.00
4.00 5.00
4.50 5.00
4.50 5.00
4.50 5.00
4.50 5.00
4.50 5.00
4.50 5.00
4.50 5.00
4.50 5.00
4.50 5.00
4.50 5.00
4.50 5.00
4.50 5.00
4.50 5.00
4.50 5.00
4.50 5.00
0.50 1.21
0.50 1.44
0.50 1.32
0.50 1.56
0.50 1.69
1.00 2.07
1.00 1.81
1.00 2.07
1.00 1.94
1.00 1.94
1.50 2.52
1.50 2.84
1.50 2.68
1.50 2.68
1.50 3.20
2.00 2.96
2.00 3.14
2.00 3.07
2.00 2.91
2.00 2.91
2.50 2.82
2.50 2.82
2.50 2.74
2.50 2.74
2.50 2.86
3.00 2.58
3.00 2.67
3.00 2.61
3.00 2.64
3.00 2.67
3.50 2.53
3.50 2.51
3.50 2.47
3.50 2.53
3.50 2.45
4.00 2.40
4.00 2.41
4.00 2.43
4.00 2.39
4.00 2.39
4.50 2.38
4.50 2.39
4.50 2.38
4.50 2.38
4.50 2.38
5.00 2.83
5.00 5.00
5.00 2.83
5.00 2.55
5.00 2.81
5.00 2.53
5.00 5.00
5.00 2.79
5.00 2.83
5.00 2.80
5.00 5.00
5.00 5.00
5.00 2.83
5.00 2.81
5.00 2.41
0.00 0.92
0.00 0.83
0.00 1.11
0.00 0.83
0.00 1.01
0.50 1.37
0.50 1.37
0.50 2.13
0.50 1.49
0.50 1.85
0.50 1.88
0.50 2.31
0.50 1.61
0.50 2.13
0.50 1.75
0.50 1.99
0.50 1.61
0.50 1.75
0.50 2.31
0.50 1.72
0.50 1.49
0.50 1.99
0.50 1.72
0.50 1.85
0.50 1.88
1.00 2.32
1.00 2.02
1.00 3.47
1.00 2.50
1.00 2.02
1.00 2.72
1.00 2.49
1.00 3.47
1.00 2.95
1.00 2.32
1.00 2.50
1.00 2.72
1.00 2.65
1.00 2.65
1.00 2.49
1.00 2.16
1.00 3.21
1.00 2.16
1.00 3.21
1.00 2.95
1.50 4.79
1.50 3.19
1.50 3.33
1.50 3.75
1.50 3.00
1.50 2.82
1.50 4.75
1.50 4.41
1.50 4.06
1.50 4.75
1.50 3.19
1.50 3.00
1.50 3.33
1.50 3.40
1.50 4.06
1.50 2.82
1.50 4.41
1.50 3.40
1.50 3.75
1.50 4.79
2.00 3.05
2.00 4.72
2.00 4.69
2.00 3.09
2.00 3.20
2.00 4.68
2.00 3.20
2.00 4.72
2.00 4.68
2.00 3.15
2.00 3.05
2.00 4.70
2.00 3.15
2.00 4.68
2.00 3.09
2.00 4.68
2.00 4.70
2.00 3.26
2.00 4.69
2.00 3.26
2.50 2.88
2.50 4.75
2.50 4.71
2.50 2.92
2.50 4.73
2.50 3.00
2.50 4.68
2.50 4.69
2.50 2.88
2.50 4.71
2.50 2.92
2.50 4.69
2.50 2.84
2.50 4.75
2.50 2.84
2.50 4.68
2.50 4.73
2.50 2.96
2.50 3.00
2.50 2.96
3.00 2.75
3.00 4.78
3.00 4.81
3.00 4.92
3.00 4.84
3.00 4.81
3.00 2.75
3.00 2.69
3.00 4.92
3.00 2.81
3.00 2.78
3.00 4.78
3.00 2.78
3.00 4.88
3.00 2.81
3.00 4.88
3.00 2.69
3.00 4.84
3.00 2.72
3.00 2.72
3.50 4.97
3.50 2.64
3.50 5.00
3.50 2.67
3.50 2.61
3.50 2.62
3.50 2.62
3.50 4.97
3.50 2.59
3.50 2.64
3.50 2.59
3.50 5.00
3.50 2.61
3.50 5.00
3.50 5.00
3.50 5.00
3.50 5.00
3.50 5.00
3.50 5.00
3.50 2.67
4.00 5.00
4.00 2.54
4.00 5.00
4.00 2.55
4.00 2.57
4.00 5.00
4.00 5.00
4.00 5.00
4.00 5.00
4.00 2.56
4.00 2.54
4.00 2.53
4.00 2.53
4.00 2.57
4.00 2.55
4.00 5.00
4.00 2.56
4.00 5.00
4.00 5.00
4.00 5.00
4.50 5.00
4.50 5.00
4.50 2.52
4.50 2.52
4.50 5.00
4.50 2.52
4.50 2.52
4.50 5.00
4.50 2.52
4.50 5.00
4.50 5.00
4.50 2.52
4.50 2.52
4.50 5.00
4.50 5.00
4.50 2.52
4.50 5.00
4.50 2.52
4.50 2.52
4.50 5.00
5.00 5.00
5.00 5.00
5.00 5.00
5.00 5.00
5.00 5.00
5.00 4.25
5.00 2.56
5.00 5.00
5.00 2.33
5.00 5.00
5.00 5.00
5.00 5.00
5.00 5.00
5.00 5.00
5.00 5.00
5.00 5.00
5.00 5.00
5.00 5.00
5.00 5.00
5.00 5.00
5.00 5.00
5.00 5.00
5.00 5.00
5.00 5.00
5.00 5.00
5.00 5.00
5.00 2.44
5.00 2.52
5.00 5.00
5.00 5.00
5.00 5.00
5.00 5.00
5.00 5.00
5.00 5.00
5.00 5.00
5.00 5.00
5.00 2.39
5.00 5.00
5.00 2.54
5.00 5.00
5.00 5.00
5.00 5.00
5.00 5.00
5.00 2.99
5.00 2.37
5.00 2.55
5.00 3.70
5.00 5.00
5.00 5.00
5.00 5.00
5.00 5.00
5.00 5.00
5.00 5.00
5.00 3.34
5.00 2.56
5.00 5.00
5.00 5.00
5.00 5.00
5.00 5.00
5.00 5.00
0.00 1.48
0.00 1.18
0.00 1.38
0.00 1.05
0.00 1.05
0.00 1.60
0.00 1.14
0.00 1.25
0.00 1.25
0.00 0.96
0.00 1.18
0.00 0.87
0.00 1.38
0.00 1.48
0.00 1.28
0.00 0.87
0.00 1.14
0.00 0.96
0.00 1.60
0.00 1.28
0.50 1.94
0.50 1.83
0.50 2.01
0.50 1.87
0.50 2.73
1.00 2.15
1.00 3.31
1.00 2.30
1.00 4.35
1.00 2.38
1.50 2.55
1.50 2.44
1.50 4.79
1.50 2.51
1.50 2.59
2.00 2.20
2.00 2.24
2.00 4.60
2.00 2.32
2.00 4.86
2.50 1.99
2.50 2.09
2.50 2.06
2.50 4.55
2.50 2.02
3.00 4.45
3.00 1.85
3.00 4.45
3.00 1.92
3.00 1.82
3.50 1.74
3.50 1.78
3.50 4.51
3.50 4.50
3.50 4.46
4.00 4.71
4.00 1.56
4.00 4.52
4.00 4.60
4.00 4.65
5.00 5.00
5.00 2.54
5.00 2.60
5.00 5.00
5.00 5.00
5.00 5.00
5.00 5.00
5.00 5.00
5.00 5.00
5.00 5.00
5.00 5.00
5.00 3.02
5.00 2.75
5.00 5.00
5.00 5.00
0.00 1.69
0.00 1.52
0.00 1.10
0.00 1.36
0.00 1.22
4.50 5.00
4.50 5.00
4.50 4.82
4.50 4.76
4.50 4.89
0.50 1.51
0.50 1.39
0.50 1.63
0.50 1.27
0.50 1.51
0.50 1.77
0.50 1.77
0.50 1.39
0.50 1.27
0.50 1.63
1.00 2.03
1.00 2.49
1.00 2.18
1.00 2.03
1.00 2.33
1.00 1.90
1.00 2.33
1.00 1.90
1.00 2.49
1.00 2.18
1.50 3.37
1.50 2.81
1.50 2.81
1.50 2.65
1.50 3.37
1.50 2.99
1.50 3.17
1.50 2.65
1.50 3.17
1.50 2.99
2.00 3.18
2.00 3.33
2.00 3.25
2.00 3.25
2.00 3.33
2.00 3.28
2.00 3.28
2.00 3.18
2.00 3.21
2.00 3.21
2.50 3.12
2.50 3.07
2.50 3.07
2.50 3.15
2.50 3.12
2.50 3.05
2.50 3.10
2.50 3.15
2.50 3.05
2.50 3.10
3.00 2.98
3.00 2.99
3.00 2.99
3.00 3.03
3.00 2.96
3.00 3.01
3.00 2.96
3.00 3.01
3.00 2.98
3.00 3.03
3.50 2.93
3.50 2.95
3.50 2.91
3.50 2.91
3.50 2.92
3.50 2.92
3.50 2.92
3.50 2.93
3.50 2.95
3.50 2.92
4.00 2.90
4.00 2.89
4.00 2.90
4.00 2.90
4.00 2.89
4.00 2.90
4.00 2.89
4.00 2.89
4.00 2.89
4.00 2.89
4.50 2.91
4.50 2.90
4.50 2.90
4.50 2.93
4.50 2.91
4.50 2.90
4.50 2.93
4.50 2.92
4.50 2.90
4.50 2.92
0.00 1.07
0.00 1.07
0.00 1.16
0.00 0.97
0.00 0.97
0.00 0.79
0.00 1.16
0.00 0.88
0.00 0.88
0.00 0.79
5.00 0.81
5.00 0.71
5.00 0.81
5.00 1.01
5.00 0.72
5.00 2.90
5.00 0.68
5.00 4.94
5.00 0.75
5.00 0.79
5.00 0.81
5.00 0.80
5.00 2.58
5.00 0.81
5.00 0.74
5.00 2.31
5.00 2.61
5.00 0.64
5.00 0.77
5.00 0.62
5.00 0.56
5.00 0.75
5.00 0.73
5.00 2.80
5.00 2.69
5.00 0.55
5.00 0.81
5.00 0.80
5.00 2.65
5.00 0.67
0.50 1.42
0.50 1.69
0.50 1.30
0.50 1.84
0.50 1.55
1.00 2.30
1.00 2.13
1.00 1.98
1.00 2.66
1.00 2.47
1.50 3.04
1.50 3.25
1.50 2.84
1.50 3.74
1.50 3.49
2.00 3.77
2.00 3.75
2.00 3.85
2.00 3.82
2.00 3.80
2.50 3.99
2.50 3.92
2.50 3.95
2.50 3.88
2.50 4.03
3.00 4.23
3.00 4.28
3.00 4.12
3.00 4.12
3.00 4.17
3.50 4.39
3.50 4.54
3.50 4.54
3.50 4.48
3.50 4.39
4.00 4.73
4.00 4.80
4.00 4.73
4.00 4.60
4.00 4.87
4.50 5.00
4.50 5.00
4.50 5.00
4.50 5.00
4.50 5.00
5.00 5.00
5.00 5.00
5.00 5.00
5.00 5.00
5.00 5.00
5.00 5.00
5.00 5.00
5.00 5.00
5.00 1.89
5.00 5.00
5.00 5.00
5.00 5.00
5.00 5.00
5.00 5.00
5.00 3.35
0.00 0.96
0.00 1.18
0.00 0.85
0.00 1.07
0.00 1.18
0.50 2.06
0.50 1.69
0.50 1.57
0.50 1.69
0.50 1.93
1.00 2.94
1.00 2.19
1.00 2.73
1.00 2.73
1.00 2.94
1.50 4.20
1.50 3.64
1.50 3.64
1.50 3.40
1.50 3.17
2.00 4.50
2.00 4.32
2.00 4.33
2.00 4.51
2.00 4.32
2.50 4.55
2.50 4.62
2.50 4.57
2.50 4.59
2.50 4.12
3.00 4.65
3.00 3.94
3.00 3.85
3.00 4.71
3.00 4.03
3.50 4.85
3.50 4.97
3.50 3.81
3.50 4.89
3.50 4.93
5.00 4.29
5.00 5.00
5.00 3.69
5.00 1.83
5.00 4.27
5.00 4.27
5.00 4.24
5.00 2.97
5.00 5.00
5.00 2.68
5.00 4.43
5.00 3.68
5.00 5.00
5.00 5.00
5.00 2.92
0.00 1.37
0.00 1.27
0.00 1.47
0.00 1.07
0.00 1.17
4.00 5.00
4.00 5.00
4.00 5.00
4.00 5.00
4.00 5.00
4.50 5.00
4.50 5.00
4.50 5.00
4.50 5.00
4.50 5.00
0.50 2.25
0.50 2.25
0.50 1.71
0.50 1.89
0.50 2.06
0.50 2.06
0.50 1.71
0.50 2.45
0.50 1.89
0.50 2.45
1.00 2.91
1.00 2.91
1.00 3.15
1.00 3.69
1.00 3.15
1.00 2.67
1.00 3.69
1.00 2.67
1.00 3.41
1.00 3.41
1.50 4.36
1.50 4.30
1.50 4.24
1.50 4.24
1.50 4.20
1.50 4.01
1.50 4.01
1.50 4.30
1.50 4.36
1.50 4.20
2.00 4.16
2.00 4.11
2.00 4.08
2.00 4.13
2.00 4.08
2.00 4.11
2.00 4.09
2.00 4.09
2.00 4.13
2.00 4.16
2.50 4.10
2.50 4.08
2.50 4.09
2.50 4.08
2.50 4.08
2.50 4.08
2.50 4.10
2.50 4.09
2.50 4.08
2.50 4.08
3.00 4.20
3.00 4.12
3.00 4.12
3.00 4.14
3.00 4.14
3.00 4.17
3.00 4.23
3.00 4.20
3.00 4.17
3.00 4.23
3.50 4.30
3.50 4.30
3.50 4.39
3.50 4.44
3.50 4.44
3.50 4.26
3.50 4.34
3.50 4.34
3.50 4.39
3.50 4.26
4.00 4.66
4.00 4.49
4.00 4.72
4.00 4.54
4.00 4.60
4.00 4.54
4.00 4.66
4.00 4.49
4.00 4.60
4.00 4.72
4.50 4.82
4.50 4.63
4.50 5.00
4.50 4.72
4.50 4.53
4.50 4.79
4.50 5.00
4.50 4.93
4.50 4.79
4.50 4.86
5.00 5.00
5.00 1.18
5.00 5.00
5.00 2.52
5.00 1.05
5.00 5.00
5.00 3.59
5.00 2.62
5.00 2.20
5.00 4.71
5.00 5.00
5.00 3.54
5.00 5.00
5.00 5.00
5.00 5.00
5.00 5.00
5.00 3.34
5.00 1.32
5.00 1.75
5.00 5.00
5.00 1.75
5.00 1.83
5.00 2.51
5.00 2.43
5.00 3.54
5.00 5.00
5.00 5.00
5.00 3.61
5.00 5.00
5.00 2.74
0.00 1.26
0.00 0.98
0.00 1.12
0.00 1.55
0.00 1.40
0.00 1.12
0.00 1.26
0.00 1.55
0.00 1.40
0.00 0.98
0.50 1.18
0.50 1.48
0.50 1.18
0.50 1.28
0.50 1.57
1.00 2.18
1.00 1.67
1.00 2.04
1.00 1.92
1.00 1.67
1.50 3.03
1.50 2.31
1.50 2.31
1.50 2.47
1.50 3.03
2.00 4.21
2.00 3.69
2.00 3.24
2.00 3.94
2.00 3.94
2.50 4.67
2.50 4.74
2.50 4.60
2.50 4.74
2.50 4.55
5.00 2.95
5.00 5.00
5.00 5.00
5.00 5.00
5.00 5.00
5.00 3.17
5.00 5.00
5.00 0.29
5.00 3.24
5.00 0.45
5.00 5.00
5.00 3.51
5.00 5.00
5.00 0.44
5.00 5.00
0.00 1.18
0.00 1.93
0.00 1.60
0.00 1.22
0.00 1.60
3.00 4.84
3.00 5.00
3.00 5.00
3.00 5.00
3.00 4.95
3.50 5.00
3.50 5.00
3.50 5.00
3.50 5.00
3.50 5.00
4.00 5.00
4.00 5.00
4.00 5.00
4.00 5.00
4.00 5.00
4.50 5.00
4.50 5.00
4.50 5.00
4.50 5.00
4.50 5.00
0.50 1.41
0.50 1.41
0.50 1.12
0.50 1.32
0.50 1.12
1.00 2.17
1.00 2.17
1.00 2.01
1.00 1.60
1.00 2.01
1.50 2.32
1.50 2.32
1.50 2.65
1.50 3.03
1.50 2.83
2.00 4.18
2.00 4.18
2.00 3.45
2.00 3.23
2.00 3.67
2.50 4.47
2.50 4.54
2.50 4.73
2.50 4.63
2.50 4.47
5.00 2.57
5.00 5.00
5.00 5.00
5.00 2.07
5.00 5.00
5.00 2.58
5.00 5.00
5.00 2.12
5.00 2.61
5.00 5.00
5.00 5.00
5.00 5.00
5.00 2.63
5.00 5.00
5.00 5.00
0.00 1.12
0.00 1.14
0.00 1.12
0.00 1.29
0.00 1.64
3.00 5.00
3.00 4.96
3.00 5.00
3.00 5.00
3.00 5.00
3.50 5.00
3.50 5.00
3.50 5.00
3.50 5.00
3.50 5.00
4.00 5.00
4.00 5.00
4.00 5.00
4.00 5.00
4.00 5.00
4.50 5.00
4.50 5.00
4.50 5.00
4.50 5.00
4.50 5.00
0.50 2.02
0.50 1.49
0.50 1.49
0.50 2.15
0.50 1.80
0.50 1.98
0.50 2.19
0.50 2.34
0.50 1.59
0.50 1.84
0.50 1.39
0.50 1.19
0.50 2.34
0.50 1.63
0.50 1.98
0.50 2.02
0.50 1.84
0.50 1.80
0.50 1.39
0.50 2.38
0.50 2.19
0.50 1.59
0.50 1.29
0.50 1.29
0.50 2.38
1.00 1.89
1.00 3.58
1.00 3.28
1.00 2.09
1.00 2.59
1.00 3.31
1.00 1.79
1.00 2.78
1.00 3.06
1.00 1.99
1.00 2.82
1.00 3.31
1.00 1.69
1.00 2.55
1.00 1.79
1.00 1.99
1.00 2.09
1.00 2.59
1.00 3.28
1.00 3.03
1.00 3.06
1.00 3.55
1.00 2.78
1.00 1.89
1.00 3.58
1.50 2.29
1.50 4.51
1.50 3.85
1.50 4.55
1.50 3.87
1.50 2.19
1.50 4.48
1.50 2.49
1.50 4.47
1.50 2.39
1.50 4.40
1.50 4.40
1.50 4.20
1.50 4.57
1.50 4.19
1.50 2.49
1.50 4.19
1.50 2.59
1.50 4.20
1.50 2.59
1.50 3.87
1.50 4.48
1.50 3.85
1.50 4.57
1.50 2.19
5.00 3.73
5.00 5.00
5.00 3.73
5.00 5.00
5.00 5.00
5.00 5.00
5.00 3.27
5.00 2.81
5.00 5.00
5.00 3.38
5.00 5.00
5.00 5.00
5.00 5.00
5.00 5.00
5.00 3.38
5.00 2.86
5.00 2.59
5.00 5.00
5.00 5.00
5.00 5.00
5.00 3.59
5.00 2.56
5.00 3.72
5.00 2.43
5.00 3.27
5.00 5.00
5.00 5.00
5.00 5.00
5.00 5.00
5.00 3.26
5.00 5.00
5.00 5.00
5.00 5.00
5.00 3.54
5.00 2.39
5.00 5.00
5.00 5.00
5.00 4.65
5.00 5.00
5.00 2.15
5.00 3.40
5.00 5.00
5.00 5.00
5.00 5.00
5.00 2.65
5.00 5.00
5.00 1.87
5.00 5.00
5.00 2.12
5.00 2.75
5.00 3.63
5.00 3.79
5.00 5.00
5.00 5.00
5.00 5.00
5.00 3.52
5.00 5.00
5.00 0.99
5.00 3.33
5.00 5.00
5.00 2.51
5.00 4.20
5.00 2.73
5.00 5.00
5.00 5.00
5.00 5.00
5.00 5.00
5.00 5.00
5.00 5.00
5.00 3.44
5.00 2.11
5.00 5.00
5.00 5.00
5.00 5.00
5.00 5.00
0.00 1.23
0.00 1.19
0.00 1.36
0.00 1.59
0.00 1.33
0.00 1.12
0.00 1.20
0.00 1.51
0.00 1.51
0.00 1.92
0.00 1.12
0.00 0.99
0.00 1.39
0.00 1.48
0.00 1.02
0.00 1.02
0.00 1.19
0.00 1.39
0.00 1.48
0.00 1.33
0.00 1.22
0.00 1.36
0.00 1.23
0.00 1.22
0.00 1.10
2.00 4.42
2.00 3.02
2.00 4.33
2.00 4.41
2.00 3.43
2.00 3.43
2.00 4.21
2.00 3.92
2.00 4.39
2.00 2.69
2.00 4.17
2.00 2.69
2.00 4.44
2.00 4.17
2.00 4.40
2.00 4.13
2.00 4.13
2.00 4.54
2.00 4.27
2.00 3.02
2.00 4.27
2.00 4.54
2.00 4.21
2.00 4.33
2.00 3.92
2.50 4.40
2.50 4.03
2.50 3.98
2.50 4.45
2.50 3.98
2.50 4.01
2.50 4.41
2.50 5.00
2.50 4.01
2.50 5.00
2.50 5.00
2.50 4.06
2.50 5.00
2.50 4.03
2.50 5.00
2.50 4.09
2.50 5.00
2.50 5.00
2.50 4.43
2.50 4.40
2.50 4.09
2.50 5.00
2.50 5.00
2.50 4.06
2.50 5.00
3.00 3.93
3.00 5.00
3.00 5.00
3.00 5.00
3.00 4.49
3.00 4.58
3.00 5.00
3.00 3.94
3.00 4.52
3.00 5.00
3.00 4.55
3.00 3.94
3.00 5.00
3.00 5.00
3.00 3.92
3.00 3.97
3.00 4.47
3.00 3.93
3.00 3.95
3.00 3.97
3.00 5.00
3.00 5.00
3.00 3.92
3.00 5.00
3.00 3.95
3.50 3.90
3.50 3.89
3.50 5.00
3.50 5.00
3.50 5.00
3.50 5.00
3.50 3.89
3.50 4.75
3.50 4.61
3.50 3.88
3.50 5.00
3.50 3.87
3.50 5.00
3.50 3.90
3.50 4.68
3.50 3.91
3.50 4.72
3.50 5.00
3.50 3.91
3.50 4.65
3.50 5.00
3.50 5.00
3.50 3.87
3.50 5.00
3.50 3.88
4.00 4.88
4.00 5.00
4.00 4.91
4.00 3.85
4.00 5.00
4.00 3.82
4.00 5.00
4.00 3.83
4.00 3.86
4.00 5.00
4.00 4.82
4.00 4.85
4.00 3.83
4.00 3.86
4.00 5.00
4.00 5.00
4.00 3.86
4.00 5.00
4.00 5.00
4.00 3.82
4.00 5.00
4.00 4.79
4.00 5.00
4.00 3.85
4.00 3.86
4.50 3.80
4.50 3.81
4.50 3.77
4.50 4.57
4.50 3.75
4.50 5.00
4.50 4.23
4.50 5.00
4.50 5.00
4.50 3.81
4.50 4.95
4.50 5.00
4.50 5.00
4.50 5.00
4.50 5.00
4.50 5.00
4.50 3.78
4.50 3.78
4.50 3.77
4.50 4.94
4.50 3.75
4.50 3.80
4.50 5.00
4.50 4.81
4.50 5.00
0.50 1.17
0.50 1.46
0.50 1.17
0.50 1.36
0.50 1.27
1.00 2.08
1.00 1.56
1.00 1.66
1.00 1.56
1.00 1.80
1.50 2.56
1.50 2.74
1.50 2.40
1.50 2.40
1.50 2.24
2.00 3.35
2.00 3.82
2.00 3.58
2.00 3.14
2.00 3.82
2.50 4.88
2.50 4.37
2.50 4.37
2.50 4.68
2.50 4.68
5.00 3.47
5.00 3.31
5.00 5.00
5.00 4.14
5.00 5.00
5.00 5.00
5.00 5.00
5.00 5.00
5.00 5.00
5.00 2.38
5.00 5.00
5.00 5.00
5.00 3.97
5.00 5.00
5.00 5.00
0.00 1.71
0.00 1.32
0.00 1.71
0.00 2.11
0.00 1.19
3.00 5.00
3.00 5.00
3.00 5.00
3.00 5.00
3.00 5.00
3.50 5.00
3.50 5.00
3.50 5.00
3.50 5.00
3.50 5.00
4.00 5.00
4.00 5.00
4.00 5.00
4.00 5.00
4.00 5.00
4.50 5.00
4.50 5.00
4.50 5.00
4.50 5.00
4.50 5.00
0.50 3.07
0.50 4.70
0.50 3.74
0.50 1.44
0.50 1.90
0.50 1.75
0.50 1.61
0.50 1.90
0.50 3.74
0.50 3.07
0.50 1.75
0.50 1.35
0.50 1.61
0.50 5.00
0.50 5.00
0.50 2.59
0.50 1.47
0.50 2.59
0.50 1.85
0.50 1.70
1.00 5.00
1.00 2.54
1.00 2.49
1.00 2.05
1.00 2.37
1.00 2.00
1.00 5.00
1.00 5.00
1.00 2.73
1.00 2.15
1.00 2.37
1.00 5.00
1.00 2.54
1.00 2.28
1.00 2.05
1.00 5.00
1.00 2.25
1.00 5.00
1.00 2.21
1.00 5.00
1.50 3.56
1.50 5.00
1.50 5.00
1.50 3.76
1.50 2.21
1.50 3.13
1.50 2.21
1.50 2.93
1.50 3.52
1.50 5.00
1.50 3.28
1.50 5.00
1.50 2.22
1.50 2.93
1.50 5.00
1.50 3.07
1.50 2.87
1.50 3.80
1.50 2.21
1.50 5.00
2.00 2.36
2.00 5.00
2.00 4.05
2.00 4.06
2.00 5.00
2.00 2.31
2.00 4.04
2.00 4.06
2.00 5.00
2.00 4.04
2.00 4.05
2.00 2.25
2.00 5.00
2.00 4.03
2.00 4.05
2.00 5.00
2.00 4.03
2.00 4.03
2.00 2.23
2.00 5.00
2.50 5.00
2.50 2.75
2.50 4.09
2.50 5.00
2.50 2.55
2.50 5.00
2.50 4.06
2.50 4.07
2.50 4.09
2.50 4.04
2.50 4.04
2.50 4.04
2.50 4.08
2.50 4.72
2.50 4.08
2.50 4.06
2.50 4.05
2.50 4.05
2.50 5.00
2.50 2.48
5.00 5.00
5.00 5.00
5.00 5.00
5.00 5.00
5.00 5.00
5.00 4.75
5.00 4.55
5.00 3.61
5.00 3.23
5.00 5.00
5.00 5.00
5.00 5.00
5.00 3.00
5.00 3.11
5.00 5.00
5.00 5.00
5.00 5.00
5.00 4.74
5.00 5.00
5.00 3.34
5.00 5.00
5.00 2.45
5.00 5.00
5.00 3.08
5.00 5.00
5.00 2.43
5.00 2.76
5.00 5.00
5.00 1.99
5.00 1.84
5.00 4.16
5.00 5.00
5.00 3.29
5.00 2.03
5.00 5.00
5.00 5.00
5.00 5.00
5.00 5.00
5.00 1.61
5.00 5.00
5.00 2.21
5.00 3.29
5.00 5.00
5.00 5.00
5.00 5.00
5.00 2.92
5.00 1.67
5.00 5.00
5.00 4.96
5.00 5.00
5.00 5.00
5.00 3.77
5.00 5.00
5.00 5.00
5.00 5.00
5.00 5.00
5.00 5.00
5.00 1.81
5.00 4.85
5.00 5.00
0.00 5.00
0.00 1.25
0.00 0.86
0.00 0.96
0.00 1.03
0.00 0.84
0.00 0.96
0.00 0.87
0.00 5.00
0.00 1.97
0.00 1.25
0.00 1.06
0.00 1.75
0.00 2.24
0.00 1.75
0.00 0.86
0.00 5.00
0.00 1.27
0.00 5.00
0.00 5.00
3.00 3.19
3.00 4.10
3.00 3.43
3.00 4.15
3.00 4.13
3.00 3.74
3.00 5.00
3.00 2.87
3.00 3.55
3.00 5.00
3.00 4.15
3.00 3.35
3.00 5.00
3.00 4.11
3.00 3.01
3.00 4.14
3.00 5.00
3.00 3.01
3.00 3.17
3.00 5.00
3.50 2.51
3.50 4.03
3.50 4.39
3.50 4.27
3.50 4.41
3.50 4.20
3.50 3.78
3.50 2.57
3.50 2.86
3.50 4.18
3.50 4.32
3.50 4.59
3.50 4.17
3.50 5.00
3.50 4.35
3.50 4.16
3.50 4.78
3.50 2.75
3.50 4.20
3.50 2.65
4.00 4.44
4.00 4.22
4.00 4.22
4.00 3.86
4.00 4.22
4.00 4.48
4.00 2.46
4.00 4.52
4.00 4.15
4.00 2.38
4.00 3.95
4.00 4.04
4.00 2.35
4.00 4.61
4.00 3.78
4.00 4.21
4.00 4.22
4.00 2.33
4.00 4.56
4.00 2.41
4.50 4.85
4.50 2.30
4.50 4.22
4.50 2.28
4.50 3.49
4.50 3.72
4.50 4.21
4.50 2.22
4.50 4.80
4.50 3.55
4.50 4.22
4.50 4.75
4.50 3.66
4.50 3.60
4.50 2.25
4.50 2.32
4.50 4.70
4.50 4.20
4.50 4.19
4.50 4.65
0.50 1.79
0.50 1.93
0.50 1.65
0.50 1.79
0.50 1.41
0.50 1.30
0.50 1.93
0.50 2.08
0.50 2.08
0.50 1.52
0.50 1.20
0.50 1.20
0.50 1.30
0.50 1.52
0.50 1.09
1.00 2.22
1.00 1.78
1.00 3.12
1.00 2.65
1.00 1.78
1.00 2.45
1.00 2.88
1.00 2.88
1.00 1.92
1.00 3.37
1.00 3.37
1.00 3.12
1.00 1.65
1.00 2.65
1.00 1.65
3.00 4.80
3.00 2.62
3.00 4.38
3.00 2.61
3.00 4.33
3.00 4.65
3.00 4.43
3.00 4.76
3.00 2.62
3.00 4.76
3.00 2.62
3.00 4.72
3.00 2.61
3.00 4.68
3.00 4.68
3.50 4.91
3.50 2.62
3.50 5.00
3.50 4.62
3.50 4.75
3.50 4.85
3.50 4.95
3.50 2.62
3.50 4.90
3.50 4.85
3.50 2.64
3.50 2.61
3.50 4.90
3.50 4.95
3.50 4.68
4.00 5.00
4.00 5.00
4.00 5.00
4.00 5.00
4.00 2.70
4.00 5.00
4.00 5.00
4.00 5.00
4.00 2.68
4.00 2.65
4.00 2.68
4.00 5.00
4.00 4.99
4.00 5.00
4.00 2.66
4.50 5.00
4.50 5.00
4.50 5.00
4.50 5.00
4.50 2.63
4.50 2.67
4.50 5.00
4.50 5.00
4.50 5.00
4.50 5.00
4.50 2.62
4.50 5.00
4.50 2.64
4.50 2.65
4.50 5.00
5.00 5.00
5.00 5.00
5.00 4.17
5.00 5.00
5.00 5.00
5.00 5.00
5.00 5.00
5.00 5.00
5.00 5.00
5.00 4.10
5.00 5.00
5.00 5.00
5.00 3.42
5.00 5.00
5.00 4.17
5.00 5.00
5.00 4.25
5.00 5.00
5.00 5.00
5.00 4.81
5.00 4.16
5.00 5.00
5.00 3.19
5.00 5.00
5.00 5.00
5.00 5.00
5.00 5.00
5.00 3.57
5.00 4.70
5.00 4.05
5.00 4.49
5.00 5.00
5.00 5.00
5.00 5.00
5.00 5.00
5.00 5.00
5.00 5.00
5.00 5.00
5.00 3.77
5.00 4.44
5.00 2.21
5.00 5.00
5.00 2.61
5.00 5.00
5.00 5.00
0.00 1.19
0.00 1.29
0.00 1.09
0.00 1.19
0.00 0.99
0.00 0.99
0.00 0.98
0.00 1.52
0.00 0.97
0.00 0.99
0.00 0.99
0.00 0.98
0.00 0.97
0.00 1.52
0.00 1.39
1.50 4.57
1.50 3.63
1.50 4.60
1.50 3.93
1.50 4.57
1.50 2.69
1.50 4.60
1.50 4.25
1.50 2.37
1.50 3.04
1.50 4.25
1.50 2.86
1.50 3.93
1.50 2.53
1.50 3.63
2.00 3.23
2.00 4.53
2.00 4.55
2.00 4.54
2.00 4.53
2.00 4.53
2.00 3.85
2.00 4.55
2.00 4.54
2.00 3.63
2.00 4.53
2.00 3.42
2.00 4.53
2.00 4.53
2.00 4.08
2.50 4.59
2.50 4.59
2.50 4.57
2.50 4.62
2.50 4.19
2.50 4.55
2.50 4.54
2.50 4.11
2.50 4.55
2.50 4.15
2.50 4.54
2.50 4.23
2.50 4.28
2.50 4.62
2.50 4.57
0.50 1.58
0.50 2.08
0.50 2.26
0.50 1.74
0.50 2.08
1.00 2.89
1.00 3.36
1.00 2.45
1.00 3.12
1.00 2.66
1.50 3.92
1.50 4.24
1.50 4.17
1.50 4.24
1.50 4.17
2.00 4.11
2.00 4.09
2.00 4.10
2.00 4.12
2.00 4.10
2.50 4.10
2.50 4.09
2.50 4.10
2.50 4.11
2.50 4.11
3.00 4.13
3.00 4.14
3.00 4.14
3.00 4.13
3.00 4.13
5.00 5.00
5.00 3.17
5.00 5.00
5.00 3.20
5.00 5.00
5.00 2.95
5.00 5.00
5.00 5.00
5.00 5.00
5.00 5.00
5.00 5.00
5.00 5.00
5.00 5.00
5.00 3.50
5.00 4.49
0.00 0.91
0.00 1.03
0.00 0.91
0.00 1.03
0.00 1.16
3.50 4.22
3.50 4.18
3.50 4.24
3.50 4.16
3.50 4.20
4.00 4.33
4.00 4.31
4.00 4.26
4.00 4.29
4.00 4.36
4.50 4.45
4.50 4.43
4.50 4.42
4.50 4.38
4.50 4.40
0.50 1.58
0.50 1.54
0.50 1.47
0.50 1.44
0.50 1.27
0.50 1.44
0.50 1.27
0.50 1.34
0.50 1.37
0.50 1.69
0.50 1.47
0.50 1.77
0.50 1.34
0.50 1.66
0.50 1.58
1.00 2.35
1.00 1.80
1.00 2.49
1.00 2.20
1.00 2.06
1.00 1.90
1.00 2.15
1.00 1.93
1.00 2.32
1.00 2.20
1.00 2.49
1.00 2.06
1.00 2.15
1.00 1.90
1.00 2.02
1.50 3.53
1.50 3.30
1.50 2.81
1.50 3.53
1.50 2.87
1.50 2.97
1.50 2.51
1.50 2.67
1.50 2.51
1.50 3.09
1.50 3.15
1.50 2.65
1.50 2.87
1.50 2.67
1.50 3.30
2.00 3.77
2.00 3.27
2.00 4.04
2.00 4.04
2.00 4.32
2.00 3.33
2.00 4.33
2.00 4.32
2.00 4.33
2.00 4.32
2.00 3.15
2.00 4.32
2.00 3.21
2.00 3.10
2.00 3.77
2.50 2.90
2.50 2.86
2.50 2.95
2.50 3.04
2.50 4.35
2.50 4.37
2.50 4.38
2.50 3.00
2.50 4.35
2.50 4.34
2.50 4.34
2.50 4.38
2.50 4.37
2.50 4.33
2.50 4.33
3.00 4.47
3.00 4.43
3.00 2.78
3.00 4.47
3.00 4.43
3.00 2.70
3.00 2.67
3.00 2.74
3.00 2.82
3.00 4.40
3.00 4.40
3.00 4.45
3.00 4.45
3.00 4.50
3.00 4.50
3.50 4.55
3.50 4.58
3.50 2.57
3.50 4.58
3.50 4.53
3.50 4.55
3.50 2.63
3.50 4.63
3.50 2.51
3.50 4.63
3.50 2.60
3.50 4.61
3.50 4.53
3.50 4.61
3.50 2.54
4.00 2.46
4.00 4.74
4.00 4.71
4.00 4.76
4.00 2.41
4.00 4.71
4.00 4.74
4.00 2.41
4.00 4.69
4.00 2.38
4.00 2.43
4.00 2.48
4.00 4.66
4.00 4.66
4.00 2.43
4.50 2.28
4.50 2.34
4.50 2.30
4.50 4.83
4.50 2.28
4.50 4.80
4.50 2.30
4.50 4.82
4.50 4.85
4.50 4.85
4.50 4.78
4.50 4.80
4.50 2.32
4.50 4.78
4.50 4.83
5.00 5.00
5.00 5.00
5.00 1.91
5.00 2.33
5.00 5.00
5.00 2.19
5.00 3.41
5.00 5.00
5.00 2.57
5.00 2.09
5.00 4.61
5.00 1.74
5.00 1.95
5.00 5.00
5.00 5.00
5.00 4.09
5.00 5.00
5.00 5.00
5.00 5.00
5.00 2.64
5.00 4.60
5.00 2.64
5.00 5.00
5.00 5.00
5.00 5.00
5.00 2.35
5.00 4.31
5.00 1.80
5.00 4.48
5.00 5.00
5.00 4.06
5.00 2.34
5.00 5.00
5.00 2.36
5.00 4.87
5.00 1.66
5.00 3.50
5.00 3.10
5.00 5.00
5.00 3.57
5.00 5.00
5.00 4.58
5.00 5.00
5.00 5.00
5.00 2.12
0.00 1.12
0.00 1.20
0.00 1.25
0.00 1.15
0.00 1.15
0.00 0.90
0.00 1.05
0.00 1.05
0.00 1.12
0.00 1.20
0.00 1.05
0.00 0.90
0.00 1.08
0.00 1.08
0.00 1.05
0.50 1.52
0.50 1.52
0.50 1.39
0.50 1.94
0.50 1.39
0.50 1.94
0.50 1.65
0.50 1.80
0.50 1.80
0.50 1.65
1.00 2.10
1.00 2.81
1.00 2.26
1.00 2.44
1.00 2.81
1.00 2.63
1.00 2.10
1.00 2.63
1.00 2.26
1.00 2.44
1.50 3.69
1.50 3.44
1.50 3.60
1.50 3.44
1.50 3.00
1.50 3.21
1.50 3.69
1.50 3.60
1.50 3.00
1.50 3.21
2.00 3.45
2.00 3.38
2.00 3.38
2.00 3.52
2.00 3.26
2.00 3.52
2.00 3.26
2.00 3.45
2.00 3.32
2.00 3.32
2.50 3.10
2.50 3.05
2.50 3.15
2.50 3.01
2.50 3.15
2.50 3.20
2.50 3.05
2.50 3.01
2.50 3.10
2.50 3.20
3.00 2.97
3.00 2.86
3.00 2.93
3.00 2.89
3.00 2.97
3.00 2.93
3.00 2.86
3.00 2.89
3.00 2.82
3.00 2.82
3.50 2.76
3.50 2.76
3.50 2.79
3.50 2.68
3.50 2.71
3.50 2.79
3.50 2.71
3.50 2.73
3.50 2.68
3.50 2.73
4.00 2.64
4.00 2.58
4.00 2.61
4.00 2.58
4.00 2.60
4.00 2.61
4.00 2.66
4.00 2.64
4.00 2.60
4.00 2.66
4.50 2.52
4.50 2.56
4.50 2.56
4.50 2.54
4.50 2.53
4.50 2.54
4.50 2.55
4.50 2.52
4.50 2.53
4.50 2.55
5.00 2.44
5.00 1.83
5.00 2.12
5.00 2.20
5.00 2.15
5.00 2.08
5.00 2.14
5.00 2.37
5.00 2.52
5.00 2.11
5.00 2.52
5.00 2.15
5.00 1.96
5.00 2.16
5.00 2.08
5.00 2.13
5.00 2.51
5.00 2.07
5.00 2.12
5.00 2.16
5.00 2.07
5.00 2.12
5.00 2.29
5.00 2.09
5.00 2.11
5.00 2.09
5.00 2.34
5.00 2.09
5.00 2.22
5.00 2.50
0.00 0.86
0.00 1.27
0.00 0.86
0.00 1.05
0.00 1.15
0.00 1.15
0.00 1.05
0.00 0.96
0.00 1.27
0.00 0.96
0.50 2.61
0.50 1.28
0.50 1.38
0.50 2.01
0.50 2.39
0.50 2.19
0.50 1.69
0.50 2.39
0.50 1.58
0.50 1.38
0.50 2.61
0.50 1.48
0.50 1.82
0.50 2.01
0.50 2.19
1.00 3.96
1.00 1.93
1.00 3.12
1.00 2.19
1.00 3.37
1.00 3.12
1.00 2.06
1.00 3.65
1.00 2.19
1.00 1.81
1.00 3.96
1.00 2.85
1.00 3.65
1.00 3.37
1.00 1.93
1.50 4.56
1.50 4.70
1.50 4.51
1.50 3.24
1.50 3.03
1.50 2.84
1.50 4.63
1.50 3.24
1.50 4.70
1.50 4.63
1.50 4.31
1.50 3.03
1.50 2.65
1.50 2.65
1.50 4.56
2.00 4.17
2.00 4.46
2.00 4.46
2.00 3.91
2.00 3.45
2.00 4.42
2.00 3.68
2.00 4.38
2.00 4.42
2.00 4.36
2.00 4.44
2.00 4.34
2.00 4.12
2.00 4.36
2.00 4.34
2.50 4.31
2.50 4.04
2.50 4.59
2.50 4.56
2.50 4.32
2.50 4.31
2.50 4.31
2.50 4.31
2.50 4.31
2.50 4.06
2.50 4.32
2.50 4.03
2.50 4.31
2.50 4.31
2.50 4.49
3.00 4.30
3.00 4.32
3.00 4.36
3.00 4.72
3.00 4.34
3.00 4.32
3.00 4.38
3.00 4.10
3.00 4.63
3.00 4.33
3.00 4.36
3.00 4.38
3.00 4.33
3.00 4.68
3.00 4.34
3.50 4.50
3.50 4.74
3.50 4.42
3.50 4.40
3.50 4.42
3.50 4.98
3.50 4.50
3.50 4.45
3.50 4.47
3.50 4.47
3.50 4.90
3.50 5.00
3.50 4.92
3.50 4.45
3.50 4.40
4.00 5.00
4.00 4.63
4.00 4.55
4.00 4.57
4.00 4.55
4.00 4.60
4.00 4.52
4.00 4.57
4.00 4.63
4.00 5.00
4.00 5.00
4.00 4.60
4.00 5.00
4.00 5.00
4.00 4.52
4.50 4.65
4.50 5.00
4.50 4.68
4.50 4.72
4.50 4.68
4.50 4.70
4.50 4.72
4.50 4.74
4.50 5.00
4.50 5.00
4.50 4.70
4.50 4.74
4.50 4.65
4.50 5.00
4.50 5.00
5.00 5.00
5.00 5.00
5.00 3.94
5.00 5.00
5.00 5.00
5.00 5.00
5.00 4.83
5.00 5.00
5.00 5.00
5.00 5.00
5.00 2.66
5.00 5.00
5.00 2.66
5.00 2.65
5.00 3.73
5.00 5.00
5.00 5.00
5.00 5.00
5.00 5.00
5.00 5.00
5.00 5.00
5.00 2.66
5.00 5.00
5.00 2.66
5.00 4.54
5.00 4.46
5.00 3.34
5.00 5.00
5.00 5.00
5.00 5.00
5.00 3.75
5.00 5.00
5.00 5.00
5.00 2.32
5.00 5.00
5.00 5.00
5.00 4.79
5.00 2.93
5.00 5.00
5.00 5.00
5.00 2.74
5.00 4.42
5.00 4.88
5.00 4.18
5.00 5.00
0.00 1.34
0.00 1.21
0.00 1.49
0.00 1.20
0.00 1.18
0.00 1.18
0.00 1.38
0.00 1.20
0.00 1.18
0.00 1.57
0.00 1.09
0.00 1.34
0.00 1.65
0.00 1.09
0.00 1.49
0.50 2.19
0.50 1.67
0.50 1.53
0.50 1.81
0.50 1.95
0.50 1.40
0.50 1.53
0.50 1.81
0.50 1.73
0.50 1.40
0.50 1.77
0.50 1.67
0.50 2.40
0.50 2.00
0.50 1.95
1.00 2.20
1.00 4.10
1.00 2.83
1.00 2.14
1.00 3.16
1.00 2.88
1.00 2.11
1.00 2.27
1.00 1.98
1.00 2.44
1.00 2.09
1.00 2.27
1.00 3.75
1.00 2.63
1.00 2.11
1.50 3.72
1.50 3.48
1.50 2.28
1.50 2.24
1.50 4.65
1.50 4.74
1.50 2.26
1.50 3.25
1.50 3.04
1.50 3.48
1.50 3.25
1.50 3.94
1.50 4.83
1.50 3.04
1.50 4.94
2.00 4.58
2.00 4.17
2.00 3.80
2.00 2.21
2.00 3.85
2.00 4.52
2.00 2.19
2.00 4.29
2.00 2.22
2.00 4.47
2.00 4.27
2.00 3.76
2.00 4.43
2.00 2.18
2.00 3.72
2.50 4.33
2.50 4.37
2.50 3.64
2.50 3.60
2.50 2.16
2.50 4.33
2.50 4.37
2.50 4.33
2.50 2.17
2.50 4.31
2.50 4.34
2.50 2.16
2.50 4.35
2.50 4.40
2.50 4.35
3.00 2.17
3.00 4.43
3.00 4.46
3.00 4.38
3.00 3.37
3.00 4.56
3.00 4.33
3.00 3.44
3.00 3.41
3.00 4.49
3.00 3.48
3.00 2.17
3.00 4.53
3.00 4.34
3.00 4.40
3.50 2.24
3.50 2.20
3.50 4.71
3.50 4.60
3.50 2.22
3.50 4.45
3.50 4.67
3.50 4.53
3.50 4.75
3.50 2.20
3.50 4.57
3.50 4.63
3.50 4.42
3.50 4.49
3.50 2.21
4.00 2.21
4.00 4.61
4.00 2.25
4.00 4.86
4.00 2.28
4.00 4.76
4.00 4.93
4.00 4.89
4.00 4.66
4.00 4.71
4.00 4.82
4.00 2.27
4.00 2.26
4.00 4.81
4.00 4.79
4.50 5.00
4.50 4.99
4.50 4.93
4.50 2.01
4.50 4.99
4.50 1.95
4.50 2.13
4.50 5.00
4.50 5.00
4.50 4.87
4.50 5.00
4.50 2.07
4.50 1.90
4.50 5.00
4.50 4.96
5.00 5.00
5.00 4.78
5.00 3.79
5.00 3.49
5.00 5.00
5.00 5.00
5.00 2.56
5.00 3.41
5.00 5.00
5.00 3.41
5.00 5.00
5.00 2.39
5.00 5.00
5.00 5.00
5.00 5.00
5.00 2.33
5.00 5.00
5.00 3.19
5.00 5.00
5.00 5.00
5.00 5.00
5.00 5.00
5.00 5.00
5.00 3.67
5.00 5.00
5.00 4.07
5.00 5.00
5.00 5.00
5.00 5.00
5.00 5.00
5.00 5.00
5.00 3.54
5.00 1.18
5.00 5.00
5.00 5.00
5.00 5.00
5.00 5.00
5.00 4.15
5.00 5.00
5.00 5.00
5.00 5.00
5.00 5.00
5.00 3.85
5.00 5.00
5.00 5.00
0.00 1.00
0.00 1.47
0.00 1.10
0.00 1.18
0.00 1.05
0.00 1.20
0.00 1.32
0.00 1.63
0.00 1.05
0.00 0.90
0.00 1.63
0.00 1.47
0.00 1.10
0.00 1.00
0.00 1.30
0.50 1.60
0.50 1.73
0.50 1.29
0.50 1.60
0.50 1.39
0.50 1.29
0.50 1.49
0.50 1.39
0.50 1.49
0.50 1.73
1.00 1.86
1.00 2.28
1.00 1.99
1.00 1.99
1.00 2.45
1.00 2.13
1.00 1.86
1.00 2.13
1.00 2.28
1.00 2.45
1.50 3.03
1.50 3.45
1.50 3.23
1.50 2.82
1.50 2.82
1.50 3.23
1.50 2.63
1.50 2.63
1.50 3.45
1.50 3.03
2.00 4.21
2.00 3.69
2.00 3.94
2.00 3.94
2.00 4.21
2.00 4.21
2.00 4.21
2.00 4.21
2.00 4.21
2.00 3.69
2.50 4.28
2.50 4.26
2.50 4.24
2.50 4.28
2.50 4.22
2.50 4.22
2.50 4.23
2.50 4.26
2.50 4.24
2.50 4.23
3.00 4.37
3.00 4.34
3.00 4.39
3.00 4.37
3.00 4.32
3.00 4.39
3.00 4.34
3.00 4.30
3.00 4.32
3.00 4.30
3.50 4.53
3.50 4.42
3.50 4.50
3.50 4.47
3.50 4.45
3.50 4.53
3.50 4.42
3.50 4.50
3.50 4.45
3.50 4.47
4.00 4.59
4.00 4.65
4.00 4.59
4.00 4.68
4.00 4.56
4.00 4.62
4.00 4.68
4.00 4.65
4.00 4.56
4.00 4.62
4.50 4.74
4.50 4.82
4.50 4.80
4.50 4.74
4.50 4.80
4.50 4.71
4.50 4.77
4.50 4.71
4.50 4.77
4.50 4.82
5.00 3.26
5.00 5.00
5.00 5.00
5.00 5.00
5.00 5.00
5.00 5.00
5.00 5.00
5.00 5.00
5.00 5.00
5.00 5.00
5.00 5.00
5.00 5.00
5.00 4.48
5.00 5.00
5.00 5.00
5.00 5.00
5.00 5.00
5.00 5.00
5.00 5.00
5.00 5.00
5.00 5.00
5.00 5.00
5.00 5.00
5.00 5.00
5.00 5.00
5.00 5.00
5.00 5.00
5.00 5.00
5.00 5.00
5.00 5.00
0.00 1.00
0.00 1.10
0.00 1.02
0.00 1.00
0.00 1.00
0.00 1.00
0.00 1.20
0.00 1.02
0.00 1.10
0.00 1.20
0.50 1.82
0.50 1.56
0.50 2.16
0.50 2.03
0.50 2.03
0.50 1.91
0.50 1.69
0.50 1.91
0.50 1.67
0.50 1.31
0.50 2.16
0.50 1.43
0.50 1.78
0.50 1.78
0.50 1.67
1.00 2.58
1.00 2.43
1.00 2.97
1.00 2.97
1.00 2.53
1.00 2.74
1.00 2.34
1.00 2.10
1.00 2.10
1.00 2.26
1.00 2.74
1.00 2.43
1.00 1.95
1.00 2.53
1.00 2.34
1.50 2.93
1.50 3.48
1.50 3.33
1.50 3.75
1.50 3.25
1.50 2.93
1.50 2.75
1.50 3.25
1.50 4.77
1.50 3.12
1.50 3.12
1.50 3.33
1.50 4.40
1.50 4.77
1.50 2.75
2.00 3.09
2.00 3.03
2.00 2.96
2.00 4.71
2.00 4.74
2.00 3.17
2.00 4.71
2.00 3.03
2.00 3.09
2.00 2.90
2.00 2.90
2.00 4.73
2.00 4.74
2.00 4.71
2.00 4.71
2.50 4.78
2.50 4.74
2.50 4.72
2.50 2.70
2.50 2.70
2.50 2.80
2.50 2.85
2.50 4.76
2.50 2.66
2.50 4.81
2.50 2.80
2.50 2.75
2.50 4.72
2.50 2.66
2.50 4.81
3.00 2.49
3.00 2.59
3.00 4.84
3.00 4.98
3.00 2.59
3.00 5.00
3.00 4.88
3.00 2.49
3.00 4.88
3.00 2.62
3.00 4.93
3.00 2.52
3.00 2.55
3.00 4.98
3.00 4.84
3.50 2.40
3.50 5.00
3.50 5.00
3.50 5.00
3.50 2.44
3.50 2.46
3.50 2.42
3.50 5.00
3.50 2.38
3.50 2.42
3.50 5.00
3.50 2.40
3.50 2.44
3.50 2.38
3.50 5.00
5.00 5.00
5.00 3.16
5.00 5.00
5.00 5.00
5.00 5.00
5.00 5.00
5.00 2.36
5.00 5.00
5.00 5.00
5.00 5.00
5.00 5.00
5.00 5.00
5.00 5.00
5.00 5.00
5.00 5.00
5.00 5.00
5.00 5.00
5.00 3.17
5.00 5.00
5.00 5.00
5.00 5.00
5.00 5.00
5.00 2.06
5.00 5.00
5.00 5.00
5.00 4.42
5.00 5.00
5.00 3.84
5.00 2.85
5.00 5.00
5.00 5.00
5.00 5.00
5.00 5.00
5.00 5.00
5.00 5.00
5.00 5.00
5.00 5.00
5.00 3.73
5.00 5.00
5.00 5.00
5.00 5.00
5.00 5.00
5.00 5.00
5.00 5.00
5.00 5.00
0.00 1.15
0.00 1.55
0.00 1.09
0.00 1.09
0.00 1.25
0.00 1.45
0.00 0.87
0.00 1.20
0.00 0.77
0.00 1.35
0.00 1.20
0.00 1.25
0.00 0.98
0.00 0.98
0.00 1.35
4.00 2.34
4.00 2.35
4.00 5.00
4.00 5.00
4.00 2.35
4.00 2.32
4.00 2.36
4.00 5.00
4.00 2.33
4.00 5.00
4.00 2.34
4.00 5.00
4.00 2.33
4.00 2.36
4.00 2.32
4.50 2.31
4.50 2.30
4.50 5.00
4.50 5.00
4.50 2.31
4.50 5.00
4.50 2.30
4.50 2.30
4.50 2.30
4.50 2.31
4.50 2.30
4.50 5.00
4.50 5.00
4.50 2.31
4.50 2.30
0.50 1.45
0.50 1.30
0.50 2.34
0.50 1.41
0.50 1.74
0.50 1.52
0.50 1.41
0.50 1.90
0.50 1.59
0.50 1.22
0.50 1.30
0.50 2.16
0.50 1.82
0.50 1.99
0.50 1.14
0.50 1.44
0.50 1.22
0.50 1.59
0.50 1.52
0.50 2.34
0.50 1.93
0.50 1.74
0.50 1.52
0.50 2.16
0.50 1.99
0.50 2.07
0.50 1.65
0.50 1.66
0.50 1.39
0.50 1.73
0.50 2.07
0.50 1.90
0.50 1.65
0.50 1.81
0.50 1.81
0.50 1.14
1.00 1.64
1.00 2.60
1.00 3.14
1.00 1.90
1.00 3.23
1.00 2.54
1.00 1.64
1.00 2.76
1.00 2.23
1.00 3.23
1.00 2.23
1.00 1.90
1.00 3.02
1.00 2.03
1.00 2.41
1.00 2.03
1.00 2.76
1.00 2.17
1.00 2.71
1.00 2.60
1.00 2.80
1.00 3.70
1.00 1.77
1.00 2.12
1.00 2.41
1.00 3.00
1.00 2.80
1.00 3.00
1.00 2.67
1.00 1.77
1.00 4.46
1.00 2.54
1.00 2.28
1.00 2.17
1.00 3.49
1.00 3.02
1.50 3.31
1.50 2.47
1.50 3.24
1.50 4.41
1.50 5.00
1.50 4.39
1.50 2.80
1.50 4.03
1.50 2.99
1.50 3.77
1.50 3.75
1.50 4.34
1.50 2.31
1.50 2.99
1.50 2.63
1.50 2.31
1.50 3.86
1.50 5.00
1.50 3.08
1.50 3.86
1.50 3.49
1.50 3.57
1.50 5.00
1.50 3.24
1.50 3.49
1.50 5.00
1.50 3.77
1.50 5.00
1.50 2.63
1.50 3.75
1.50 4.08
1.50 2.80
1.50 4.08
1.50 4.34
1.50 4.41
1.50 4.38
2.00 3.88
2.00 4.37
2.00 4.40
2.00 4.34
2.00 4.38
2.00 4.37
2.00 4.44
2.00 3.87
2.00 4.35
2.00 3.86
2.00 3.75
2.00 4.44
2.00 3.63
2.00 4.42
2.00 4.35
2.00 3.40
2.00 4.37
2.00 4.38
2.00 5.00
2.00 5.00
2.00 4.37
2.00 4.34
2.00 3.75
2.00 3.89
2.00 4.40
2.00 4.37
2.00 3.42
2.00 4.40
2.00 3.86
2.00 5.00
2.00 3.69
2.00 4.42
2.00 3.65
2.00 4.37
2.00 3.15
2.00 4.40
2.50 3.92
2.50 3.81
2.50 3.95
2.50 4.45
2.50 4.66
2.50 4.59
2.50 4.54
2.50 3.97
2.50 4.66
2.50 4.54
2.50 3.94
2.50 5.00
2.50 4.49
2.50 3.86
2.50 4.48
2.50 4.00
2.50 3.95
2.50 3.81
2.50 4.45
2.50 4.66
2.50 4.74
2.50 4.48
2.50 5.00
2.50 5.00
2.50 3.86
2.50 3.98
2.50 5.00
2.50 4.74
2.50 3.91
2.50 4.49
2.50 4.59
2.50 3.91
2.50 5.00
2.50 4.66
2.50 4.53
2.50 3.91
3.00 5.00
3.00 4.01
3.00 4.82
3.00 4.73
3.00 4.92
3.00 4.04
3.00 4.81
3.00 4.92
3.00 4.86
3.00 4.07
3.00 4.07
3.00 4.04
3.00 4.13
3.00 5.00
3.00 5.00
3.00 4.82
3.00 4.02
3.00 4.17
3.00 4.09
3.00 4.73
3.00 4.01
3.00 4.92
3.00 4.98
3.00 4.09
3.00 4.13
3.00 4.11
3.00 5.00
3.00 4.11
3.00 4.06
3.00 4.09
3.00 4.82
3.00 5.00
3.00 4.92
3.00 4.17
3.00 4.79
3.00 4.81
3.50 4.75
3.50 4.75
3.50 4.25
3.50 5.00
3.50 5.00
3.50 4.33
3.50 4.30
3.50 4.19
3.50 4.77
3.50 4.33
3.50 4.74
3.50 5.00
3.50 4.13
3.50 5.00
3.50 4.75
3.50 4.22
3.50 4.75
3.50 5.00
3.50 4.19
3.50 4.75
3.50 4.30
3.50 5.00
3.50 4.21
3.50 5.00
3.50 4.22
3.50 4.16
3.50 5.00
3.50 4.13
3.50 4.21
3.50 4.26
3.50 5.00
3.50 4.74
3.50 4.37
3.50 4.16
3.50 4.26
3.50 4.75
4.00 5.00
4.00 5.00
4.00 4.39
4.00 4.45
4.00 4.50
4.00 5.00
4.00 4.82
4.00 4.49
4.00 4.45
4.00 4.34
4.00 4.78
4.00 4.80
4.00 4.76
4.00 5.00
4.00 5.00
4.00 4.80
4.00 4.45
4.00 5.00
4.00 5.00
4.00 4.59
4.00 4.45
4.00 4.54
4.00 4.39
4.00 4.34
4.00 4.77
4.00 4.41
4.00 4.50
4.00 4.76
4.00 4.30
4.00 4.44
4.00 4.30
4.00 4.82
4.00 5.00
4.00 4.49
4.00 5.00
4.00 5.00
4.50 4.99
4.50 3.95
4.50 4.59
4.50 4.70
4.50 5.00
4.50 5.00
4.50 4.66
4.50 5.00
4.50 4.91
4.50 5.00
4.50 4.24
4.50 4.95
4.50 5.00
4.50 5.00
4.50 3.85
4.50 4.57
4.50 4.57
4.50 4.70
4.50 4.91
4.50 4.84
4.50 4.84
4.50 4.14
4.50 4.63
4.50 4.99
4.50 4.82
4.50 4.64
4.50 4.87
4.50 5.00
4.50 5.00
4.50 4.76
4.50 4.88
4.50 4.05
4.50 5.00
4.50 4.95
4.50 5.00
4.50 4.87
5.00 5.00
5.00 5.00
5.00 1.66
5.00 5.00
5.00 5.00
5.00 1.84
5.00 4.33
5.00 2.54
5.00 5.00
5.00 5.00
5.00 5.00
5.00 5.00
5.00 2.63
5.00 5.00
5.00 5.00
5.00 5.00
5.00 3.93
5.00 2.27
5.00 4.67
5.00 4.67
5.00 5.00
5.00 5.00
5.00 4.87
5.00 1.77
5.00 5.00
5.00 5.00
5.00 5.00
5.00 1.42
5.00 5.00
5.00 5.00
5.00 5.00
5.00 5.00
5.00 5.00
5.00 5.00
5.00 5.00
5.00 2.89
5.00 5.00
5.00 3.40
5.00 5.00
5.00 3.97
5.00 4.47
5.00 5.00
5.00 5.00
5.00 5.00
5.00 4.30
5.00 4.68
5.00 5.00
5.00 5.00
5.00 4.66
5.00 5.00
5.00 5.00
5.00 5.00
5.00 5.00
5.00 5.00
5.00 5.00
5.00 4.56
5.00 5.00
5.00 3.43
5.00 4.66
5.00 5.00
5.00 3.35
5.00 1.61
5.00 5.00
5.00 2.26
5.00 5.00
5.00 5.00
5.00 5.00
5.00 5.00
5.00 5.00
5.00 2.47
5.00 3.97
5.00 5.00
5.00 5.00
5.00 5.00
5.00 5.00
5.00 5.00
5.00 5.00
5.00 4.48
5.00 4.63
5.00 5.00
5.00 4.67
5.00 4.91
5.00 5.00
5.00 3.02
5.00 5.00
5.00 4.69
5.00 2.41
5.00 1.77
5.00 5.00
5.00 5.00
5.00 4.28
5.00 5.00
5.00 2.60
5.00 5.00
5.00 3.40
5.00 5.00
5.00 5.00
5.00 4.68
5.00 5.00
5.00 2.02
5.00 2.01
5.00 5.00
5.00 5.00
5.00 1.35
5.00 5.00
5.00 5.00
5.00 5.00
5.00 2.34
0.00 1.35
0.00 0.89
0.00 1.01
0.00 0.89
0.00 0.93
0.00 0.87
0.00 1.32
0.00 1.22
0.00 1.04
0.00 0.90
0.00 0.98
0.00 1.12
0.00 0.93
0.00 1.11
0.00 1.05
0.00 1.01
0.00 1.12
0.00 1.03
0.00 0.98
0.00 0.82
0.00 1.15
0.00 1.09
0.00 0.93
0.00 0.93
0.00 1.35
0.00 0.97
0.00 1.32
0.00 0.90
0.00 0.97
0.00 1.32
0.00 1.27
0.00 1.32
0.00 0.89
0.00 1.04
0.00 0.82
0.00 1.09
0.50 5.00
0.50 1.66
0.50 1.70
0.50 1.89
0.50 4.01
0.50 5.00
0.50 5.00
0.50 1.81
0.50 2.06
0.50 1.54
0.50 1.76
0.50 1.53
0.50 1.89
0.50 1.66
0.50 1.55
0.50 1.51
0.50 5.00
0.50 1.51
0.50 5.00
0.50 2.03
0.50 1.12
0.50 1.63
0.50 2.06
0.50 1.70
0.50 3.25
0.50 1.76
0.50 4.01
0.50 1.53
0.50 2.03
0.50 5.00
0.50 1.93
0.50 1.29
0.50 1.20
0.50 1.93
0.50 1.54
0.50 1.27
0.50 2.22
0.50 1.87
0.50 1.79
0.50 1.40
0.50 1.40
0.50 1.55
0.50 1.79
0.50 2.04
0.50 1.66
1.00 2.17
1.00 2.10
1.00 1.82
1.00 3.00
1.00 1.72
1.00 2.34
1.00 2.22
1.00 2.84
1.00 2.42
1.00 5.00
1.00 3.00
1.00 2.10
1.00 2.41
1.00 1.96
1.00 2.22
1.00 1.60
1.00 2.34
1.00 5.00
1.00 5.00
1.00 3.33
1.00 1.39
1.00 2.40
1.00 1.96
1.00 2.71
1.00 1.49
1.00 2.58
1.00 5.00
1.00 2.85
1.00 5.00
1.00 2.41
1.00 3.08
1.00 5.00
1.00 2.17
1.00 2.40
1.00 2.52
1.00 2.58
1.00 2.52
1.00 2.78
1.00 2.60
1.00 2.42
1.00 5.00
1.00 2.71
1.00 2.60
1.00 3.33
1.00 2.84
1.50 4.24
1.50 2.43
1.50 2.05
1.50 2.78
1.50 2.43
1.50 2.31
1.50 5.00
1.50 4.15
1.50 3.37
1.50 3.34
1.50 1.93
1.50 2.96
1.50 4.21
1.50 5.00
1.50 3.69
1.50 1.93
1.50 3.16
1.50 5.00
1.50 3.14
1.50 2.31
1.50 5.00
1.50 5.00
1.50 2.18
1.50 3.59
1.50 3.21
1.50 3.89
1.50 4.57
1.50 4.21
1.50 2.78
1.50 4.55
1.50 3.21
1.50 5.00
1.50 3.16
1.50 3.69
1.50 2.05
1.50 3.59
1.50 3.44
1.50 4.55
1.50 2.97
1.50 4.57
1.50 3.36
1.50 2.97
1.50 3.61
1.50 3.95
1.50 2.18
2.00 2.68
2.00 3.82
2.00 2.82
2.00 5.00
2.00 5.00
2.00 3.82
2.00 5.00
2.00 4.22
2.00 4.19
2.00 4.46
2.00 3.82
2.00 4.21
2.00 5.00
2.00 3.81
2.00 4.48
2.00 3.82
2.00 3.82
2.00 2.93
2.00 5.00
2.00 4.54
2.00 4.48
2.00 2.55
2.00 2.68
2.00 3.24
2.00 4.50
2.00 4.58
2.00 3.81
2.00 4.55
2.00 5.00
2.00 4.50
2.00 2.97
2.00 2.93
2.00 2.97
2.00 4.55
2.00 4.20
2.00 4.55
2.00 5.00
2.00 2.82
2.00 4.18
2.00 4.22
2.00 4.54
2.00 5.00
2.00 4.57
2.00 4.18
2.00 4.19
2.50 2.86
2.50 3.86
2.50 4.74
2.50 3.84
2.50 5.00
2.50 3.86
2.50 2.82
2.50 4.81
2.50 4.20
2.50 3.83
2.50 3.84
2.50 4.89
2.50 2.86
2.50 3.83
2.50 3.66
2.50 3.83
2.50 2.89
2.50 2.77
2.50 5.00
2.50 3.85
2.50 4.68
2.50 4.19
2.50 3.85
2.50 4.27
2.50 4.18
2.50 2.79
2.50 2.79
2.50 4.19
2.50 5.00
2.50 4.18
2.50 5.00
2.50 4.18
2.50 4.91
2.50 5.00
2.50 4.19
2.50 3.83
2.50 5.00
2.50 5.00
2.50 2.77
2.50 4.89
2.50 5.00
2.50 2.82
2.50 4.20
2.50 4.18
2.50 4.62
3.00 2.67
3.00 5.00
3.00 2.65
3.00 3.91
3.00 5.00
3.00 3.92
3.00 2.65
3.00 5.00
3.00 5.00
3.00 3.88
3.00 3.89
3.00 2.69
3.00 5.00
3.00 5.00
3.00 4.23
3.00 3.88
3.00 2.71
3.00 5.00
3.00 4.24
3.00 4.22
3.00 3.89
3.00 5.00
3.00 5.00
3.00 5.00
3.00 5.00
3.00 4.21
3.00 3.92
3.00 2.74
3.00 5.00
3.00 2.69
3.00 5.00
3.00 3.90
3.00 3.90
3.00 2.67
3.00 5.00
3.00 5.00
3.00 4.25
3.00 4.22
3.00 4.25
3.00 5.00
3.00 5.00
3.00 2.71
3.00 4.24
3.00 5.00
3.00 4.21
3.50 3.94
3.50 5.00
3.50 2.60
3.50 4.27
3.50 4.29
3.50 3.96
3.50 4.29
3.50 5.00
3.50 3.95
3.50 3.93
3.50 4.26
3.50 5.00
3.50 4.26
3.50 5.00
3.50 5.00
3.50 2.63
3.50 5.00
3.50 2.58
3.50 5.00
3.50 3.94
3.50 4.27
3.50 5.00
3.50 3.96
3.50 5.00
3.50 5.00
3.50 5.00
3.50 5.00
3.50 3.95
3.50 5.00
3.50 5.00
3.50 2.57
3.50 5.00
3.50 4.29
3.50 4.28
3.50 5.00
3.50 4.29
3.50 2.61
3.50 2.61
3.50 3.95
3.50 3.95
3.50 2.57
3.50 2.58
3.50 5.00
3.50 2.63
3.50 2.60
4.00 2.54
4.00 2.55
4.00 5.00
4.00 2.55
4.00 5.00
4.00 5.00
4.00 2.54
4.00 3.96
4.00 2.54
4.00 2.56
4.00 3.96
4.00 5.00
4.00 3.95
4.00 4.77
4.00 3.95
4.00 5.00
4.00 3.97
4.00 4.30
4.00 5.00
4.00 5.00
4.00 4.85
4.00 5.00
4.00 3.96
4.00 2.55
4.00 4.92
4.00 4.30
4.00 2.54
4.00 4.30
4.00 3.96
4.00 5.00
4.00 4.30
4.00 5.00
4.00 5.00
4.00 5.00
4.00 4.30
4.00 2.56
4.00 3.96
4.00 4.30
4.00 4.30
4.00 2.55
4.00 5.00
4.00 5.00
4.00 5.00
4.00 4.30
4.00 4.30
5.00 4.43
5.00 5.00
5.00 5.00
5.00 2.03
5.00 4.02
5.00 5.00
5.00 5.00
5.00 2.98
5.00 5.00
5.00 5.00
5.00 2.02
5.00 2.13
5.00 5.00
5.00 2.09
5.00 5.00
5.00 5.00
5.00 5.00
5.00 5.00
5.00 5.00
5.00 2.75
5.00 5.00
5.00 2.33
5.00 2.49
5.00 3.34
5.00 5.00
5.00 1.92
5.00 2.65
5.00 5.00
5.00 2.68
5.00 5.00
5.00 2.43
5.00 1.04
5.00 2.48
5.00 4.24
5.00 2.01
5.00 5.00
5.00 4.61
5.00 1.84
5.00 5.00
5.00 5.00
5.00 5.00
5.00 5.00
5.00 1.78
5.00 2.12
5.00 1.85
5.00 5.00
5.00 2.71
5.00 4.75
5.00 5.00
5.00 1.91
5.00 3.81
5.00 1.90
5.00 1.41
5.00 5.00
5.00 5.00
5.00 5.00
5.00 5.00
5.00 4.13
5.00 5.00
5.00 2.51
5.00 1.38
5.00 3.92
5.00 3.89
5.00 2.04
5.00 5.00
5.00 3.78
5.00 5.00
5.00 1.86
5.00 5.00
5.00 5.00
5.00 5.00
5.00 2.88
5.00 5.00
5.00 5.00
5.00 1.85
5.00 4.26
5.00 5.00
5.00 5.00
5.00 5.00
5.00 5.00
5.00 4.11
5.00 5.00
5.00 3.39
5.00 5.00
5.00 1.97
5.00 5.00
5.00 5.00
5.00 3.23
5.00 4.39
5.00 2.83
5.00 5.00
5.00 3.01
5.00 5.00
5.00 5.00
5.00 5.00
5.00 5.00
5.00 4.14
5.00 5.00
5.00 5.00
5.00 5.00
5.00 5.00
5.00 5.00
5.00 3.33
5.00 4.02
5.00 3.26
5.00 4.07
5.00 2.31
5.00 2.07
5.00 2.32
5.00 5.00
5.00 2.00
5.00 5.00
5.00 5.00
5.00 2.32
5.00 5.00
5.00 3.99
5.00 5.00
5.00 3.31
5.00 4.09
5.00 1.92
5.00 2.09
5.00 5.00
5.00 4.02
5.00 3.09
5.00 5.00
5.00 5.00
5.00 3.24
5.00 1.11
5.00 5.00
5.00 5.00
5.00 3.79
5.00 2.63
5.00 5.00
5.00 5.00
5.00 5.00
0.00 5.00
0.00 0.83
0.00 1.16
0.00 1.31
0.00 1.21
0.00 0.89
0.00 2.73
0.00 2.73
0.00 1.42
0.00 1.08
0.00 1.14
0.00 1.21
0.00 4.75
0.00 1.31
0.00 5.00
0.00 0.98
0.00 5.00
0.00 0.82
0.00 1.41
0.00 1.27
0.00 1.04
0.00 1.41
0.00 0.83
0.00 1.33
0.00 0.82
0.00 1.11
0.00 1.23
0.00 0.89
0.00 1.42
0.00 1.18
0.00 1.04
0.00 0.83
0.00 1.41
0.00 4.92
0.00 0.83
0.00 0.93
0.00 1.41
0.00 1.04
0.00 5.00
0.00 0.82
0.00 0.98
0.00 1.33
0.00 4.92
0.00 0.82
0.00 1.01
4.50 4.29
4.50 4.55
4.50 5.00
4.50 3.98
4.50 2.53
4.50 4.30
4.50 4.26
4.50 2.53
4.50 5.00
4.50 5.00
4.50 4.40
4.50 4.30
4.50 5.00
4.50 5.00
4.50 5.00
4.50 2.53
4.50 3.99
4.50 2.54
4.50 2.53
4.50 4.29
4.50 5.00
4.50 4.27
4.50 2.53
4.50 5.00
4.50 4.00
4.50 4.01
4.50 4.62
4.50 2.54
4.50 5.00
4.50 4.26
4.50 5.00
4.50 5.00
4.50 2.53
4.50 5.00
4.50 2.53
4.50 4.47
4.50 4.28
4.50 5.00
4.50 4.69
4.50 4.01
4.50 2.21
4.50 3.68
4.50 4.28
4.50 2.53
4.50 4.27
0.50 1.42
0.50 1.86
0.50 1.52
0.50 1.62
0.50 1.86
1.00 2.58
1.00 2.58
1.00 2.40
1.00 2.10
1.00 2.40
1.50 2.77
1.50 2.77
1.50 3.20
1.50 3.67
1.50 3.43
2.00 1.74
2.00 3.94
2.00 1.95
2.00 4.55
2.00 4.58
2.50 1.52
2.50 4.61
2.50 4.65
2.50 1.24
2.50 1.42
3.00 5.00
3.00 0.99
3.00 5.00
3.00 1.07
3.00 5.00
5.00 5.00
5.00 5.00
5.00 5.00
5.00 5.00
5.00 5.00
5.00 4.19
5.00 2.55
5.00 5.00
5.00 5.00
5.00 5.00
5.00 5.00
5.00 5.00
5.00 5.00
5.00 5.00
5.00 5.00
0.00 1.12
0.00 1.32
0.00 1.16
0.00 1.12
0.00 1.16
3.50 5.00
3.50 5.00
3.50 5.00
3.50 5.00
3.50 5.00
4.00 5.00
4.00 5.00
4.00 5.00
4.00 5.00
4.00 5.00
4.50 5.00
4.50 5.00
4.50 5.00
4.50 5.00
4.50 5.00
0.50 1.53
0.50 3.25
0.50 1.79
0.50 1.66
0.50 1.76
0.50 1.66
0.50 1.63
0.50 1.40
0.50 1.63
0.50 1.54
0.50 5.00
0.50 0.97
0.50 5.00
0.50 1.55
0.50 1.81
0.50 1.53
0.50 4.01
0.50 1.29
0.50 4.01
0.50 2.06
0.50 1.87
0.50 1.93
0.50 1.87
0.50 1.27
0.50 1.66
0.50 5.00
0.50 1.89
0.50 5.00
0.50 1.51
0.50 2.22
0.50 1.79
0.50 1.40
0.50 5.00
0.50 1.89
0.50 1.12
0.50 1.54
0.50 1.27
0.50 1.66
0.50 1.70
0.50 1.05
0.50 1.55
0.50 2.22
0.50 1.81
0.50 1.93
0.50 2.03
1.00 1.72
1.00 2.60
1.00 5.00
1.00 1.49
1.00 2.17
1.00 2.78
1.00 2.41
1.00 1.96
1.00 2.84
1.00 2.61
1.00 2.71
1.00 2.85
1.00 5.00
1.00 2.40
1.00 5.00
1.00 1.39
1.00 2.10
1.00 2.61
1.00 1.60
1.00 2.26
1.00 2.26
1.00 5.00
1.00 2.42
1.00 3.00
1.00 1.96
1.00 2.58
1.00 5.00
1.00 2.71
1.00 3.08
1.00 2.34
1.00 2.17
1.00 2.60
1.00 2.58
1.00 3.33
1.00 5.00
1.00 3.00
1.00 5.00
1.00 1.82
1.00 2.40
1.00 3.08
1.00 2.78
1.00 2.10
1.00 5.00
1.00 2.52
1.00 2.22
1.50 5.00
1.50 3.59
1.50 3.49
1.50 4.15
1.50 2.05
1.50 4.21
1.50 2.43
1.50 5.00
1.50 3.95
1.50 3.21
1.50 3.44
1.50 5.00
1.50 4.55
1.50 3.61
1.50 5.00
1.50 3.69
1.50 5.00
1.50 3.37
1.50 3.87
1.50 2.05
1.50 2.31
1.50 3.89
1.50 3.69
1.50 4.55
1.50 5.00
1.50 3.59
1.50 5.00
1.50 3.37
1.50 4.21
1.50 2.78
1.50 3.21
1.50 5.00
1.50 2.97
1.50 2.43
1.50 2.31
1.50 4.24
1.50 3.16
1.50 3.89
1.50 4.57
1.50 3.16
1.50 5.00
1.50 2.97
1.50 1.93
1.50 3.95
1.50 3.59
2.00 3.81
2.00 2.55
2.00 5.00
2.00 4.58
2.00 4.55
2.00 3.82
2.00 5.00
2.00 4.18
2.00 3.82
2.00 3.81
2.00 4.22
2.00 2.93
2.00 4.50
2.00 4.54
2.00 4.19
2.00 4.54
2.00 4.50
2.00 4.21
2.00 4.46
2.00 3.82
2.00 5.00
2.00 3.24
2.00 4.57
2.00 2.55
2.00 5.00
2.00 3.81
2.00 5.00
2.00 3.82
2.00 3.81
2.00 4.20
2.00 3.82
2.00 2.93
2.00 4.21
2.00 4.54
2.00 2.68
2.00 5.00
2.00 3.66
2.00 5.00
2.00 2.97
2.00 4.54
2.00 4.20
2.00 4.55
2.00 2.97
2.00 5.00
2.00 2.82
2.50 3.83
2.50 4.20
2.50 4.68
2.50 5.00
2.50 3.85
2.50 5.00
2.50 2.77
2.50 4.62
2.50 2.89
2.50 3.83
2.50 2.86
2.50 3.85
2.50 5.00
2.50 5.00
2.50 2.79
2.50 4.19
2.50 2.79
2.50 4.19
2.50 4.18
2.50 3.84
2.50 4.89
2.50 3.83
2.50 4.27
2.50 4.81
2.50 2.89
2.50 3.86
2.50 5.00
2.50 3.84
2.50 2.77
2.50 4.81
2.50 2.82
2.50 3.83
2.50 4.18
2.50 4.18
2.50 3.86
2.50 4.91
2.50 4.18
2.50 4.74
2.50 5.00
2.50 4.74
2.50 3.66
2.50 4.81
2.50 4.20
2.50 2.82
2.50 2.86
3.00 5.00
3.00 5.00
3.00 4.21
3.00 3.89
3.00 3.88
3.00 3.91
3.00 4.22
3.00 5.00
3.00 2.69
3.00 4.24
3.00 2.74
3.00 2.71
3.00 5.00
3.00 2.69
3.00 3.91
3.00 2.65
3.00 5.00
3.00 5.00
3.00 2.67
3.00 4.21
3.00 2.67
3.00 5.00
3.00 5.00
3.00 5.00
3.00 3.90
3.00 4.25
3.00 4.22
3.00 5.00
3.00 5.00
3.00 4.24
3.00 5.00
3.00 3.92
3.00 5.00
3.00 5.00
3.00 3.90
3.00 5.00
3.00 2.65
3.00 2.74
3.00 4.25
3.00 5.00
3.00 4.23
3.00 5.00
3.00 3.89
3.00 3.92
3.00 4.23
3.50 2.63
3.50 3.95
3.50 5.00
3.50 4.28
3.50 4.29
3.50 3.96
3.50 4.27
3.50 4.29
3.50 5.00
3.50 4.26
3.50 2.63
3.50 5.00
3.50 4.26
3.50 2.57
3.50 5.00
3.50 5.00
3.50 5.00
3.50 5.00
3.50 5.00
3.50 2.60
3.50 3.95
3.50 2.58
3.50 5.00
3.50 4.29
3.50 2.60
3.50 5.00
3.50 4.27
3.50 3.94
3.50 5.00
3.50 3.95
3.50 3.95
3.50 3.93
3.50 3.93
3.50 3.94
3.50 5.00
3.50 5.00
3.50 3.96
3.50 4.28
3.50 5.00
3.50 2.61
3.50 5.00
3.50 5.00
3.50 2.58
3.50 2.57
3.50 5.00
4.00 3.96
4.00 5.00
4.00 3.96
4.00 4.30
4.00 4.30
4.00 2.54
4.00 5.00
4.00 4.85
4.00 5.00
4.00 2.55
4.00 5.00
4.00 5.00
4.00 5.00
4.00 2.54
4.00 4.30
4.00 3.95
4.00 3.96
4.00 4.30
4.00 4.30
4.00 5.00
4.00 4.30
4.00 4.30
4.00 4.30
4.00 5.00
4.00 4.92
4.00 2.56
4.00 5.00
4.00 5.00
4.00 2.55
4.00 2.56
4.00 2.55
4.00 5.00
4.00 4.30
4.00 2.54
4.00 2.54
4.00 2.55
4.00 5.00
4.00 3.97
4.00 3.96
4.00 5.00
4.00 3.96
4.00 5.00
4.00 5.00
4.00 5.00
4.00 5.00
5.00 3.10
5.00 5.00
5.00 1.99
5.00 5.00
5.00 2.54
5.00 1.88
5.00 5.00
5.00 3.93
5.00 3.19
5.00 5.00
5.00 5.00
5.00 5.00
5.00 2.54
5.00 5.00
5.00 5.00
5.00 5.00
5.00 2.62
5.00 5.00
5.00 5.00
5.00 5.00
5.00 5.00
5.00 5.00
5.00 4.68
5.00 3.72
5.00 5.00
5.00 2.20
5.00 5.00
5.00 5.00
5.00 5.00
5.00 2.13
5.00 3.95
5.00 3.39
5.00 4.02
5.00 5.00
5.00 2.30
5.00 3.10
5.00 5.00
5.00 5.00
5.00 5.00
5.00 2.23
5.00 4.91
5.00 2.72
5.00 5.00
5.00 5.00
5.00 5.00
5.00 2.68
5.00 5.00
5.00 2.39
5.00 5.00
5.00 5.00
5.00 5.00
5.00 5.00
5.00 5.00
5.00 1.98
5.00 5.00
5.00 5.00
5.00 5.00
5.00 4.12
5.00 5.00
5.00 2.37
5.00 2.37
5.00 5.00
5.00 4.54
5.00 2.03
5.00 2.15
5.00 5.00
5.00 5.00
5.00 1.73
5.00 2.60
5.00 5.00
5.00 5.00
5.00 1.81
5.00 2.48
5.00 3.22
5.00 1.89
5.00 2.60
5.00 3.95
5.00 2.73
5.00 5.00
5.00 5.00
5.00 5.00
5.00 3.79
5.00 4.48
5.00 5.00
5.00 5.00
5.00 5.00
5.00 5.00
5.00 5.00
5.00 5.00
5.00 5.00
5.00 5.00
5.00 5.00
5.00 5.00
5.00 5.00
5.00 5.00
5.00 2.10
5.00 5.00
5.00 2.08
5.00 2.49
5.00 5.00
5.00 5.00
5.00 5.00
5.00 5.00
5.00 5.00
5.00 5.00
5.00 3.70
5.00 5.00
5.00 4.01
5.00 5.00
5.00 4.94
5.00 5.00
5.00 2.92
5.00 4.30
5.00 3.07
5.00 2.72
5.00 1.80
5.00 5.00
5.00 3.96
5.00 5.00
5.00 1.92
5.00 2.31
5.00 5.00
5.00 5.00
5.00 3.00
5.00 5.00
5.00 5.00
5.00 5.00
5.00 2.55
5.00 5.00
5.00 5.00
5.00 4.52
5.00 2.43
5.00 5.00
5.00 5.00
5.00 5.00
0.00 0.82
0.00 2.73
0.00 2.73
0.00 1.41
0.00 1.42
0.00 1.18
0.00 1.41
0.00 1.18
0.00 1.04
0.00 0.82
0.00 1.01
0.00 0.82
0.00 0.82
0.00 0.82
0.00 1.04
0.00 1.16
0.00 0.82
0.00 0.72
0.00 1.27
0.00 5.00
0.00 1.14
0.00 4.92
0.00 0.83
0.00 1.01
0.00 1.11
0.00 1.21
0.00 1.23
0.00 5.00
0.00 1.14
0.00 0.83
0.00 0.83
0.00 1.21
0.00 1.31
0.00 5.00
0.00 5.00
0.00 0.93
0.00 0.89
0.00 1.42
0.00 1.04
0.00 0.89
0.00 1.16
0.00 1.23
0.00 0.72
0.00 0.98
0.00 1.08
4.50 4.29
4.50 4.69
4.50 4.27
4.50 3.98
4.50 4.26
4.50 5.00
4.50 4.00
4.50 4.01
4.50 4.27
4.50 5.00
4.50 2.53
4.50 5.00
4.50 5.00
4.50 5.00
4.50 2.53
4.50 4.26
4.50 5.00
4.50 2.53
4.50 5.00
4.50 4.62
4.50 4.55
4.50 2.53
4.50 4.28
4.50 2.53
4.50 5.00
4.50 5.00
4.50 4.01
4.50 2.54
4.50 3.68
4.50 4.47
4.50 4.28
4.50 4.40
4.50 4.29
4.50 5.00
4.50 5.00
4.50 3.99
4.50 4.30
4.50 4.30
4.50 2.21
4.50 5.00
4.50 2.53
4.50 5.00
4.50 2.53
4.50 2.54
4.50 2.53
0.50 1.20
0.50 1.29
0.50 1.03
0.50 1.31
0.50 1.29
0.50 1.67
0.50 1.03
0.50 1.20
0.50 1.67
0.50 1.42
0.50 1.54
0.50 1.11
0.50 1.54
0.50 0.95
0.50 1.20
0.50 1.31
0.50 1.11
0.50 0.95
0.50 1.42
0.50 1.20
1.00 1.91
1.00 2.04
1.00 1.49
1.00 2.34
1.00 1.60
1.00 2.18
1.00 1.70
1.00 1.70
1.00 1.91
1.00 1.39
1.00 1.39
1.00 1.78
1.00 1.49
1.00 1.80
1.00 2.04
1.00 1.78
1.00 1.60
1.00 2.18
1.00 2.34
1.00 1.80
1.50 2.15
1.50 2.48
1.50 2.38
1.50 3.12
1.50 2.48
1.50 2.03
1.50 1.91
1.50 2.62
1.50 2.78
1.50 2.62
1.50 2.26
1.50 2.15
1.50 2.26
1.50 2.94
1.50 2.94
1.50 2.38
1.50 2.03
1.50 3.12
1.50 2.78
1.50 1.91
2.00 2.50
2.00 3.00
2.00 2.76
2.00 3.06
2.00 2.66
2.00 2.85
2.00 2.85
2.00 2.90
2.00 2.63
2.00 2.71
2.00 2.63
2.00 2.95
2.00 2.50
2.00 3.06
2.00 2.66
2.00 2.95
2.00 2.90
2.00 2.76
2.00 2.71
2.00 3.00
2.50 2.77
2.50 2.73
2.50 2.54
2.50 2.50
2.50 2.47
2.50 2.47
2.50 2.66
2.50 2.66
2.50 2.73
2.50 2.58
2.50 2.81
2.50 2.69
2.50 2.77
2.50 2.50
2.50 2.58
2.50 2.69
2.50 2.62
2.50 2.54
2.50 2.62
2.50 2.81
3.00 2.41
3.00 2.35
3.00 2.52
3.00 2.63
3.00 2.52
3.00 2.41
3.00 2.57
3.00 2.33
3.00 2.44
3.00 2.33
3.00 2.35
3.00 2.38
3.00 2.55
3.00 2.44
3.00 2.60
3.00 2.38
3.00 2.63
3.00 2.60
3.00 2.57
3.00 2.55
3.50 2.25
3.50 2.50
3.50 2.25
3.50 2.47
3.50 2.29
3.50 2.27
3.50 2.31
3.50 2.45
3.50 2.44
3.50 2.47
3.50 2.48
3.50 2.48
3.50 2.23
3.50 2.23
3.50 2.45
3.50 2.31
3.50 2.44
3.50 2.29
3.50 2.50
3.50 2.27
4.00 2.20
4.00 2.21
4.00 2.39
4.00 2.41
4.00 2.42
4.00 2.40
4.00 2.19
4.00 2.40
4.00 2.20
4.00 2.42
4.00 2.39
4.00 2.22
4.00 2.40
4.00 2.18
4.00 2.21
4.00 2.18
4.00 2.22
4.00 2.41
4.00 2.40
4.00 2.19
4.50 2.16
4.50 2.39
4.50 2.38
4.50 2.38
4.50 2.38
4.50 2.16
4.50 2.39
4.50 2.39
4.50 2.17
4.50 2.16
4.50 2.16
4.50 2.15
4.50 2.15
4.50 2.39
4.50 2.17
4.50 2.38
4.50 2.16
4.50 2.16
4.50 2.38
4.50 2.38
5.00 0.35
5.00 1.92
5.00 0.83
5.00 0.40
5.00 0.27
5.00 0.38
5.00 5.00
5.00 5.00
5.00 0.22
5.00 0.91
5.00 2.32
5.00 4.59
5.00 5.00
5.00 4.89
5.00 0.30
5.00 5.00
5.00 1.63
5.00 0.64
5.00 2.63
5.00 2.17
5.00 4.40
5.00 5.00
5.00 5.00
5.00 1.24
5.00 0.36
5.00 5.00
5.00 5.00
5.00 4.78
5.00 1.78
5.00 2.85
5.00 5.00
5.00 5.00
5.00 2.66
5.00 1.54
5.00 2.40
5.00 5.00
5.00 5.00
5.00 5.00
5.00 0.65
5.00 0.25
5.00 5.00
5.00 5.00
5.00 2.27
5.00 0.82
5.00 0.62
5.00 0.40
5.00 0.33
5.00 4.44
5.00 5.00
5.00 2.56
5.00 0.30
5.00 5.00
5.00 1.81
5.00 1.67
5.00 5.00
5.00 5.00
5.00 2.14
5.00 2.48
5.00 2.70
5.00 0.26
0.00 0.88
0.00 0.82
0.00 0.73
0.00 0.91
0.00 0.80
0.00 0.73
0.00 0.88
0.00 1.10
0.00 0.73
0.00 1.00
0.00 0.72
0.00 0.72
0.00 0.73
0.00 1.10
0.00 0.80
0.00 0.73
0.00 1.00
0.00 0.73
0.00 0.82
0.00 0.91
0.50 1.79
0.50 1.93
0.50 1.79
0.50 1.52
0.50 1.65
1.00 2.60
1.00 2.81
1.00 2.24
1.00 2.42
1.00 2.42
1.50 3.72
1.50 3.24
1.50 3.99
1.50 3.47
1.50 3.99
2.00 4.23
2.00 4.22
2.00 4.24
2.00 4.27
2.00 4.23
2.50 4.19
2.50 4.20
2.50 4.22
2.50 4.19
2.50 4.22
3.00 4.17
3.00 4.15
3.00 4.15
3.00 4.18
3.00 4.16
5.00 2.50
5.00 3.47
5.00 5.00
5.00 2.56
5.00 3.69
5.00 2.35
5.00 4.30
5.00 4.12
5.00 4.85
5.00 4.06
5.00 2.63
5.00 2.33
5.00 4.15
5.00 4.35
5.00 4.78
0.00 1.30
0.00 1.10
0.00 1.20
0.00 1.00
0.00 1.39
3.50 4.18
3.50 4.19
3.50 4.17
3.50 4.16
3.50 4.17
4.00 4.20
4.00 4.20
4.00 4.20
4.00 4.19
4.00 4.19
4.50 4.18
4.50 4.19
4.50 4.19
4.50 4.19
4.50 4.20
0.50 1.91
0.50 1.20
0.50 1.30
0.50 1.61
0.50 1.41
0.50 1.10
0.50 1.47
0.50 2.07
0.50 1.41
0.50 1.91
0.50 1.30
0.50 1.53
0.50 1.20
0.50 1.77
0.50 1.53
1.00 2.25
1.00 2.42
1.00 1.67
1.00 2.24
1.00 2.42
1.00 2.10
1.00 1.67
1.00 1.95
1.00 2.81
1.00 1.80
1.00 2.24
1.00 3.02
1.00 3.02
1.00 2.81
1.00 1.80
3.00 2.94
3.00 2.91
3.00 4.17
3.00 2.91
3.00 2.85
3.00 4.13
3.00 2.85
3.00 2.88
3.00 4.20
3.00 4.10
3.00 4.07
3.00 2.98
3.00 2.94
3.00 2.98
3.00 2.88
3.50 2.76
3.50 4.38
3.50 2.74
3.50 2.76
3.50 2.83
3.50 4.31
3.50 2.78
3.50 4.23
3.50 4.38
3.50 4.31
3.50 4.34
3.50 2.78
3.50 2.80
3.50 4.27
3.50 2.74
4.00 4.54
4.00 4.46
4.00 2.73
4.00 2.70
4.00 4.42
4.00 4.46
4.00 4.50
4.00 2.67
4.00 2.67
4.00 4.54
4.00 4.42
4.00 4.58
4.00 4.58
4.00 4.50
4.00 2.73
4.50 4.23
4.50 2.64
4.50 2.65
4.50 2.64
4.50 4.66
4.50 4.74
4.50 2.64
4.50 2.65
4.50 2.64
4.50 2.66
4.50 4.78
4.50 4.53
4.50 2.65
4.50 4.62
4.50 2.66
5.00 4.47
5.00 5.00
5.00 2.73
5.00 5.00
5.00 4.43
5.00 0.42
5.00 5.00
5.00 4.57
5.00 5.00
5.00 4.85
5.00 0.80
5.00 0.53
5.00 3.78
5.00 0.75
5.00 5.00
5.00 5.00
5.00 5.00
5.00 0.63
5.00 3.00
5.00 4.99
5.00 4.87
5.00 0.64
5.00 5.00
5.00 5.00
5.00 4.68
5.00 4.20
5.00 0.23
5.00 5.00
5.00 5.00
5.00 4.09
5.00 0.76
5.00 0.79
5.00 5.00
5.00 0.82
5.00 0.82
5.00 0.73
5.00 5.00
5.00 5.00
5.00 2.86
5.00 5.00
5.00 2.74
5.00 2.71
5.00 4.75
5.00 5.00
5.00 0.40
0.00 1.21
0.00 0.88
0.00 1.34
0.00 0.85
0.00 0.90
0.00 0.88
0.00 0.88
0.00 1.00
0.00 0.97
0.00 0.90
0.00 1.10
0.00 0.88
0.00 0.74
0.00 0.90
0.00 1.34
1.50 3.48
1.50 3.75
1.50 3.57
1.50 3.57
1.50 2.56
1.50 2.91
1.50 3.24
1.50 3.09
1.50 3.75
1.50 3.66
1.50 3.48
1.50 2.40
1.50 2.73
1.50 3.24
1.50 3.66
2.00 3.29
2.00 3.24
2.00 3.30
2.00 3.50
2.00 3.42
2.00 3.42
2.00 3.36
2.00 3.24
2.00 3.70
2.00 3.36
2.00 3.94
2.00 3.93
2.00 3.50
2.00 3.30
2.00 3.49
2.50 3.05
2.50 3.05
2.50 3.01
2.50 3.09
2.50 3.99
2.50 4.01
2.50 3.19
2.50 4.04
2.50 3.19
2.50 3.14
2.50 3.14
2.50 3.97
2.50 3.95
2.50 3.09
2.50 3.01
0.50 1.81
0.50 1.49
0.50 1.36
0.50 1.98
0.50 1.72
0.50 1.36
0.50 1.49
0.50 1.81
0.50 2.04
0.50 1.98
0.50 1.84
0.50 1.57
0.50 1.69
0.50 1.64
0.50 2.66
0.50 1.69
0.50 2.04
0.50 1.27
0.50 1.29
0.50 1.64
0.50 2.43
0.50 2.66
0.50 2.22
0.50 1.27
0.50 1.49
0.50 1.60
0.50 1.46
0.50 1.57
0.50 2.43
0.50 2.15
1.00 2.74
1.00 1.81
1.00 2.06
1.00 3.20
1.00 2.91
1.00 2.53
1.00 2.21
1.00 1.93
1.00 1.93
1.00 2.06
1.00 2.40
1.00 3.47
1.00 3.20
1.00 3.20
1.00 2.33
1.00 2.25
1.00 1.97
1.00 3.78
1.00 4.13
1.00 2.37
1.00 2.97
1.00 2.91
1.00 4.13
1.00 2.40
1.00 2.10
1.00 2.53
1.00 2.97
1.00 2.33
1.00 2.25
1.00 2.21
1.50 2.55
1.50 3.12
1.50 2.57
1.50 4.02
1.50 3.07
1.50 4.97
1.50 3.72
1.50 3.26
1.50 3.45
1.50 4.78
1.50 3.72
1.50 3.12
1.50 3.45
1.50 3.33
1.50 4.52
1.50 3.07
1.50 4.78
1.50 2.73
1.50 2.93
1.50 2.55
1.50 2.73
1.50 4.87
1.50 2.73
1.50 4.71
1.50 4.32
1.50 2.89
1.50 4.35
1.50 4.35
1.50 2.57
1.50 4.87
2.00 4.32
2.00 4.59
2.00 4.30
2.00 3.55
2.00 4.64
2.00 3.78
2.00 3.30
2.00 3.35
2.00 4.32
2.00 3.35
2.00 4.30
2.00 4.00
2.00 4.02
2.00 4.04
2.00 4.02
2.00 4.00
2.00 3.25
2.00 3.40
2.00 4.51
2.00 3.78
2.00 4.30
2.00 4.30
2.00 4.48
2.00 4.31
2.00 4.04
2.00 3.46
2.00 3.40
2.00 3.30
2.00 3.55
2.00 4.54
2.50 3.20
2.50 4.39
2.50 4.42
2.50 4.36
2.50 4.47
2.50 3.08
2.50 3.04
2.50 3.97
2.50 4.43
2.50 3.98
2.50 3.98
2.50 3.99
2.50 4.39
2.50 3.99
2.50 4.43
2.50 4.47
2.50 3.97
2.50 4.46
2.50 4.42
2.50 4.33
2.50 3.04
2.50 4.33
2.50 3.16
2.50 4.43
2.50 3.12
2.50 3.08
2.50 4.36
2.50 3.98
2.50 3.12
2.50 3.16
3.00 2.87
3.00 3.97
3.00 4.51
3.00 2.94
3.00 3.97
3.00 4.45
3.00 2.97
3.00 4.47
3.00 3.01
3.00 4.63
3.00 4.70
3.00 3.97
3.00 3.97
3.00 2.97
3.00 2.90
3.00 4.49
3.00 4.63
3.00 4.52
3.00 2.94
3.00 3.97
3.00 2.90
3.00 2.87
3.00 4.57
3.00 4.44
3.00 4.75
3.00 3.97
3.00 3.01
3.00 4.57
3.00 4.52
3.00 3.97
3.50 3.99
3.50 3.98
3.50 4.54
3.50 4.86
3.50 4.57
3.50 4.80
3.50 4.98
3.50 2.73
3.50 2.81
3.50 2.76
3.50 3.98
3.50 3.99
3.50 4.68
3.50 2.76
3.50 2.84
3.50 3.98
3.50 2.84
3.50 2.78
3.50 4.91
3.50 3.99
3.50 2.81
3.50 2.78
3.50 3.98
3.50 3.98
3.50 3.99
3.50 3.98
3.50 4.64
3.50 5.00
3.50 2.73
3.50 4.60
4.00 3.99
4.00 4.00
4.00 4.00
4.00 5.00
4.00 2.66
4.00 2.68
4.00 4.72
4.00 4.89
4.00 4.80
4.00 2.62
4.00 5.00
4.00 4.85
4.00 2.62
4.00 2.66
4.00 2.64
4.00 2.64
4.00 3.99
4.00 5.00
4.00 4.00
4.00 4.00
4.00 2.68
4.00 4.00
4.00 2.71
4.00 4.01
4.00 2.71
4.00 5.00
4.00 4.01
4.00 5.00
4.00 4.76
4.00 4.00
4.50 2.60
4.50 2.54
4.50 5.00
4.50 2.58
4.50 4.94
4.50 2.56
4.50 2.55
4.50 5.00
4.50 5.00
4.50 4.02
4.50 4.05
4.50 5.00
4.50 4.99
4.50 4.03
4.50 2.55
4.50 5.00
4.50 4.04
4.50 4.05
4.50 4.04
4.50 2.56
4.50 5.00
4.50 2.58
4.50 4.01
4.50 5.00
4.50 2.60
4.50 4.01
4.50 4.02
4.50 2.54
4.50 5.00
4.50 4.03
5.00 5.00
5.00 5.00
5.00 5.00
5.00 3.04
5.00 4.35
5.00 5.00
5.00 5.00
5.00 5.00
5.00 5.00
5.00 3.64
5.00 5.00
5.00 2.61
5.00 5.00
5.00 5.00
5.00 5.00
5.00 5.00
5.00 5.00
5.00 1.85
5.00 5.00
5.00 2.77
5.00 3.27
5.00 5.00
5.00 5.00
5.00 2.66
5.00 2.26
5.00 5.00
5.00 5.00
5.00 2.51
5.00 5.00
5.00 4.89
5.00 5.00
5.00 5.00
5.00 5.00
5.00 5.00
5.00 5.00
5.00 5.00
5.00 5.00
5.00 5.00
5.00 5.00
5.00 3.74
5.00 3.94
5.00 5.00
5.00 5.00
5.00 5.00
5.00 2.47
5.00 5.00
5.00 4.12
5.00 2.96
5.00 5.00
5.00 5.00
5.00 5.00
5.00 5.00
5.00 5.00
5.00 5.00
5.00 5.00
5.00 5.00
5.00 5.00
5.00 3.06
5.00 5.00
5.00 5.00
5.00 5.00
5.00 5.00
5.00 2.55
5.00 5.00
5.00 5.00
5.00 2.72
5.00 5.00
5.00 5.00
5.00 5.00
5.00 5.00
5.00 5.00
5.00 5.00
5.00 5.00
5.00 5.00
5.00 5.00
5.00 5.00
5.00 5.00
5.00 5.00
5.00 5.00
5.00 5.00
5.00 5.00
5.00 5.00
5.00 1.62
5.00 5.00
5.00 5.00
5.00 1.90
5.00 5.00
5.00 5.00
5.00 5.00
5.00 5.00
0.00 1.08
0.00 0.89
0.00 1.09
0.00 1.05
0.00 1.66
0.00 1.66
0.00 1.02
0.00 0.89
0.00 1.21
0.00 1.21
0.00 1.50
0.00 1.13
0.00 1.50
0.00 0.97
0.00 1.35
0.00 1.11
0.00 1.00
0.00 1.00
0.00 0.89
0.00 1.18
0.00 1.00
0.00 1.21
0.00 1.18
0.00 1.22
0.00 1.35
0.00 1.00
0.00 1.35
0.00 1.11
0.00 1.22
0.00 1.35
0.50 1.17
0.50 1.23
0.50 1.03
0.50 1.10
0.50 1.10
0.50 1.17
0.50 1.03
0.50 1.23
0.50 0.97
0.50 0.97
1.00 1.41
1.00 1.71
1.00 1.60
1.00 1.32
1.00 1.41
1.00 1.32
1.00 1.71
1.00 1.50
1.00 1.60
1.00 1.50
1.50 2.26
1.50 1.81
1.50 2.14
1.50 2.26
1.50 2.02
1.50 1.91
1.50 1.91
1.50 2.14
1.50 2.02
1.50 1.81
2.00 2.48
2.00 2.61
2.00 2.73
2.00 2.73
2.00 2.61
2.00 2.37
2.00 2.37
2.00 2.48
2.00 2.86
2.00 2.86
2.50 2.71
2.50 2.75
2.50 2.68
2.50 2.82
2.50 2.82
2.50 2.78
2.50 2.68
2.50 2.75
2.50 2.71
2.50 2.78
3.00 2.62
3.00 2.54
3.00 2.54
3.00 2.59
3.00 2.65
3.00 2.59
3.00 2.56
3.00 2.56
3.00 2.62
3.00 2.65
3.50 2.51
3.50 2.47
3.50 2.43
3.50 2.45
3.50 2.49
3.50 2.47
3.50 2.45
3.50 2.51
3.50 2.43
3.50 2.49
4.00 2.35
4.00 2.35
4.00 2.41
4.00 2.38
4.00 2.41
4.00 2.39
4.00 2.36
4.00 2.39
4.00 2.36
4.00 2.38
4.50 2.28
4.50 2.31
4.50 2.32
4.50 2.32
4.50 2.33
4.50 2.28
4.50 2.31
4.50 2.30
4.50 2.33
4.50 2.30
5.00 5.00
5.00 3.94
5.00 2.14
5.00 5.00
5.00 5.00
5.00 2.18
5.00 3.92
5.00 2.12
5.00 1.64
5.00 5.00
5.00 3.92
5.00 5.00
5.00 5.00
5.00 2.20
5.00 5.00
5.00 5.00
5.00 1.63
5.00 1.88
5.00 5.00
5.00 5.00
5.00 2.12
5.00 5.00
5.00 2.21
5.00 5.00
5.00 5.00
5.00 5.00
5.00 5.00
5.00 2.25
5.00 3.95
5.00 5.00
0.00 0.90
0.00 0.90
0.00 0.90
0.00 0.91
0.00 0.90
0.00 1.24
0.00 1.37
0.00 0.91
0.00 1.37
0.00 1.24
0.50 2.24
0.50 1.57
0.50 2.24
0.50 2.07
0.50 1.72
0.50 1.88
0.50 1.77
0.50 1.63
0.50 1.92
0.50 1.57
0.50 1.92
0.50 1.72
0.50 2.04
0.50 1.88
0.50 1.63
1.00 2.20
1.00 2.43
1.00 3.09
1.00 2.20
1.00 2.38
1.00 2.57
1.00 2.57
1.00 2.98
1.00 2.78
1.00 2.38
1.00 2.63
1.00 3.32
1.00 2.78
1.00 3.09
1.00 3.32
1.50 3.86
1.50 3.43
1.50 4.50
1.50 3.58
1.50 3.19
1.50 3.90
1.50 4.17
1.50 4.51
1.50 4.50
1.50 3.68
1.50 3.86
1.50 3.96
1.50 4.51
1.50 3.19
1.50 3.90
2.00 4.49
2.00 4.51
2.00 4.51
2.00 3.70
2.00 3.81
2.00 3.74
2.00 4.49
2.00 4.53
2.00 3.77
2.00 3.81
2.00 3.74
2.00 3.86
2.00 4.49
2.00 3.70
2.00 3.77
2.50 3.68
2.50 3.65
2.50 4.67
2.50 4.62
2.50 4.55
2.50 3.60
2.50 4.58
2.50 3.58
2.50 3.63
2.50 3.65
2.50 3.68
2.50 4.67
2.50 4.58
2.50 4.72
2.50 4.72
3.00 3.49
3.00 5.00
3.00 4.93
3.00 5.00
3.00 3.51
3.00 3.53
3.00 4.78
3.00 3.53
3.00 4.93
3.00 4.78
3.00 3.55
3.00 3.49
3.00 3.55
3.00 4.85
3.00 4.85
5.00 1.81
5.00 3.50
5.00 4.49
5.00 1.74
5.00 5.00
5.00 3.82
5.00 5.00
5.00 2.95
5.00 5.00
5.00 5.00
5.00 3.22
5.00 3.65
5.00 5.00
5.00 5.00
5.00 3.98
5.00 5.00
5.00 2.83
5.00 1.73
5.00 5.00
5.00 3.21
5.00 3.14
5.00 5.00
5.00 3.10
5.00 5.00
5.00 1.81
5.00 1.75
5.00 1.73
5.00 5.00
5.00 2.77
5.00 2.92
5.00 1.87
5.00 3.28
5.00 3.60
5.00 2.92
5.00 5.00
5.00 5.00
5.00 5.00
5.00 5.00
5.00 1.81
5.00 5.00
5.00 1.81
5.00 1.75
5.00 3.99
5.00 5.00
5.00 3.50
0.00 0.97
0.00 1.37
0.00 1.17
0.00 1.49
0.00 1.07
0.00 0.88
0.00 5.00
0.00 1.17
0.00 1.29
0.00 0.97
0.00 1.07
0.00 1.37
0.00 1.49
0.00 1.07
0.00 1.17
3.50 3.42
3.50 3.48
3.50 3.41
3.50 3.46
3.50 5.00
3.50 5.00
3.50 5.00
3.50 3.41
3.50 3.48
3.50 3.42
3.50 3.46
3.50 3.44
3.50 3.44
3.50 5.00
3.50 5.00
4.00 5.00
4.00 3.35
4.00 5.00
4.00 3.33
4.00 3.31
4.00 3.37
4.00 3.33
4.00 3.35
4.00 3.39
4.00 3.31
4.00 3.37
4.00 5.00
4.00 5.00
4.00 5.00
4.00 3.39
4.50 5.00
4.50 3.20
4.50 5.00
4.50 5.00
4.50 3.20
4.50 5.00
4.50 3.28
4.50 3.24
4.50 3.24
4.50 5.00
4.50 3.22
4.50 3.26
4.50 3.26
4.50 3.28
4.50 3.22
0.50 1.63
0.50 2.08
0.50 2.08
0.50 1.78
0.50 1.49
0.50 1.49
0.50 1.63
1.00 3.01
1.00 2.43
1.00 2.81
1.00 2.25
1.00 2.25
1.00 2.43
1.00 3.01
1.50 3.23
1.50 3.25
1.50 3.71
1.50 3.46
1.50 3.40
1.50 3.23
1.50 3.67
2.00 3.51
2.00 3.21
2.00 3.49
2.00 3.10
2.00 3.53
2.00 3.59
2.00 3.13
2.50 3.47
2.50 3.07
2.50 3.45
2.50 3.07
2.50 3.06
2.50 3.44
2.50 3.06
3.00 3.29
3.00 3.10
3.00 3.38
3.00 3.39
3.00 3.23
3.00 3.37
3.00 3.14
3.50 3.36
3.50 3.08
3.50 3.36
3.50 2.93
3.50 3.35
3.50 3.35
3.50 3.35
4.00 2.80
4.00 3.36
4.00 2.57
4.00 2.49
4.00 3.42
4.00 3.35
4.00 3.39
4.50 3.52
4.50 2.38
4.50 2.34
4.50 2.35
4.50 2.35
4.50 3.46
4.50 2.35
5.00 2.46
5.00 5.00
5.00 2.30
5.00 5.00
5.00 2.15
5.00 5.00
5.00 5.00
5.00 1.69
5.00 3.52
5.00 3.07
5.00 2.41
5.00 5.00
5.00 5.00
5.00 5.00
5.00 5.00
5.00 1.97
5.00 5.00
5.00 5.00
5.00 2.45
5.00 5.00
5.00 2.48
0.00 1.35
0.00 1.22
0.00 0.86
0.00 0.86
0.00 1.22
0.00 0.98
0.00 1.10
0.50 1.80
0.50 1.47
0.50 1.91
0.50 1.76
0.50 1.61
0.50 2.10
0.50 2.06
0.50 1.51
0.50 1.91
0.50 1.65
0.50 2.06
0.50 1.95
0.50 2.10
0.50 1.95
0.50 1.76
0.50 1.61
0.50 1.47
1.00 2.66
1.00 2.46
1.00 2.23
1.00 2.79
1.00 2.79
1.00 2.27
1.00 2.99
1.00 2.23
1.00 2.85
1.00 3.05
1.00 2.27
1.00 2.40
1.00 2.66
1.00 2.59
1.00 2.99
1.00 2.59
1.00 2.85
1.50 3.44
1.50 3.68
1.50 3.59
1.50 3.92
1.50 3.78
1.50 3.69
1.50 3.69
1.50 3.96
1.50 3.92
1.50 3.78
1.50 3.27
1.50 3.59
1.50 3.44
1.50 3.20
1.50 3.96
1.50 3.20
1.50 3.68
2.00 3.83
2.00 3.28
2.00 3.35
2.00 3.28
2.00 3.85
2.00 3.79
2.00 3.88
2.00 3.79
2.00 3.88
2.00 3.42
2.00 3.50
2.00 3.81
2.00 3.42
2.00 3.83
2.00 3.81
2.00 3.21
2.00 3.21
2.50 2.99
2.50 3.74
2.50 2.95
2.50 2.99
2.50 3.74
2.50 3.04
2.50 3.15
2.50 3.74
2.50 3.75
2.50 3.77
2.50 2.95
2.50 3.15
2.50 3.04
2.50 3.74
2.50 3.10
2.50 3.76
2.50 3.77
3.00 3.73
3.00 3.73
3.00 3.73
3.00 2.90
3.00 2.79
3.00 3.73
3.00 2.82
3.00 2.75
3.00 3.73
3.00 2.86
3.00 3.73
3.00 2.90
3.00 2.82
3.00 3.73
3.00 3.73
3.00 3.73
3.00 2.86
3.50 2.65
3.50 2.63
3.50 2.60
3.50 2.65
3.50 3.72
3.50 3.72
3.50 2.72
3.50 3.72
3.50 3.72
3.50 3.72
3.50 3.72
3.50 2.68
3.50 3.72
3.50 2.68
3.50 2.72
3.50 3.72
3.50 3.72
4.00 3.70
4.00 2.53
4.00 2.49
4.00 2.55
4.00 2.51
4.00 2.53
4.00 2.51
4.00 3.71
4.00 3.71
4.00 3.71
4.00 3.71
4.00 2.49
4.00 2.55
4.00 3.70
4.00 3.70
4.00 3.70
4.00 2.58
4.50 3.68
4.50 2.45
4.50 2.44
4.50 3.63
4.50 2.46
4.50 3.65
4.50 3.66
4.50 3.65
4.50 2.46
4.50 3.69
4.50 3.68
4.50 3.66
4.50 2.45
4.50 3.63
4.50 3.69
4.50 2.48
4.50 2.43
5.00 5.00
5.00 3.41
5.00 5.00
5.00 2.84
5.00 5.00
5.00 5.00
5.00 2.61
5.00 2.90
5.00 5.00
5.00 2.91
5.00 5.00
5.00 2.91
5.00 5.00
5.00 3.50
5.00 3.57
5.00 2.41
5.00 5.00
5.00 2.95
5.00 5.00
5.00 5.00
5.00 5.00
5.00 5.00
5.00 3.20
5.00 2.94
5.00 5.00
5.00 5.00
5.00 5.00
5.00 5.00
5.00 5.00
5.00 2.94
5.00 5.00
5.00 5.00
5.00 5.00
5.00 5.00
5.00 2.41
5.00 2.84
5.00 5.00
5.00 2.99
5.00 5.00
5.00 5.00
5.00 5.00
5.00 5.00
5.00 5.00
5.00 5.00
5.00 3.02
5.00 3.06
5.00 5.00
5.00 3.23
5.00 2.90
5.00 5.00
5.00 5.00
0.00 1.04
0.00 1.02
0.00 1.04
0.00 1.22
0.00 1.22
0.00 1.13
0.00 1.25
0.00 1.13
0.00 0.95
0.00 0.91
0.00 1.38
0.00 1.34
0.00 0.91
0.00 1.14
0.00 1.38
0.00 1.25
0.00 1.14
0.50 1.50
0.50 1.96
0.50 1.96
0.50 2.12
0.50 0.62
0.50 2.12
0.50 1.64
0.50 1.64
0.50 0.63
1.00 2.47
1.00 2.67
1.00 0.63
1.00 0.63
1.00 0.63
1.00 0.63
1.00 2.47
1.00 3.10
1.00 0.63
5.00 1.13
5.00 1.13
5.00 5.00
5.00 0.42
5.00 0.94
5.00 5.00
5.00 5.00
5.00 1.12
5.00 1.12
5.00 3.25
5.00 3.38
5.00 3.17
5.00 5.00
5.00 3.14
5.00 5.00
5.00 5.00
5.00 5.00
5.00 0.87
5.00 5.00
5.00 0.86
5.00 3.12
5.00 5.00
5.00 3.52
5.00 5.00
5.00 5.00
5.00 0.83
5.00 5.00
0.00 0.39
0.00 1.14
0.00 0.55
0.00 0.34
0.00 0.39
0.00 1.04
0.00 0.94
0.00 0.57
0.00 0.47
1.50 4.10
1.50 0.65
1.50 4.14
1.50 0.67
1.50 0.68
1.50 4.10
1.50 3.33
1.50 0.64
1.50 4.14
2.00 4.04
2.00 0.74
2.00 0.75
2.00 4.04
2.00 4.01
2.00 0.69
2.00 4.01
2.00 3.98
2.00 4.07
2.50 3.94
2.50 3.97
2.50 3.94
2.50 3.95
2.50 3.94
2.50 3.97
2.50 3.94
2.50 3.96
2.50 3.95
3.00 3.94
3.00 3.93
3.00 3.94
3.00 3.94
3.00 3.94
3.00 3.93
3.00 3.94
3.00 3.94
3.00 3.94
3.50 3.93
3.50 3.93
3.50 3.93
3.50 3.93
3.50 3.92
3.50 3.93
3.50 3.93
3.50 3.92
3.50 3.93
4.00 3.90
4.00 3.88
4.00 3.91
4.00 3.91
4.00 3.89
4.00 3.91
4.00 3.88
4.00 3.90
4.00 3.89
4.50 3.85
4.50 3.84
4.50 3.84
4.50 3.80
4.50 3.87
4.50 3.82
4.50 3.82
4.50 3.85
4.50 3.87
0.50 1.40
0.50 1.61
0.50 1.49
0.50 1.31
0.50 1.22
1.00 2.10
1.00 2.25
1.00 1.85
1.00 1.97
1.00 1.97
1.50 2.74
1.50 2.56
1.50 2.74
1.50 3.10
1.50 2.40
2.00 3.49
2.00 3.94
2.00 3.92
2.00 3.49
2.00 3.29
2.50 3.91
2.50 3.87
2.50 3.87
2.50 3.90
2.50 3.89
3.00 3.84
3.00 3.82
3.00 3.86
3.00 3.83
3.00 3.81
3.50 3.72
3.50 3.74
3.50 3.74
3.50 3.79
3.50 3.77
5.00 5.00
5.00 2.35
5.00 5.00
5.00 3.02
5.00 3.81
5.00 5.00
5.00 4.15
5.00 5.00
5.00 4.50
5.00 5.00
5.00 5.00
5.00 2.90
5.00 3.26
5.00 5.00
5.00 5.00
0.00 1.13
0.00 1.06
0.00 1.04
0.00 1.04
0.00 1.11
4.00 3.70
4.00 3.67
4.00 3.69
4.00 3.70
4.00 3.68
4.50 3.45
4.50 3.35
4.50 3.25
4.50 3.55
4.50 3.65
0.50 1.79
0.50 1.91
0.50 2.03
0.50 1.79
0.50 1.17
0.50 1.91
0.50 1.50
0.50 2.16
0.50 1.62
0.50 2.16
0.50 1.39
0.50 1.67
0.50 1.67
0.50 1.28
0.50 2.03
1.00 3.20
1.00 2.28
1.00 2.53
1.00 2.96
1.00 2.14
1.00 2.96
1.00 2.28
1.00 2.34
1.00 2.00
1.00 3.20
1.00 2.73
1.00 2.73
1.00 2.00
1.00 2.14
1.00 1.87
1.50 2.89
1.50 3.45
1.50 4.32
1.50 2.44
1.50 4.67
1.50 2.58
1.50 4.32
1.50 3.71
1.50 2.73
1.50 4.00
1.50 4.67
1.50 2.44
1.50 3.07
1.50 2.73
1.50 2.89
2.00 3.08
2.00 3.16
2.00 4.65
2.00 4.66
2.00 4.65
2.00 4.64
2.00 3.25
2.00 4.65
2.00 3.11
2.00 3.08
2.00 3.25
2.00 3.16
2.00 4.64
2.00 4.64
2.00 3.11
2.50 4.66
2.50 4.66
2.50 3.04
2.50 3.04
2.50 2.94
2.50 4.76
2.50 4.73
2.50 4.76
2.50 2.97
2.50 4.68
2.50 4.73
2.50 3.01
2.50 2.94
2.50 2.91
2.50 4.70
3.00 4.83
3.00 2.81
3.00 4.95
3.00 4.86
3.00 2.86
3.00 4.79
3.00 4.91
3.00 2.81
3.00 2.89
3.00 4.79
3.00 4.95
3.00 4.86
3.00 2.79
3.00 2.83
3.00 4.83
3.50 2.71
3.50 2.73
3.50 5.00
3.50 2.77
3.50 5.00
3.50 5.00
3.50 5.00
3.50 2.73
3.50 5.00
3.50 5.00
3.50 5.00
3.50 5.00
3.50 2.70
3.50 2.77
3.50 2.75
4.00 5.00
4.00 5.00
4.00 5.00
4.00 5.00
4.00 2.65
4.00 2.65
4.00 2.66
4.00 2.67
4.00 5.00
4.00 2.64
4.00 2.64
4.00 5.00
4.00 5.00
4.00 5.00
4.00 5.00
4.50 5.00
4.50 2.63
4.50 5.00
4.50 2.63
4.50 5.00
4.50 2.62
4.50 2.62
4.50 5.00
4.50 5.00
4.50 5.00
4.50 2.62
4.50 5.00
4.50 5.00
4.50 2.63
4.50 2.64
5.00 5.00
5.00 5.00
5.00 2.67
5.00 5.00
5.00 5.00
5.00 5.00
5.00 5.00
5.00 3.26
5.00 2.70
5.00 5.00
5.00 5.00
5.00 5.00
5.00 2.63
5.00 5.00
5.00 5.00
5.00 5.00
5.00 5.00
5.00 5.00
5.00 5.00
5.00 5.00
5.00 5.00
5.00 5.00
5.00 5.00
5.00 5.00
5.00 5.00
5.00 5.00
5.00 5.00
5.00 2.72
5.00 5.00
5.00 5.00
5.00 2.71
5.00 5.00
5.00 5.00
5.00 5.00
5.00 5.00
5.00 5.00
5.00 5.00
5.00 5.00
5.00 5.00
5.00 5.00
5.00 5.00
5.00 5.00
5.00 5.00
5.00 5.00
5.00 5.00
0.00 0.83
0.00 0.81
0.00 1.15
0.00 1.00
0.00 0.83
0.00 1.45
0.00 1.55
0.00 0.91
0.00 1.55
0.00 1.25
0.00 1.45
0.00 0.74
0.00 1.08
0.00 1.35
0.00 0.75
0.50 2.42
0.50 2.03
0.50 2.64
0.50 1.96
0.50 2.03
0.50 1.84
0.50 1.41
0.50 2.64
0.50 2.42
0.50 1.84
0.50 1.82
0.50 2.22
0.50 1.67
0.50 1.54
0.50 1.96
0.50 2.22
1.00 4.22
1.00 2.10
1.00 2.78
1.00 2.26
1.00 2.26
1.00 2.43
1.00 3.82
1.00 2.10
1.00 2.89
1.00 3.48
1.00 2.43
1.00 3.17
1.00 4.22
1.00 2.61
1.00 3.48
1.00 3.17
1.50 3.16
1.50 5.00
1.50 4.68
1.50 3.55
1.50 4.72
1.50 4.71
1.50 3.16
1.50 2.97
1.50 3.38
1.50 4.72
1.50 5.00
1.50 3.61
1.50 4.71
1.50 5.00
1.50 2.97
1.50 3.61
2.00 4.51
2.00 4.68
2.00 3.43
2.00 3.38
2.00 4.55
2.00 3.38
2.00 4.61
2.00 3.29
2.00 3.33
2.00 4.77
2.00 3.49
2.00 4.77
2.00 4.55
2.00 4.51
2.00 4.68
2.00 3.43
2.50 4.39
2.50 3.10
2.50 3.25
2.50 4.39
2.50 4.41
2.50 4.37
2.50 4.47
2.50 3.17
2.50 4.43
2.50 4.37
2.50 3.10
2.50 3.14
2.50 3.21
2.50 4.41
2.50 3.14
2.50 3.21
3.00 4.36
3.00 3.04
3.00 3.01
3.00 4.37
3.00 4.36
3.00 2.95
3.00 4.36
3.00 4.36
3.00 4.37
3.00 4.36
3.00 4.36
3.00 4.36
3.00 2.95
3.00 2.98
3.00 3.04
3.00 2.98
3.50 4.39
3.50 2.92
3.50 4.41
3.50 2.85
3.50 2.87
3.50 2.90
3.50 2.83
3.50 4.41
3.50 2.92
3.50 4.45
3.50 4.45
3.50 4.43
3.50 2.87
3.50 2.90
3.50 4.38
3.50 4.43
4.00 2.72
4.00 2.80
4.00 4.52
4.00 4.47
4.00 4.49
4.00 2.72
4.00 4.49
4.00 4.52
4.00 2.76
4.00 4.56
4.00 2.74
4.00 4.47
4.00 2.74
4.00 2.78
4.00 2.80
4.00 4.56
4.50 2.65
4.50 2.69
4.50 4.59
4.50 4.66
4.50 2.66
4.50 4.68
4.50 2.67
4.50 4.68
4.50 4.61
4.50 2.70
4.50 4.66
4.50 2.65
4.50 4.64
4.50 2.70
4.50 2.67
4.50 2.69
5.00 2.72
5.00 4.18
5.00 5.00
5.00 2.48
5.00 2.74
5.00 5.00
5.00 4.53
5.00 5.00
5.00 2.25
5.00 2.70
5.00 2.27
5.00 4.65
5.00 5.00
5.00 2.38
5.00 4.46
5.00 5.00
5.00 5.00
5.00 4.81
5.00 5.00
5.00 4.82
5.00 5.00
5.00 3.78
5.00 5.00
5.00 5.00
5.00 2.61
5.00 5.00
5.00 5.00
5.00 2.27
5.00 2.25
5.00 5.00
5.00 5.00
5.00 2.75
5.00 5.00
5.00 5.00
5.00 4.59
5.00 5.00
5.00 5.00
5.00 4.04
5.00 4.01
5.00 5.00
5.00 4.62
5.00 2.64
5.00 4.53
5.00 2.40
5.00 5.00
5.00 4.78
5.00 5.00
5.00 5.00
0.00 1.18
0.00 0.91
0.00 1.18
0.00 1.36
0.00 1.09
0.00 0.91
0.00 1.12
0.00 1.09
0.00 1.23
0.00 1.67
0.00 1.23
0.00 1.51
0.00 1.67
0.00 1.00
0.00 1.29
0.00 1.29
0.50 2.17
0.50 2.04
0.50 1.80
0.50 1.68
0.50 2.17
0.50 1.92
0.50 1.68
0.50 2.04
0.50 1.92
0.50 1.80
1.00 2.54
1.00 2.35
1.00 2.96
1.00 2.74
1.00 3.21
1.00 2.96
1.00 2.35
1.00 2.74
1.00 3.21
1.00 2.54
1.50 4.01
1.50 3.45
1.50 3.72
1.50 4.67
1.50 4.67
1.50 4.01
1.50 4.32
1.50 3.45
1.50 3.72
1.50 4.32
2.00 4.65
2.00 4.66
2.00 4.66
2.00 4.65
2.00 4.65
2.00 4.65
2.00 4.65
2.00 4.65
2.00 4.66
2.00 4.66
2.50 4.77
2.50 4.71
2.50 4.69
2.50 4.69
2.50 4.71
2.50 4.77
2.50 4.74
2.50 4.67
2.50 4.74
2.50 4.67
3.00 4.97
3.00 4.88
3.00 4.92
3.00 4.84
3.00 4.97
3.00 4.84
3.00 4.80
3.00 4.92
3.00 4.88
3.00 4.80
3.50 5.00
3.50 5.00
3.50 5.00
3.50 5.00
3.50 5.00
3.50 5.00
3.50 5.00
3.50 5.00
3.50 5.00
3.50 5.00
4.00 5.00
4.00 5.00
4.00 5.00
4.00 5.00
4.00 5.00
4.00 5.00
4.00 5.00
4.00 5.00
4.00 5.00
4.00 5.00
4.50 5.00
4.50 5.00
4.50 5.00
4.50 5.00
4.50 5.00
4.50 5.00
4.50 5.00
4.50 5.00
4.50 5.00
4.50 5.00
5.00 5.00
5.00 5.00
5.00 5.00
5.00 5.00
5.00 5.00
5.00 5.00
5.00 5.00
5.00 5.00
5.00 4.67
5.00 5.00
5.00 5.00
5.00 5.00
5.00 5.00
5.00 5.00
5.00 5.00
5.00 5.00
5.00 5.00
5.00 5.00
5.00 5.00
5.00 5.00
5.00 5.00
5.00 5.00
5.00 5.00
5.00 5.00
5.00 5.00
5.00 5.00
5.00 5.00
5.00 5.00
5.00 5.00
5.00 5.00
0.00 1.56
0.00 1.56
0.00 1.36
0.00 1.16
0.00 1.26
0.00 1.16
0.00 1.46
0.00 1.26
0.00 1.46
0.00 1.36
0.50 1.70
0.50 1.78
0.50 1.74
0.50 2.29
0.50 1.81
1.00 1.82
1.00 2.94
1.00 1.91
1.00 1.99
1.00 2.71
1.50 4.05
1.50 3.74
1.50 4.74
1.50 2.07
1.50 4.78
2.00 4.65
2.00 4.68
2.00 4.66
2.00 4.71
2.00 2.09
2.50 1.97
2.50 4.71
2.50 4.67
2.50 4.66
2.50 1.92
3.00 1.85
3.00 1.87
3.00 4.79
3.00 1.86
3.00 1.89
3.50 1.81
3.50 1.83
3.50 5.00
3.50 1.80
3.50 5.00
4.00 5.00
4.00 1.78
4.00 5.00
4.00 5.00
4.00 5.00
5.00 5.00
5.00 4.10
5.00 3.03
5.00 5.00
5.00 5.00
5.00 5.00
5.00 5.00
5.00 5.00
5.00 3.52
5.00 4.52
5.00 5.00
5.00 5.00
5.00 5.00
5.00 3.90
5.00 5.00
0.00 1.20
0.00 1.30
0.00 1.53
0.00 1.10
0.00 1.40
4.50 5.00
4.50 5.00
4.50 5.00
4.50 5.00
4.50 5.00
0.50 1.87
0.50 2.00
0.50 2.00
0.50 1.89
0.50 1.89
0.50 1.61
0.50 1.49
0.50 1.35
0.50 1.61
0.50 1.74
0.50 1.49
0.50 1.61
0.50 1.48
0.50 1.75
0.50 1.87
1.00 2.35
1.00 2.70
1.00 2.54
1.00 2.50
1.00 2.15
1.00 2.50
1.00 2.19
1.00 2.69
1.00 2.32
1.00 2.69
1.00 2.70
1.00 2.54
1.00 2.90
1.00 2.03
1.00 2.90
1.50 3.52
1.50 3.44
1.50 2.88
1.50 3.88
1.50 3.36
1.50 3.61
1.50 3.88
1.50 4.18
1.50 3.08
1.50 3.29
1.50 3.13
1.50 3.61
1.50 3.44
1.50 3.29
1.50 3.13
2.00 3.24
2.00 3.18
2.00 3.12
2.00 4.56
2.00 4.53
2.00 4.53
2.00 3.24
2.00 3.18
2.00 4.50
2.00 3.37
2.00 4.51
2.00 3.30
2.00 3.30
2.00 4.50
2.00 3.12
2.50 2.98
2.50 3.07
2.50 4.63
2.50 4.59
2.50 4.73
2.50 2.90
2.50 3.02
2.50 3.07
2.50 4.68
2.50 4.59
2.50 2.90
2.50 4.73
2.50 4.79
2.50 4.63
2.50 2.94
3.00 4.94
3.00 2.86
3.00 2.83
3.00 2.79
3.00 4.86
3.00 2.79
3.00 4.94
3.00 2.83
3.00 2.86
3.00 4.86
3.00 5.00
3.00 2.73
3.00 5.00
3.00 2.76
3.00 5.00
5.00 2.40
5.00 2.63
5.00 1.99
5.00 3.33
5.00 3.84
5.00 5.00
5.00 5.00
5.00 2.12
5.00 3.50
5.00 2.68
5.00 5.00
5.00 2.56
5.00 2.80
5.00 3.27
5.00 3.38
5.00 3.46
5.00 2.61
5.00 2.03
5.00 2.69
5.00 5.00
5.00 2.41
5.00 5.00
5.00 5.00
5.00 5.00
5.00 5.00
5.00 2.99
5.00 3.76
5.00 3.77
5.00 1.99
5.00 3.73
5.00 5.00
5.00 5.00
5.00 5.00
5.00 5.00
5.00 2.85
5.00 5.00
5.00 2.29
5.00 3.15
5.00 2.99
5.00 3.64
5.00 4.88
5.00 3.84
5.00 3.13
5.00 3.75
5.00 3.84
0.00 0.92
0.00 0.82
0.00 1.24
0.00 1.24
0.00 1.39
0.00 0.99
0.00 0.92
0.00 1.09
0.00 1.39
0.00 0.82
0.00 0.99
0.00 1.19
0.00 1.13
0.00 1.19
0.00 1.02
3.50 2.65
3.50 2.62
3.50 2.70
3.50 2.60
3.50 5.00
3.50 2.60
3.50 2.70
3.50 2.65
3.50 5.00
3.50 5.00
3.50 2.67
3.50 5.00
3.50 5.00
3.50 2.62
3.50 2.67
4.00 5.00
4.00 2.58
4.00 2.56
4.00 2.51
4.00 2.54
4.00 2.54
4.00 5.00
4.00 5.00
4.00 2.53
4.00 5.00
4.00 2.56
4.00 2.58
4.00 2.51
4.00 5.00
4.00 2.53
4.50 2.49
4.50 2.47
4.50 2.47
4.50 5.00
4.50 5.00
4.50 5.00
4.50 2.50
4.50 2.47
4.50 2.48
4.50 2.48
4.50 5.00
4.50 2.50
4.50 2.47
4.50 2.49
4.50 5.00
0.50 1.94
0.50 2.52
0.50 2.52
0.50 1.94
0.50 1.75
0.50 1.75
0.50 2.31
0.50 2.11
0.50 2.11
0.50 2.31
1.00 3.85
1.00 3.01
1.00 2.75
1.00 3.85
1.00 3.26
1.00 3.01
1.00 3.54
1.00 2.75
1.00 3.26
1.00 3.54
1.50 4.33
1.50 4.41
1.50 4.20
1.50 4.59
1.50 4.49
1.50 4.20
1.50 4.59
1.50 4.41
1.50 4.33
1.50 4.49
2.00 4.21
2.00 4.21
2.00 4.12
2.00 4.16
2.00 4.27
2.00 4.08
2.00 4.08
2.00 4.12
2.00 4.16
2.00 4.27
2.50 3.99
2.50 4.05
2.50 4.01
2.50 4.01
2.50 4.03
2.50 3.98
2.50 3.99
2.50 3.98
2.50 4.03
2.50 4.05
3.00 3.97
3.00 3.97
3.00 3.97
3.00 3.97
3.00 3.97
3.00 3.97
3.00 3.97
3.00 3.97
3.00 3.97
3.00 3.97
3.50 4.00
3.50 3.99
3.50 3.98
3.50 3.97
3.50 3.97
3.50 3.99
3.50 4.00
3.50 3.99
3.50 3.98
3.50 3.99
4.00 4.03
4.00 4.01
4.00 4.04
4.00 4.02
4.00 4.03
4.00 4.01
4.00 4.03
4.00 4.03
4.00 4.04
4.00 4.02
4.50 4.05
4.50 4.05
4.50 4.05
4.50 4.04
4.50 4.05
4.50 4.04
4.50 4.04
4.50 4.05
4.50 4.04
4.50 4.05
5.00 4.02
5.00 3.92
5.00 3.58
5.00 5.00
5.00 4.00
5.00 3.93
5.00 5.00
5.00 3.66
5.00 5.00
5.00 3.65
5.00 3.96
5.00 4.07
5.00 5.00
5.00 5.00
5.00 3.92
5.00 3.59
5.00 5.00
5.00 3.62
5.00 5.00
5.00 5.00
5.00 3.57
5.00 5.00
5.00 3.71
5.00 5.00
5.00 3.57
5.00 5.00
5.00 5.00
5.00 4.25
5.00 5.00
5.00 5.00
0.00 1.29
0.00 1.15
0.00 1.01
0.00 1.59
0.00 1.59
0.00 1.43
0.00 1.43
0.00 1.01
0.00 1.29
0.00 1.15
0.50 2.06
0.50 1.22
0.50 1.14
0.50 2.59
0.50 0.99
0.50 2.16
0.50 1.07
0.50 1.79
0.50 1.31
0.50 1.14
0.50 2.16
0.50 2.11
0.50 1.07
0.50 0.99
0.50 1.98
1.00 3.68
1.00 1.62
1.00 1.84
1.00 1.41
1.00 1.73
1.00 3.11
1.00 1.51
1.00 2.28
1.00 2.22
1.00 2.45
1.00 1.62
1.00 2.34
1.00 1.51
1.00 1.41
1.00 2.84
1.50 2.56
1.50 4.81
1.50 2.44
1.50 2.06
1.50 2.44
1.50 4.62
1.50 2.32
1.50 2.19
1.50 2.32
1.50 2.53
1.50 2.06
1.50 1.95
1.50 4.39
1.50 2.50
1.50 2.19
2.00 2.93
2.00 2.35
2.00 2.42
2.00 2.38
2.00 2.56
2.00 4.41
2.00 2.93
2.00 2.32
2.00 2.44
2.00 2.83
2.00 4.36
2.00 2.69
2.00 4.47
2.00 2.97
2.00 2.97
2.50 2.84
2.50 4.21
2.50 4.23
2.50 2.84
2.50 2.87
2.50 4.03
2.50 2.22
2.50 4.06
2.50 2.79
2.50 2.19
2.50 2.79
2.50 2.29
2.50 2.87
2.50 2.90
2.50 2.81
3.00 2.16
3.00 2.73
3.00 2.75
3.00 2.11
3.00 4.19
3.00 2.77
3.00 4.20
3.00 4.22
3.00 4.24
3.00 2.71
3.00 2.14
3.00 2.75
3.00 2.71
3.00 2.07
3.00 2.73
3.50 4.26
3.50 2.64
3.50 2.01
3.50 4.31
3.50 2.65
3.50 2.65
3.50 2.68
3.50 2.66
3.50 2.64
3.50 2.04
3.50 2.66
3.50 2.64
3.50 1.97
3.50 2.64
3.50 1.99
4.00 2.63
4.00 2.63
4.00 2.63
4.00 2.63
4.00 2.63
4.00 4.51
4.00 4.40
4.00 4.44
4.00 1.96
4.00 2.63
4.00 2.63
4.00 4.55
4.00 1.94
4.00 4.47
4.00 2.63
4.50 2.65
4.50 2.65
4.50 2.67
4.50 4.67
4.50 2.64
4.50 4.63
4.50 2.63
4.50 2.63
4.50 2.66
4.50 2.66
4.50 2.64
4.50 2.67
4.50 4.71
4.50 4.59
4.50 4.76
0.00 0.99
0.00 0.85
0.00 0.99
0.00 1.30
0.00 1.61
0.00 1.45
0.00 0.92
0.00 0.92
0.00 0.85
0.00 0.85
0.00 1.16
0.00 1.02
0.00 1.45
0.00 1.02
0.00 1.30
5.00 2.55
5.00 4.75
5.00 5.00
5.00 2.10
5.00 2.63
5.00 4.39
5.00 5.00
5.00 4.53
5.00 3.48
5.00 4.49
5.00 4.81
5.00 2.79
5.00 4.56
5.00 4.12
5.00 3.66
5.00 5.00
5.00 2.76
5.00 5.00
5.00 3.35
5.00 5.00
5.00 4.58
5.00 2.26
5.00 2.56
5.00 2.72
5.00 5.00
5.00 1.99
5.00 2.44
5.00 3.23
5.00 4.49
5.00 4.27
5.00 5.00
5.00 3.99
5.00 5.00
5.00 4.95
5.00 4.10
5.00 5.00
5.00 3.29
5.00 3.88
5.00 2.39
5.00 5.00
5.00 5.00
5.00 4.92
5.00 5.00
5.00 5.00
5.00 5.00
0.50 1.72
0.50 2.21
0.50 1.78
0.50 2.04
0.50 1.56
0.50 1.88
0.50 2.21
0.50 1.72
0.50 1.56
0.50 1.63
0.50 1.88
0.50 1.91
0.50 1.38
0.50 2.04
0.50 1.50
0.50 1.91
1.00 2.55
1.00 2.72
1.00 3.03
1.00 2.55
1.00 2.82
1.00 2.31
1.00 2.37
1.00 2.40
1.00 2.05
1.00 2.72
1.00 2.55
1.00 2.21
1.00 2.49
1.00 2.05
1.00 2.60
1.00 2.37
1.50 3.45
1.50 3.09
1.50 2.61
1.50 2.73
1.50 2.90
1.50 3.30
1.50 3.52
1.50 4.02
1.50 3.52
1.50 3.96
1.50 4.09
1.50 2.73
1.50 2.73
1.50 2.67
1.50 3.45
1.50 3.79
2.00 3.33
2.00 3.22
2.00 2.73
2.00 2.73
2.00 2.74
2.00 2.73
2.00 3.39
2.00 3.33
2.00 3.73
2.00 3.76
2.00 3.85
2.00 2.73
2.00 3.90
2.00 3.22
2.00 3.80
2.00 3.27
2.50 3.08
2.50 2.97
2.50 3.64
2.50 2.77
2.50 2.74
2.50 3.66
2.50 2.76
2.50 2.76
2.50 3.61
2.50 2.75
2.50 3.69
2.50 3.59
2.50 3.13
2.50 3.08
2.50 3.05
2.50 3.13
3.00 2.80
3.00 3.52
3.00 2.90
3.00 2.94
3.00 2.78
3.00 3.57
3.00 3.55
3.00 2.84
3.00 2.87
3.00 3.54
3.00 2.84
3.00 2.87
3.00 2.81
3.00 2.83
3.00 2.81
3.00 2.81
3.50 2.93
3.50 3.48
3.50 2.74
3.50 3.45
3.50 2.71
3.50 3.49
3.50 2.71
3.50 2.79
3.50 3.46
3.50 2.76
3.50 2.90
3.50 2.79
3.50 2.69
3.50 2.88
3.50 2.69
3.50 2.74
4.00 2.62
4.00 2.63
4.00 3.43
4.00 2.65
4.00 2.67
4.00 3.44
4.00 2.65
4.00 3.02
4.00 3.13
4.00 2.67
4.00 3.09
4.00 2.62
4.00 2.63
4.00 3.05
4.00 2.60
4.00 2.98
4.50 2.56
4.50 2.55
4.50 2.58
4.50 3.39
4.50 3.28
4.50 2.59
4.50 3.33
4.50 3.39
4.50 3.39
4.50 2.59
4.50 2.58
4.50 2.57
4.50 2.56
4.50 2.55
4.50 3.17
4.50 2.57
5.00 5.00
5.00 2.54
5.00 2.99
5.00 2.45
5.00 2.46
5.00 5.00
5.00 2.46
5.00 5.00
5.00 2.46
5.00 2.64
5.00 3.40
5.00 3.39
5.00 2.46
5.00 2.77
5.00 5.00
5.00 2.77
5.00 5.00
5.00 5.00
5.00 2.46
5.00 5.00
5.00 2.46
5.00 2.64
5.00 2.70
5.00 2.77
5.00 2.76
5.00 5.00
5.00 5.00
5.00 5.00
5.00 2.65
5.00 3.30
5.00 2.25
5.00 3.15
5.00 5.00
5.00 2.47
5.00 3.42
5.00 2.53
5.00 2.67
5.00 5.00
5.00 2.53
5.00 2.53
5.00 2.27
5.00 2.43
5.00 2.46
5.00 2.57
5.00 5.00
5.00 2.41
5.00 2.93
5.00 2.42
0.00 0.61
0.00 1.26
0.00 0.58
0.00 1.15
0.00 0.59
0.00 1.05
0.00 0.95
0.00 1.29
0.00 1.05
0.00 1.42
0.00 1.16
0.00 1.26
0.00 0.96
0.00 0.95
0.00 1.42
0.00 0.87
0.50 2.10
0.50 2.29
0.50 1.74
0.50 1.93
0.50 1.93
0.50 2.50
0.50 1.74
0.50 2.50
0.50 2.10
0.50 2.29
1.00 2.73
1.00 2.99
1.00 3.76
1.00 3.48
1.00 3.22
1.00 2.73
1.00 3.76
1.00 2.99
1.00 3.22
1.00 3.48
1.50 4.41
1.50 4.07
1.50 4.34
1.50 4.07
1.50 4.41
1.50 4.34
1.50 4.28
1.50 4.28
1.50 4.41
1.50 4.41
2.00 4.15
2.00 4.19
2.00 4.23
2.00 4.12
2.00 4.15
2.00 4.12
2.00 4.10
2.00 4.19
2.00 4.10
2.00 4.23
2.50 4.06
2.50 4.07
2.50 4.06
2.50 4.07
2.50 4.06
2.50 4.07
2.50 4.08
2.50 4.08
2.50 4.06
2.50 4.07
3.00 4.10
3.00 4.07
3.00 4.11
3.00 4.07
3.00 4.07
3.00 4.11
3.00 4.08
3.00 4.10
3.00 4.07
3.00 4.08
3.50 4.18
3.50 4.18
3.50 4.21
3.50 4.13
3.50 4.21
3.50 4.13
3.50 4.14
3.50 4.16
3.50 4.16
3.50 4.14
4.00 4.27
4.00 4.27
4.00 4.31
4.00 4.25
4.00 4.31
4.00 4.23
4.00 4.25
4.00 4.29
4.00 4.29
4.00 4.23
4.50 4.39
4.50 4.38
4.50 4.36
4.50 4.35
4.50 4.33
4.50 4.39
4.50 4.33
4.50 4.36
4.50 4.35
4.50 4.38
5.00 5.00
5.00 2.30
5.00 2.33
5.00 4.10
5.00 2.11
5.00 2.23
5.00 2.20
5.00 2.12
5.00 4.40
5.00 4.03
5.00 5.00
5.00 2.42
5.00 4.32
5.00 4.03
5.00 2.41
5.00 5.00
5.00 2.22
5.00 4.39
5.00 5.00
5.00 4.93
5.00 5.00
5.00 2.31
5.00 2.57
5.00 2.21
5.00 5.00
5.00 5.00
5.00 4.04
5.00 5.00
5.00 2.29
5.00 5.00
0.00 1.42
0.00 1.00
0.00 1.42
0.00 1.27
0.00 1.58
0.00 1.14
0.00 1.27
0.00 1.14
0.00 1.00
0.00 1.58
0.50 2.19
0.50 2.40
0.50 2.62
0.50 1.54
0.50 1.42
0.50 1.80
0.50 2.01
0.50 1.82
0.50 1.66
0.50 1.80
1.00 2.07
1.00 2.40
1.00 3.42
1.00 3.72
1.00 2.23
1.00 3.42
1.00 2.87
1.00 2.77
1.00 2.23
1.00 2.58
1.50 4.89
1.50 3.17
1.50 3.85
1.50 4.79
1.50 4.79
1.50 3.61
1.50 4.45
1.50 4.72
1.50 4.65
1.50 3.85
2.00 4.03
2.00 4.51
2.00 4.51
2.00 4.08
2.00 4.08
2.00 4.48
2.00 4.11
2.00 4.46
2.00 4.46
2.00 4.59
2.50 3.98
2.50 4.44
2.50 3.90
2.50 4.44
2.50 4.48
2.50 3.96
2.50 3.92
2.50 3.98
2.50 3.94
2.50 3.90
3.00 4.54
3.00 3.81
3.00 3.85
3.00 3.82
3.00 4.62
3.00 4.53
3.00 4.58
3.00 4.28
3.00 3.87
3.00 4.58
5.00 5.00
5.00 2.28
5.00 5.00
5.00 5.00
5.00 3.57
5.00 5.00
5.00 2.29
5.00 5.00
5.00 2.00
5.00 5.00
5.00 2.00
5.00 5.00
5.00 2.71
5.00 3.59
5.00 2.57
5.00 5.00
5.00 5.00
5.00 2.00
5.00 5.00
5.00 5.00
5.00 5.00
5.00 2.97
5.00 5.00
5.00 5.00
5.00 5.00
5.00 5.00
5.00 4.38
5.00 2.75
5.00 5.00
5.00 5.00
0.00 1.64
0.00 1.08
0.00 0.93
0.00 1.19
0.00 1.03
0.00 1.48
0.00 1.33
0.00 1.32
0.00 1.64
0.00 1.22
3.50 3.79
3.50 3.77
3.50 4.68
3.50 3.76
3.50 4.82
3.50 4.75
3.50 3.79
3.50 4.92
3.50 4.68
3.50 5.00
4.00 5.00
4.00 5.00
4.00 5.00
4.00 3.73
4.00 5.00
4.00 3.72
4.00 3.74
4.00 5.00
4.00 3.75
4.00 3.71
4.50 3.68
4.50 5.00
4.50 3.67
4.50 5.00
4.50 3.69
4.50 3.65
4.50 3.64
4.50 5.00
4.50 5.00
4.50 5.00
0.50 2.13
0.50 1.64
0.50 1.64
0.50 1.79
0.50 2.32
0.50 1.79
0.50 2.32
0.50 1.97
0.50 1.97
0.50 2.13
1.00 2.52
1.00 2.74
1.00 2.52
1.00 2.74
1.00 3.21
1.00 2.98
1.00 3.47
1.00 2.98
1.00 3.47
1.00 3.21
1.50 4.06
1.50 4.06
1.50 4.24
1.50 3.75
1.50 4.41
1.50 3.75
1.50 4.32
1.50 4.32
1.50 4.24
1.50 4.41
2.00 3.99
2.00 4.17
2.00 4.10
2.00 4.17
2.00 4.05
2.00 3.94
2.00 3.99
2.00 3.94
2.00 4.05
2.00 4.10
2.50 3.90
2.50 3.82
2.50 3.86
2.50 3.90
2.50 3.76
2.50 3.86
2.50 3.82
2.50 3.79
2.50 3.76
2.50 3.79
3.00 3.70
3.00 3.73
3.00 3.62
3.00 3.65
3.00 3.70
3.00 3.67
3.00 3.62
3.00 3.65
3.00 3.67
3.00 3.73
3.50 3.53
3.50 3.50
3.50 3.57
3.50 3.53
3.50 3.55
3.50 3.60
3.50 3.50
3.50 3.60
3.50 3.55
3.50 3.57
4.00 3.38
4.00 3.43
4.00 3.45
4.00 3.48
4.00 3.48
4.00 3.45
4.00 3.38
4.00 3.40
4.00 3.43
4.00 3.40
4.50 3.28
4.50 3.33
4.50 3.33
4.50 3.25
4.50 3.35
4.50 3.30
4.50 3.30
4.50 3.28
4.50 3.35
4.50 3.25
5.00 2.94
5.00 2.90
5.00 5.00
5.00 4.56
5.00 5.00
5.00 3.44
5.00 5.00
5.00 4.66
5.00 5.00
5.00 5.00
5.00 3.14
5.00 3.60
5.00 3.01
5.00 2.63
5.00 2.50
5.00 2.12
5.00 2.44
5.00 5.00
5.00 5.00
5.00 2.91
5.00 3.72
5.00 5.00
5.00 5.00
5.00 5.00
5.00 4.62
5.00 2.86
5.00 2.39
5.00 5.00
5.00 5.00
5.00 5.00
0.00 1.04
0.00 1.22
0.00 1.35
0.00 1.49
0.00 1.49
0.00 1.04
0.00 1.35
0.00 1.22
0.00 1.13
0.00 1.13
0.50 1.97
0.50 1.71
0.50 1.84
0.50 1.97
0.50 1.79
0.50 1.65
0.50 1.53
0.50 1.59
0.50 1.59
0.50 2.11
0.50 1.84
0.50 2.11
0.50 1.71
0.50 1.29
0.50 1.41
1.00 3.10
1.00 2.66
1.00 2.50
1.00 2.34
1.00 2.50
1.00 2.28
1.00 2.87
1.00 2.05
1.00 2.28
1.00 2.05
1.00 2.19
1.00 2.19
1.00 3.10
1.00 2.87
1.00 2.46
1.50 2.99
1.50 3.58
1.50 3.36
1.50 3.86
1.50 3.33
1.50 3.17
1.50 3.58
1.50 3.36
1.50 4.48
1.50 2.81
1.50 4.15
1.50 2.81
1.50 3.33
1.50 2.99
1.50 2.65
2.00 4.44
2.00 4.43
2.00 3.31
2.00 3.31
2.00 3.13
2.00 4.44
2.00 4.43
2.00 4.43
2.00 4.43
2.00 4.43
2.00 3.21
2.00 3.26
2.00 3.17
2.00 4.43
2.00 3.26
2.50 4.48
2.50 3.02
2.50 2.98
2.50 3.09
2.50 4.45
2.50 4.44
2.50 4.47
2.50 3.02
2.50 2.98
2.50 2.95
2.50 4.45
2.50 4.43
2.50 3.09
2.50 4.43
2.50 4.47
3.00 2.86
3.00 2.83
3.00 2.81
3.00 4.55
3.00 4.53
3.00 4.55
3.00 4.53
3.00 2.81
3.00 4.60
3.00 4.57
3.00 2.89
3.00 2.86
3.00 2.89
3.00 4.57
3.00 2.92
3.50 4.71
3.50 2.76
3.50 2.76
3.50 4.71
3.50 4.74
3.50 4.68
3.50 4.68
3.50 2.69
3.50 2.72
3.50 4.63
3.50 2.72
3.50 4.66
3.50 2.69
3.50 2.78
3.50 4.66
4.00 2.66
4.00 2.63
4.00 4.82
4.00 4.77
4.00 2.61
4.00 2.61
4.00 2.63
4.00 2.66
4.00 4.82
4.00 2.64
4.00 2.64
4.00 4.85
4.00 4.88
4.00 4.85
4.00 2.67
4.50 4.94
4.50 4.92
4.50 2.57
4.50 2.58
4.50 4.97
4.50 4.90
4.50 4.94
4.50 4.96
4.50 2.60
4.50 4.97
4.50 4.92
4.50 2.58
4.50 2.57
4.50 2.57
4.50 2.59
5.00 2.14
5.00 2.53
5.00 5.00
5.00 1.43
5.00 4.73
5.00 5.00
5.00 1.75
5.00 2.62
5.00 5.00
5.00 3.67
5.00 4.48
5.00 2.60
5.00 5.00
5.00 5.00
5.00 2.54
5.00 5.00
5.00 5.00
5.00 5.00
5.00 2.77
5.00 4.08
5.00 5.00
5.00 1.69
5.00 4.29
5.00 2.69
5.00 4.12
5.00 2.58
5.00 2.57
5.00 4.88
5.00 5.00
5.00 1.52
5.00 2.58
5.00 5.00
5.00 5.00
5.00 4.98
5.00 5.00
5.00 5.00
5.00 5.00
5.00 5.00
5.00 5.00
5.00 5.00
5.00 5.00
5.00 5.00
5.00 2.77
5.00 4.51
5.00 5.00
0.00 0.86
0.00 1.18
0.00 1.37
0.00 1.08
0.00 1.08
0.00 1.19
0.00 1.19
0.00 1.18
0.00 1.11
0.00 0.94
0.00 0.86
0.00 1.28
0.00 1.37
0.00 1.03
0.00 1.47
0.50 1.56
0.50 1.56
0.50 2.20
0.50 2.03
0.50 1.71
1.00 2.57
1.00 3.23
1.00 2.57
1.00 3.00
1.00 2.78
1.50 3.73
1.50 4.02
1.50 3.47
1.50 4.02
1.50 3.73
2.00 4.29
2.00 4.29
2.00 4.29
2.00 4.30
2.00 4.28
2.50 4.28
2.50 4.28
2.50 4.28
2.50 4.28
2.50 4.29
3.00 4.27
3.00 4.27
3.00 4.26
3.00 4.27
3.00 4.26
5.00 3.49
5.00 4.26
5.00 5.00
5.00 3.43
5.00 5.00
5.00 3.36
5.00 5.00
5.00 3.41
5.00 5.00
5.00 3.36
5.00 3.84
5.00 3.37
5.00 5.00
5.00 5.00
5.00 4.23
0.00 1.42
0.00 1.19
0.00 1.09
0.00 0.99
0.00 1.09
3.50 4.31
3.50 4.29
3.50 4.32
3.50 4.28
3.50 4.27
4.00 4.33
4.00 4.34
4.00 4.36
4.00 4.36
4.00 4.35
4.50 4.37
4.50 4.37
4.50 4.37
4.50 4.37
4.50 4.37
0.50 1.60
0.50 1.48
0.50 1.74
0.50 1.27
0.50 1.38
0.50 1.74
0.50 1.27
1.00 2.50
1.00 1.88
1.00 2.18
1.00 1.88
1.00 2.50
1.00 2.34
1.00 2.34
1.50 3.27
1.50 2.87
1.50 2.68
1.50 3.48
1.50 2.68
1.50 3.48
1.50 3.07
2.00 4.23
2.00 4.23
2.00 3.71
2.00 3.71
2.00 4.21
2.00 4.25
2.00 4.21
2.50 4.37
2.50 4.41
2.50 4.31
2.50 4.34
2.50 4.31
2.50 4.41
2.50 4.28
3.00 4.57
3.00 4.62
3.00 4.53
3.00 4.49
3.00 4.62
3.00 4.45
3.00 4.45
3.50 4.81
3.50 4.71
3.50 4.71
3.50 4.67
3.50 4.76
3.50 4.76
3.50 4.67
4.00 4.99
4.00 5.00
4.00 4.90
4.00 4.95
4.00 4.95
4.00 4.99
4.00 5.00
4.50 5.00
4.50 5.00
4.50 5.00
4.50 5.00
4.50 5.00
4.50 5.00
4.50 5.00
5.00 5.00
5.00 5.00
5.00 2.14
5.00 5.00
5.00 5.00
5.00 2.27
5.00 5.00
5.00 2.06
5.00 5.00
5.00 1.78
5.00 5.00
5.00 3.87
5.00 5.00
5.00 5.00
5.00 2.17
5.00 5.00
5.00 5.00
5.00 5.00
5.00 5.00
5.00 5.00
5.00 2.14
0.00 1.07
0.00 1.07
0.00 0.97
0.00 0.97
0.00 0.97
0.00 0.97
0.00 1.17
0.50 1.70
0.50 1.50
0.50 1.92
0.50 1.60
0.50 1.80
0.50 1.92
0.50 1.70
0.50 1.60
0.50 1.50
0.50 1.80
1.00 2.33
1.00 2.06
1.00 2.47
1.00 2.19
1.00 2.47
1.00 2.06
1.00 2.87
1.00 2.87
1.00 2.33
1.00 2.19
1.50 4.03
1.50 3.37
1.50 4.96
1.50 5.00
1.50 4.96
1.50 5.00
1.50 5.00
1.50 3.37
1.50 4.03
1.50 5.00
2.00 5.00
2.00 5.00
2.00 5.00
2.00 5.00
2.00 5.00
2.00 5.00
2.00 5.00
2.00 5.00
2.00 5.00
2.00 5.00
2.50 5.00
2.50 5.00
2.50 5.00
2.50 5.00
2.50 5.00
2.50 5.00
2.50 5.00
2.50 5.00
2.50 5.00
2.50 5.00
3.00 5.00
3.00 5.00
3.00 5.00
3.00 5.00
3.00 5.00
3.00 5.00
3.00 5.00
3.00 5.00
3.00 5.00
3.00 5.00
3.50 5.00
3.50 5.00
3.50 5.00
3.50 5.00
3.50 5.00
3.50 5.00
3.50 5.00
3.50 5.00
3.50 5.00
3.50 5.00
4.00 5.00
4.00 5.00
4.00 5.00
4.00 5.00
4.00 5.00
4.00 5.00
4.00 5.00
4.00 5.00
4.00 5.00
4.00 5.00
4.50 5.00
4.50 5.00
4.50 5.00
4.50 5.00
4.50 5.00
4.50 5.00
4.50 5.00
4.50 5.00
4.50 5.00
4.50 5.00
5.00 5.00
5.00 5.00
5.00 5.00
5.00 5.00
5.00 5.00
5.00 5.00
5.00 5.00
5.00 5.00
5.00 5.00
5.00 5.00
5.00 5.00
5.00 4.53
5.00 5.00
5.00 5.00
5.00 5.00
5.00 5.00
5.00 5.00
5.00 5.00
5.00 5.00
5.00 4.05
5.00 4.99
5.00 5.00
5.00 5.00
5.00 5.00
5.00 5.00
5.00 5.00
5.00 5.00
5.00 5.00
5.00 5.00
5.00 3.35
0.00 1.40
0.00 1.40
0.00 1.30
0.00 1.00
0.00 1.20
0.00 1.10
0.00 1.10
0.00 1.30
0.00 1.00
0.00 1.20
0.50 2.08
0.50 1.92
0.50 1.47
0.50 2.08
0.50 1.77
0.50 1.92
0.50 1.62
1.00 2.66
1.00 2.45
1.00 3.06
1.00 2.45
1.00 2.66
1.00 2.85
1.00 2.26
1.50 3.83
1.50 3.72
1.50 3.72
1.50 3.63
1.50 3.55
1.50 3.30
1.50 3.83
2.00 3.39
2.00 3.32
2.00 3.46
2.00 3.54
2.00 3.25
2.00 3.25
2.00 3.32
2.50 2.99
2.50 3.04
2.50 3.04
2.50 3.19
2.50 3.08
2.50 3.13
2.50 3.19
3.00 2.91
3.00 2.85
3.00 2.81
3.00 2.81
3.00 2.88
3.00 2.91
3.00 2.95
3.50 2.79
3.50 2.74
3.50 2.76
3.50 2.76
3.50 2.74
3.50 2.71
3.50 2.69
4.00 2.62
4.00 2.68
4.00 2.62
4.00 2.63
4.00 2.68
4.00 2.66
4.00 2.64
4.50 2.60
4.50 2.61
4.50 2.61
4.50 2.59
4.50 2.59
4.50 2.60
4.50 2.59
5.00 5.00
5.00 2.66
5.00 5.00
5.00 5.00
5.00 2.60
5.00 5.00
5.00 2.72
5.00 2.59
5.00 2.59
5.00 2.59
5.00 5.00
5.00 5.00
5.00 2.68
5.00 2.69
5.00 2.60
5.00 2.59
5.00 5.00
5.00 2.63
5.00 5.00
5.00 5.00
5.00 2.74
0.00 1.34
0.00 0.97
0.00 0.97
0.00 1.21
0.00 1.21
0.00 0.85
0.00 0.85
0.50 1.56
0.50 1.35
0.50 1.45
0.50 1.56
0.50 2.03
0.50 1.88
0.50 1.68
0.50 1.35
0.50 1.75
0.50 2.03
0.50 1.88
0.50 1.79
0.50 1.60
0.50 1.47
0.50 1.68
0.50 1.45
0.50 1.79
1.00 2.36
1.00 2.53
1.00 2.19
1.00 2.05
1.00 2.55
1.00 1.92
1.00 2.72
1.00 1.92
1.00 2.36
1.00 2.90
1.00 2.20
1.00 2.72
1.00 2.53
1.00 2.36
1.00 2.19
1.00 2.55
1.00 2.90
1.50 3.40
1.50 3.32
1.50 3.40
1.50 2.71
1.50 3.10
1.50 2.88
1.50 3.47
1.50 3.26
1.50 3.56
1.50 3.56
1.50 3.32
1.50 2.71
1.50 3.06
1.50 3.06
1.50 3.47
1.50 3.26
1.50 3.10
2.00 3.52
2.00 3.60
2.00 3.26
2.00 3.64
2.00 3.20
2.00 3.69
2.00 3.56
2.00 3.33
2.00 3.09
2.00 3.33
2.00 3.60
2.00 3.69
2.00 3.26
2.00 3.20
2.00 3.56
2.00 3.64
2.00 3.09
2.50 2.99
2.50 2.87
2.50 2.95
2.50 2.87
2.50 3.46
2.50 3.37
2.50 3.04
2.50 2.99
2.50 3.37
2.50 2.91
2.50 3.49
2.50 3.39
2.50 3.49
2.50 3.46
2.50 2.95
2.50 2.91
2.50 3.43
3.00 3.31
3.00 2.77
3.00 2.80
3.00 3.31
3.00 2.83
3.00 3.26
3.00 3.23
3.00 2.71
3.00 3.23
3.00 3.28
3.00 2.71
3.00 2.80
3.00 2.83
3.00 2.77
3.00 3.34
3.00 2.73
3.00 3.26
3.50 3.18
3.50 2.63
3.50 3.10
3.50 2.68
3.50 3.13
3.50 3.18
3.50 3.20
3.50 3.13
3.50 3.10
3.50 2.68
3.50 2.59
3.50 2.61
3.50 2.59
3.50 3.20
3.50 2.65
3.50 2.63
3.50 2.65
4.00 2.52
4.00 2.98
4.00 3.08
4.00 3.03
4.00 3.03
4.00 2.54
4.00 3.05
4.00 3.01
4.00 2.51
4.00 2.55
4.00 2.54
4.00 2.52
4.00 2.57
4.00 2.55
4.00 2.57
4.00 2.51
4.00 3.05
4.50 2.49
4.50 2.96
4.50 2.92
4.50 2.50
4.50 2.49
4.50 2.94
4.50 2.50
4.50 2.48
4.50 2.49
4.50 2.90
4.50 2.88
4.50 2.88
4.50 2.48
4.50 2.48
4.50 2.48
4.50 2.94
4.50 2.96
5.00 2.52
5.00 2.43
5.00 5.00
5.00 5.00
5.00 5.00
5.00 5.00
5.00 2.47
5.00 5.00
5.00 2.70
5.00 5.00
5.00 2.63
5.00 2.81
5.00 5.00
5.00 2.81
5.00 2.69
5.00 2.76
5.00 2.59
5.00 2.53
5.00 5.00
5.00 3.93
5.00 2.76
5.00 2.59
5.00 5.00
5.00 5.00
5.00 3.95
5.00 2.82
5.00 5.00
5.00 2.53
5.00 2.73
5.00 5.00
5.00 5.00
5.00 2.48
5.00 5.00
5.00 2.33
5.00 5.00
5.00 5.00
5.00 2.80
5.00 3.94
5.00 5.00
5.00 5.00
5.00 5.00
5.00 2.79
5.00 5.00
5.00 2.61
5.00 2.81
5.00 2.74
5.00 2.74
5.00 2.75
5.00 2.71
5.00 5.00
5.00 3.93
0.00 1.01
0.00 1.11
0.00 1.01
0.00 0.93
0.00 1.22
0.00 0.89
0.00 1.27
0.00 1.34
0.00 1.10
0.00 1.11
0.00 1.34
0.00 1.27
0.00 1.18
0.00 1.10
0.00 1.00
0.00 0.89
0.00 0.93
0.50 1.96
0.50 1.62
0.50 2.32
0.50 2.32
0.50 1.96
0.50 1.72
0.50 2.19
0.50 1.88
0.50 1.65
0.50 2.22
0.50 2.00
0.50 1.82
0.50 2.42
0.50 1.88
0.50 2.13
0.50 2.04
0.50 2.37
0.50 1.78
0.50 1.65
0.50 2.37
1.00 3.08
1.00 3.69
1.00 3.47
1.00 3.61
1.00 3.61
1.00 3.22
1.00 3.47
1.00 2.82
1.00 1.84
1.00 2.74
1.00 2.01
1.00 2.64
1.00 3.40
1.00 2.74
1.00 2.52
1.00 2.87
1.00 3.22
1.00 2.82
1.00 1.75
1.00 3.33
1.50 4.78
1.50 3.76
1.50 4.01
1.50 4.25
1.50 1.67
1.50 3.91
1.50 4.07
1.50 4.31
1.50 4.36
1.50 4.57
1.50 3.91
1.50 4.63
1.50 1.46
1.50 1.53
1.50 4.36
1.50 4.63
1.50 4.52
1.50 3.76
1.50 4.07
1.50 4.70
2.00 1.20
2.00 4.39
2.00 4.57
2.00 4.19
2.00 4.24
2.00 4.47
2.00 4.24
2.00 4.48
2.00 4.45
2.00 4.27
2.00 1.22
2.00 4.39
2.00 4.22
2.00 4.40
2.00 4.22
2.00 1.24
2.00 1.28
2.00 4.20
2.00 4.27
2.00 4.20
2.50 1.19
2.50 4.18
2.50 4.34
2.50 4.18
2.50 4.39
2.50 4.39
2.50 4.41
2.50 4.41
2.50 4.18
2.50 4.18
2.50 4.40
2.50 4.33
2.50 4.39
2.50 1.20
2.50 4.40
2.50 4.18
2.50 1.22
2.50 4.18
2.50 4.39
2.50 4.39
3.00 4.55
3.00 1.48
3.00 4.32
3.00 4.55
3.00 1.31
3.00 4.24
3.00 4.22
3.00 1.36
3.00 4.46
3.00 4.22
3.00 4.20
3.00 1.54
3.00 4.26
3.00 4.21
3.00 1.42
3.00 4.46
3.00 4.48
3.00 4.24
3.00 4.26
3.00 4.51
3.50 4.62
3.50 4.34
3.50 4.39
3.50 4.30
3.50 4.28
3.50 4.35
3.50 4.33
3.50 4.71
3.50 4.62
3.50 4.38
3.50 4.28
3.50 4.76
3.50 4.39
3.50 4.67
3.50 4.36
3.50 4.58
3.50 4.37
3.50 4.36
3.50 4.76
3.50 4.67
5.00 5.00
5.00 5.00
5.00 5.00
5.00 5.00
5.00 3.27
5.00 4.11
5.00 3.29
5.00 5.00
5.00 4.58
5.00 4.09
5.00 5.00
5.00 3.66
5.00 5.00
5.00 4.01
5.00 5.00
5.00 5.00
5.00 3.28
5.00 5.00
5.00 5.00
5.00 5.00
5.00 5.00
5.00 5.00
5.00 5.00
5.00 5.00
5.00 5.00
5.00 5.00
5.00 5.00
5.00 4.19
5.00 5.00
5.00 5.00
5.00 5.00
5.00 3.42
5.00 5.00
5.00 2.10
5.00 5.00
5.00 5.00
5.00 5.00
5.00 5.00
5.00 5.00
5.00 3.85
5.00 4.61
5.00 5.00
5.00 5.00
5.00 5.00
5.00 5.00
5.00 5.00
5.00 5.00
5.00 2.32
5.00 5.00
5.00 5.00
5.00 3.11
5.00 5.00
5.00 5.00
5.00 5.00
5.00 4.78
5.00 5.00
5.00 5.00
5.00 5.00
5.00 5.00
5.00 3.65
0.00 1.10
0.00 1.10
0.00 1.09
0.00 1.09
0.00 1.43
0.00 1.32
0.00 1.34
0.00 1.07
0.00 1.47
0.00 0.97
0.00 1.49
0.00 0.96
0.00 0.96
0.00 1.34
0.00 1.47
0.00 1.30
0.00 1.32
0.00 1.57
0.00 1.20
0.00 1.19
4.00 4.46
4.00 4.91
4.00 4.44
4.00 4.81
4.00 4.47
4.00 4.40
4.00 4.49
4.00 4.42
4.00 4.45
4.00 4.44
4.00 4.41
4.00 5.00
4.00 4.41
4.00 4.47
4.00 4.42
4.00 4.42
4.00 4.45
4.00 4.97
4.00 4.86
4.00 4.44
4.50 4.51
4.50 4.48
4.50 4.54
4.50 5.00
4.50 4.50
4.50 4.54
4.50 4.50
4.50 4.51
4.50 5.00
4.50 4.53
4.50 5.00
4.50 5.00
4.50 4.54
4.50 4.53
4.50 4.57
4.50 4.51
4.50 4.48
4.50 5.00
4.50 4.53
4.50 4.56
0.50 1.36
0.50 1.27
0.50 1.47
0.50 1.57
0.50 1.47
0.50 1.09
0.50 1.27
0.50 1.27
0.50 1.18
0.50 1.36
0.50 1.27
0.50 1.09
0.50 1.44
0.50 1.18
0.50 1.37
1.00 1.88
1.00 1.88
1.00 1.67
1.00 2.00
1.00 1.77
1.00 1.98
1.00 1.67
1.00 2.12
1.00 2.12
1.00 1.64
1.00 1.64
1.00 1.86
1.00 1.53
1.00 1.53
1.00 1.77
1.50 2.10
1.50 2.36
1.50 2.53
1.50 2.38
1.50 2.70
1.50 2.24
1.50 2.24
1.50 2.10
1.50 2.24
1.50 2.54
1.50 2.38
1.50 2.70
1.50 2.53
1.50 2.71
1.50 2.90
2.00 2.87
2.00 3.04
2.00 3.77
2.00 2.87
2.00 3.40
2.00 3.60
2.00 3.31
2.00 3.10
2.00 3.21
2.00 3.31
2.00 3.10
2.00 3.53
2.00 3.04
2.00 4.02
2.00 3.77
2.50 3.79
2.50 3.80
2.50 3.78
2.50 3.80
2.50 3.78
2.50 3.80
2.50 4.53
2.50 4.47
2.50 4.30
2.50 3.80
2.50 3.78
2.50 4.69
2.50 4.30
2.50 4.59
2.50 3.78
3.00 3.75
3.00 3.77
3.00 5.00
3.00 5.00
3.00 3.76
3.00 3.77
3.00 3.76
3.00 3.75
3.00 3.76
3.00 4.81
3.00 3.77
3.00 4.82
3.00 4.82
3.00 3.76
3.00 3.77
3.50 3.74
3.50 3.73
3.50 3.75
3.50 5.00
3.50 5.00
3.50 3.74
3.50 3.72
3.50 5.00
3.50 3.72
3.50 5.00
3.50 3.72
3.50 5.00
3.50 3.72
3.50 3.75
3.50 3.73
4.00 3.69
4.00 5.00
4.00 3.71
4.00 5.00
4.00 5.00
4.00 3.67
4.00 3.68
4.00 3.67
4.00 5.00
4.00 3.69
4.00 3.65
4.00 3.68
4.00 5.00
4.00 3.71
4.00 3.65
4.50 3.57
4.50 5.00
4.50 4.94
4.50 5.00
4.50 3.60
4.50 3.62
4.50 3.59
4.50 3.64
4.50 5.00
4.50 5.00
4.50 3.62
4.50 3.64
4.50 3.59
4.50 3.60
4.50 3.57
5.00 3.08
5.00 2.30
5.00 5.00
5.00 3.99
5.00 2.18
5.00 2.48
5.00 2.48
5.00 5.00
5.00 5.00
5.00 2.38
5.00 2.42
5.00 5.00
5.00 5.00
5.00 5.00
5.00 2.42
5.00 2.30
5.00 4.01
5.00 5.00
5.00 5.00
5.00 2.36
5.00 5.00
5.00 2.00
5.00 2.45
5.00 2.39
5.00 5.00
5.00 5.00
5.00 2.45
5.00 2.42
5.00 2.38
5.00 5.00
5.00 5.00
5.00 2.47
5.00 2.12
5.00 3.17
5.00 5.00
5.00 2.69
5.00 2.50
5.00 5.00
5.00 2.08
5.00 2.00
5.00 2.69
5.00 5.00
5.00 3.37
5.00 2.32
5.00 2.60
0.00 1.11
0.00 1.09
0.00 1.09
0.00 1.54
0.00 2.25
0.00 1.54
0.00 1.50
0.00 1.32
0.00 1.34
0.00 1.32
0.00 1.80
0.00 1.34
0.00 1.78
0.00 1.11
0.00 1.78
0.50 1.73
0.50 2.36
0.50 2.36
0.50 1.90
0.50 2.59
0.50 1.57
0.50 1.73
0.50 1.57
0.50 2.23
0.50 2.06
0.50 1.97
0.50 1.97
0.50 2.16
0.50 2.06
0.50 2.59
0.50 1.78
0.50 1.90
0.50 2.16
0.50 1.78
1.00 3.04
1.00 4.07
1.00 2.41
1.00 2.83
1.00 3.72
1.00 3.27
1.00 4.07
1.00 3.04
1.00 2.83
1.00 2.61
1.00 2.85
1.00 3.41
1.00 3.72
1.00 2.61
1.00 2.85
1.00 3.27
1.00 3.13
1.00 3.41
1.00 2.41
1.50 3.52
1.50 4.05
1.50 4.47
1.50 4.63
1.50 3.79
1.50 4.93
1.50 3.52
1.50 4.09
1.50 4.77
1.50 3.79
1.50 4.63
1.50 4.05
1.50 4.77
1.50 4.03
1.50 4.50
1.50 4.09
1.50 4.93
1.50 4.47
1.50 4.50
2.00 3.97
2.00 4.28
2.00 4.19
2.00 3.97
2.00 3.96
2.00 3.99
2.00 3.97
2.00 3.99
2.00 4.00
2.00 4.39
2.00 4.39
2.00 4.03
2.00 4.28
2.00 4.00
2.00 4.11
2.00 4.11
2.00 3.96
2.00 4.19
2.00 3.97
2.50 3.77
2.50 3.96
2.50 3.86
2.50 3.96
2.50 3.97
2.50 3.98
2.50 3.77
2.50 3.98
2.50 3.99
2.50 3.91
2.50 3.97
2.50 3.86
2.50 3.97
2.50 3.96
2.50 3.91
2.50 3.96
2.50 3.97
2.50 3.81
2.50 3.81
3.00 4.01
3.00 4.04
3.00 4.06
3.00 3.65
3.00 4.00
3.00 4.04
3.00 4.06
3.00 3.73
3.00 3.64
3.00 3.64
3.00 4.00
3.00 3.68
3.00 3.73
3.00 3.70
3.00 3.65
3.00 3.70
3.00 4.03
3.00 3.68
3.00 4.03
3.50 4.14
3.50 3.59
3.50 3.60
3.50 4.09
3.50 3.59
3.50 4.08
3.50 4.13
3.50 3.62
3.50 3.61
3.50 3.61
3.50 4.08
3.50 4.11
3.50 3.60
3.50 3.59
3.50 3.62
3.50 4.14
3.50 4.11
3.50 3.59
3.50 4.09
4.00 4.20
4.00 3.59
4.00 4.16
4.00 3.58
4.00 4.17
4.00 3.59
4.00 3.58
4.00 4.16
4.00 4.18
4.00 3.58
4.00 4.17
4.00 3.58
4.00 4.19
4.00 3.59
4.00 3.58
4.00 3.59
4.00 3.58
4.00 4.20
4.00 4.19
4.50 4.20
4.50 3.60
4.50 3.60
4.50 3.62
4.50 4.20
4.50 3.59
4.50 3.62
4.50 4.19
4.50 4.20
4.50 3.61
4.50 3.59
4.50 3.63
4.50 4.20
4.50 4.20
4.50 4.20
4.50 3.63
4.50 3.61
4.50 4.20
4.50 4.19
5.00 5.00
5.00 4.20
5.00 1.60
5.00 3.79
5.00 5.00
5.00 2.06
5.00 1.88
5.00 1.79
5.00 5.00
5.00 2.26
5.00 4.03
5.00 2.28
5.00 5.00
5.00 5.00
5.00 4.20
5.00 2.12
5.00 5.00
5.00 4.17
5.00 1.94
5.00 1.88
5.00 5.00
5.00 5.00
5.00 5.00
5.00 2.81
5.00 4.08
5.00 5.00
5.00 5.00
5.00 3.97
5.00 2.29
5.00 2.29
5.00 0.54
5.00 3.83
5.00 5.00
5.00 1.84
5.00 4.25
5.00 5.00
5.00 5.00
5.00 2.13
5.00 5.00
5.00 4.09
5.00 1.78
5.00 4.24
5.00 0.80
5.00 1.94
5.00 1.95
5.00 4.77
5.00 2.21
5.00 3.97
5.00 4.04
5.00 4.13
5.00 0.94
5.00 4.07
5.00 5.00
5.00 1.82
5.00 4.26
5.00 1.75
5.00 1.81
0.00 1.16
0.00 1.16
0.00 1.01
0.00 1.04
0.00 1.04
0.00 1.01
0.00 1.44
0.00 1.43
0.00 0.92
0.00 1.61
0.00 1.44
0.00 1.30
0.00 1.43
0.00 1.61
0.00 1.16
0.00 1.29
0.00 1.16
0.00 0.92
0.00 1.29
0.50 1.17
0.50 1.24
0.50 1.27
0.50 1.37
0.50 1.53
0.50 1.37
0.50 1.34
0.50 1.07
0.50 1.53
0.50 1.47
0.50 1.24
0.50 1.27
1.00 1.85
1.00 1.73
1.00 2.09
1.00 1.70
1.00 1.73
1.00 1.97
1.00 1.97
1.00 2.03
1.00 1.97
1.00 1.97
1.00 1.63
1.00 1.57
3.00 4.56
3.00 4.89
3.00 5.00
3.00 4.45
3.00 5.00
3.00 4.56
3.00 4.40
3.00 2.70
3.00 4.78
3.00 4.51
3.00 4.36
3.00 5.00
3.50 4.87
3.50 5.00
3.50 4.80
3.50 5.00
3.50 4.80
3.50 5.00
3.50 4.62
3.50 5.00
3.50 4.62
3.50 4.87
3.50 4.74
3.50 4.68
4.00 5.00
4.00 5.00
4.00 5.00
4.00 5.00
4.00 4.94
4.00 5.00
4.00 5.00
4.00 4.94
4.00 5.00
4.00 5.00
4.00 5.00
4.00 5.00
4.50 5.00
4.50 5.00
4.50 5.00
4.50 4.81
4.50 5.00
4.50 5.00
4.50 5.00
4.50 5.00
4.50 5.00
4.50 5.00
4.50 5.00
4.50 5.00
5.00 5.00
5.00 2.35
5.00 4.19
5.00 5.00
5.00 5.00
5.00 5.00
5.00 5.00
5.00 5.00
5.00 5.00
5.00 5.00
5.00 4.72
5.00 2.41
5.00 5.00
5.00 3.96
5.00 3.55
5.00 5.00
5.00 5.00
5.00 2.61
5.00 2.61
5.00 4.25
5.00 5.00
5.00 2.45
5.00 3.62
5.00 2.26
5.00 5.00
5.00 5.00
5.00 5.00
5.00 4.16
5.00 2.53
5.00 3.60
5.00 5.00
5.00 3.56
5.00 2.54
5.00 3.87
5.00 5.00
5.00 5.00
0.00 1.07
0.00 1.48
0.00 1.22
0.00 1.15
0.00 1.22
0.00 1.15
0.00 1.28
0.00 1.08
0.00 1.71
0.00 1.10
0.00 2.10
0.00 1.07
1.50 2.68
1.50 2.35
1.50 2.41
1.50 2.92
1.50 2.08
1.50 2.05
1.50 2.02
1.50 2.87
1.50 2.12
1.50 2.02
1.50 2.26
1.50 2.22
2.00 3.28
2.00 3.30
2.00 2.21
2.00 2.33
2.00 3.73
2.00 3.98
2.00 3.50
2.00 3.50
2.00 2.16
2.00 3.11
2.00 3.71
2.00 2.40
2.50 4.59
2.50 2.55
2.50 2.62
2.50 4.21
2.50 4.24
2.50 4.71
2.50 4.65
2.50 2.58
2.50 4.54
2.50 4.31
2.50 2.47
2.50 4.18
0.50 1.56
0.50 1.56
0.50 1.43
0.50 1.24
0.50 1.34
1.00 2.25
1.00 1.96
1.00 1.69
1.00 1.82
1.00 2.11
1.50 2.91
1.50 2.56
1.50 3.08
1.50 2.73
1.50 2.73
2.00 3.89
2.00 3.89
2.00 3.46
2.00 3.27
2.00 3.89
2.50 3.91
2.50 3.91
2.50 3.93
2.50 3.93
2.50 3.92
3.00 3.96
3.00 3.99
3.00 4.00
3.00 3.97
3.00 3.99
3.50 4.03
3.50 4.02
3.50 4.01
3.50 4.01
3.50 4.03
4.00 4.03
4.00 4.03
4.00 4.03
4.00 4.01
4.00 4.01
5.00 5.00
5.00 5.00
5.00 5.00
5.00 5.00
5.00 5.00
5.00 5.00
5.00 5.00
5.00 5.00
5.00 3.90
5.00 3.89
5.00 5.00
5.00 5.00
5.00 4.46
5.00 5.00
5.00 4.04
0.00 1.05
0.00 0.94
0.00 0.94
0.00 1.04
0.00 1.04
4.50 4.04
4.50 4.05
4.50 4.04
4.50 4.03
4.50 4.05
0.50 1.63
0.50 1.30
0.50 1.57
0.50 1.30
0.50 1.86
0.50 1.41
0.50 1.69
0.50 1.43
0.50 2.15
0.50 1.99
0.50 1.52
0.50 1.41
0.50 1.86
0.50 1.31
0.50 1.33
0.50 1.22
0.50 1.75
0.50 1.31
0.50 1.63
0.50 1.83
0.50 1.56
0.50 1.71
0.50 1.83
0.50 1.71
0.50 1.68
0.50 1.44
0.50 1.68
0.50 1.52
0.50 1.57
0.50 1.43
0.50 2.15
0.50 1.75
0.50 1.54
0.50 1.54
0.50 1.99
1.00 2.16
1.00 1.87
1.00 2.72
1.00 2.22
1.00 2.72
1.00 2.66
1.00 2.01
1.00 2.46
1.00 2.22
1.00 2.49
1.00 2.94
1.00 2.07
1.00 2.01
1.00 2.15
1.00 2.46
1.00 1.81
1.00 1.94
1.00 2.32
1.00 2.51
1.00 2.37
1.00 3.15
1.00 2.32
1.00 2.94
1.00 2.30
1.00 2.15
1.00 2.37
1.00 3.15
1.00 1.87
1.00 2.51
1.00 1.94
1.00 2.30
1.00 2.01
1.00 2.16
1.00 2.01
1.00 2.07
3.00 3.85
3.00 4.15
3.00 2.63
3.00 4.23
3.00 3.84
3.00 3.15
3.00 3.09
3.00 2.73
3.00 3.85
3.00 4.19
3.00 2.66
3.00 3.86
3.00 2.63
3.00 4.19
3.00 2.57
3.00 3.15
3.00 3.07
3.00 3.18
3.00 4.23
3.00 2.60
3.00 2.60
3.00 3.07
3.00 2.57
3.00 3.12
3.00 3.86
3.00 3.88
3.00 3.12
3.00 2.54
3.00 3.89
3.00 3.89
3.00 4.12
3.00 2.54
3.00 4.09
3.00 2.66
3.00 3.88
3.50 2.48
3.50 2.71
3.50 3.79
3.50 4.38
3.50 3.01
3.50 3.04
3.50 2.50
3.50 2.44
3.50 2.44
3.50 2.46
3.50 2.52
3.50 4.26
3.50 4.34
3.50 4.30
3.50 2.52
3.50 3.83
3.50 2.94
3.50 3.01
3.50 4.42
3.50 2.97
3.50 2.48
3.50 2.69
3.50 4.30
3.50 4.34
3.50 2.50
3.50 2.94
3.50 4.38
3.50 2.99
3.50 4.26
3.50 2.66
3.50 3.82
3.50 2.68
3.50 3.81
3.50 2.46
3.50 2.97
4.00 4.55
4.00 3.76
4.00 4.51
4.00 2.83
4.00 4.64
4.00 2.83
4.00 2.43
4.00 2.39
4.00 2.41
4.00 4.51
4.00 2.88
4.00 2.88
4.00 4.64
4.00 2.40
4.00 2.39
4.00 3.75
4.00 4.55
4.00 2.85
4.00 2.41
4.00 4.46
4.00 2.90
4.00 2.39
4.00 3.71
4.00 2.92
4.00 2.43
4.00 2.40
4.00 3.73
4.00 4.59
4.00 2.39
4.00 3.69
4.00 2.90
4.00 4.59
4.00 2.85
4.00 2.92
4.00 4.46
4.50 4.23
4.50 2.37
4.50 4.52
4.50 3.63
4.50 3.65
4.50 2.37
4.50 2.82
4.50 2.80
4.50 2.37
4.50 2.37
4.50 2.82
4.50 2.78
4.50 4.41
4.50 4.63
4.50 2.75
4.50 4.32
4.50 3.58
4.50 3.67
4.50 4.77
4.50 2.37
4.50 4.86
4.50 2.80
4.50 4.82
4.50 2.75
4.50 2.38
4.50 4.73
4.50 2.37
4.50 2.38
4.50 2.37
4.50 2.78
4.50 2.76
4.50 4.68
4.50 3.61
4.50 2.37
4.50 2.76
5.00 0.56
5.00 5.00
5.00 2.62
5.00 0.46
5.00 5.00
5.00 0.40
5.00 0.27
5.00 5.00
5.00 5.00
5.00 5.00
5.00 5.00
5.00 3.51
5.00 5.00
5.00 2.51
5.00 3.63
5.00 4.18
5.00 2.49
5.00 3.92
5.00 4.96
5.00 5.00
5.00 5.00
5.00 0.39
5.00 2.76
5.00 0.22
5.00 2.46
5.00 5.00
5.00 5.00
5.00 2.60
5.00 5.00
5.00 5.00
5.00 4.63
5.00 5.00
5.00 3.23
5.00 2.30
5.00 3.23
5.00 4.35
5.00 2.75
5.00 5.00
5.00 5.00
5.00 1.92
5.00 5.00
5.00 2.37
5.00 0.23
5.00 2.79
5.00 3.71
5.00 3.45
5.00 3.41
5.00 0.23
5.00 0.33
5.00 3.63
5.00 2.95
5.00 2.08
5.00 5.00
5.00 5.00
5.00 3.03
5.00 4.81
5.00 5.00
5.00 2.40
5.00 5.00
5.00 5.00
5.00 3.47
5.00 5.00
5.00 5.00
5.00 5.00
5.00 4.72
5.00 4.96
5.00 3.21
5.00 0.32
5.00 5.00
5.00 3.25
5.00 5.00
5.00 0.39
5.00 0.29
5.00 5.00
5.00 5.00
5.00 5.00
5.00 5.00
5.00 0.41
5.00 5.00
5.00 5.00
5.00 5.00
5.00 4.06
5.00 5.00
5.00 1.21
5.00 3.21
5.00 3.92
5.00 3.64
5.00 2.05
5.00 5.00
5.00 2.74
5.00 2.43
5.00 4.69
5.00 5.00
5.00 5.00
5.00 2.36
5.00 3.93
5.00 2.56
5.00 0.37
5.00 0.39
5.00 2.95
5.00 5.00
5.00 3.23
5.00 0.44
5.00 5.00
5.00 2.66
0.00 0.76
0.00 0.84
0.00 0.77
0.00 0.98
0.00 1.19
0.00 0.98
0.00 1.00
0.00 0.87
0.00 0.77
0.00 0.87
0.00 0.98
0.00 1.41
0.00 1.03
0.00 1.41
0.00 1.19
0.00 0.93
0.00 1.15
0.00 1.29
0.00 1.03
0.00 1.12
0.00 1.10
0.00 0.90
0.00 1.23
0.00 1.19
0.00 0.93
0.00 1.29
0.00 1.08
0.00 1.19
0.00 1.12
0.00 0.90
0.00 1.15
0.00 1.23
0.00 1.10
0.00 1.00
0.00 1.08
1.50 3.39
1.50 2.52
1.50 2.63
1.50 4.17
1.50 3.64
1.50 2.83
1.50 3.24
1.50 3.39
1.50 3.14
1.50 4.17
1.50 3.33
1.50 3.04
1.50 3.00
1.50 2.52
1.50 2.96
1.50 3.46
1.50 3.14
1.50 2.83
1.50 3.18
1.50 2.85
1.50 3.68
1.50 2.67
1.50 4.22
1.50 3.92
1.50 3.64
1.50 3.92
1.50 3.33
1.50 2.79
1.50 3.18
1.50 2.96
1.50 2.63
1.50 2.67
1.50 3.00
1.50 2.79
1.50 4.22
2.00 3.49
2.00 3.12
2.00 3.45
2.00 4.13
2.00 3.95
2.00 3.99
2.00 3.41
2.00 3.45
2.00 3.37
2.00 3.37
2.00 4.13
2.00 3.06
2.00 2.90
2.00 4.02
2.00 4.05
2.00 3.54
2.00 4.09
2.00 2.95
2.00 3.92
2.00 3.12
2.00 3.54
2.00 4.02
2.00 2.90
2.00 3.93
2.00 3.93
2.00 3.99
2.00 3.49
2.00 4.05
2.00 3.41
2.00 3.94
2.00 3.00
2.00 2.95
2.00 3.00
2.00 4.09
2.00 3.06
2.50 2.73
2.50 3.90
2.50 3.34
2.50 4.03
2.50 3.97
2.50 3.92
2.50 2.73
2.50 4.06
2.50 2.85
2.50 3.21
2.50 2.77
2.50 3.92
2.50 2.77
2.50 2.81
2.50 2.69
2.50 3.90
2.50 3.95
2.50 3.93
2.50 3.24
2.50 2.81
2.50 3.95
2.50 3.24
2.50 2.85
2.50 3.97
2.50 3.30
2.50 3.97
2.50 3.30
2.50 3.21
2.50 3.34
2.50 3.93
2.50 3.99
2.50 3.27
2.50 3.27
2.50 4.01
2.50 2.69
0.50 2.08
0.50 1.65
0.50 1.78
0.50 1.65
0.50 2.04
1.00 2.45
1.00 2.18
1.00 2.13
1.00 2.65
1.00 2.09
1.50 2.32
1.50 3.92
1.50 4.60
1.50 4.25
1.50 3.63
2.00 2.42
2.00 4.51
2.00 2.39
2.00 4.48
2.00 4.53
2.50 2.34
2.50 2.33
2.50 4.49
2.50 4.48
2.50 4.50
3.00 2.28
3.00 4.54
3.00 4.58
3.00 4.63
3.00 2.29
3.50 4.78
3.50 4.72
3.50 2.29
3.50 4.66
3.50 2.28
5.00 4.82
5.00 4.00
5.00 2.16
5.00 5.00
5.00 5.00
5.00 4.31
5.00 4.87
5.00 1.91
5.00 2.41
5.00 5.00
5.00 2.90
5.00 1.98
5.00 4.13
5.00 3.52
5.00 2.90
0.00 1.38
0.00 1.51
0.00 1.09
0.00 1.09
0.00 1.19
4.00 4.84
4.00 4.90
4.00 4.93
4.00 4.87
4.00 4.81
4.50 4.96
4.50 5.00
4.50 5.00
4.50 4.99
4.50 5.00
0.50 2.09
0.50 2.16
0.50 1.80
0.50 2.62
0.50 1.60
0.50 2.56
0.50 2.01
0.50 2.30
0.50 1.55
0.50 2.27
0.50 1.62
0.50 2.16
0.50 1.91
0.50 1.91
0.50 1.60
0.50 1.76
0.50 2.27
0.50 2.10
0.50 1.98
0.50 1.98
0.50 1.82
0.50 2.35
0.50 1.93
0.50 2.06
0.50 1.51
1.00 1.79
1.00 3.32
1.00 2.33
1.00 3.00
1.00 3.12
1.00 2.12
1.00 2.89
1.00 2.48
1.00 2.41
1.00 3.58
1.00 2.86
1.00 3.60
1.00 2.50
1.00 3.36
1.00 3.60
1.00 2.74
1.00 2.80
1.00 3.70
1.00 1.84
1.00 1.66
1.00 1.75
1.00 2.19
1.00 3.28
1.00 3.40
1.00 2.46
1.50 2.47
1.50 4.66
1.50 4.66
1.50 5.00
1.50 2.46
1.50 5.00
1.50 1.93
1.50 4.72
1.50 4.26
1.50 2.43
1.50 2.75
1.50 4.59
1.50 4.81
1.50 2.45
1.50 3.62
1.50 4.42
1.50 2.59
1.50 4.53
1.50 4.08
1.50 1.93
1.50 4.31
1.50 2.71
1.50 3.92
1.50 1.92
1.50 4.05
2.00 2.79
2.00 4.43
2.00 5.00
2.00 3.91
2.00 2.99
2.00 3.90
2.00 2.39
2.00 4.44
2.00 5.00
2.00 4.05
2.00 5.00
2.00 4.01
2.00 2.40
2.00 4.13
2.00 2.93
2.00 2.38
2.00 5.00
2.00 4.47
2.00 3.91
2.00 4.50
2.00 2.83
2.00 4.21
2.00 4.05
2.00 1.92
2.00 3.93
2.50 3.80
2.50 2.37
2.50 2.37
2.50 4.41
2.50 5.00
2.50 4.42
2.50 3.75
2.50 3.75
2.50 3.70
2.50 1.89
2.50 3.77
2.50 1.89
2.50 1.88
2.50 4.41
2.50 3.84
2.50 5.00
2.50 3.66
2.50 3.87
2.50 2.38
2.50 4.41
2.50 5.00
2.50 1.88
2.50 5.00
2.50 5.00
2.50 3.85
3.00 3.52
3.00 4.44
3.00 3.74
3.00 3.55
3.00 5.00
3.00 3.70
3.00 3.55
3.00 2.44
3.00 2.42
3.00 5.00
3.00 3.52
3.00 3.62
3.00 3.49
3.00 1.94
3.00 3.49
3.00 1.88
3.00 2.48
3.00 3.76
3.00 3.62
3.00 4.46
3.00 1.89
3.00 5.00
3.00 3.58
3.00 3.58
3.00 3.71
3.50 3.63
3.50 3.36
3.50 2.17
3.50 3.66
3.50 4.65
3.50 3.39
3.50 4.69
3.50 2.21
3.50 2.13
3.50 2.25
3.50 3.36
3.50 5.00
3.50 5.00
3.50 5.00
3.50 3.67
3.50 3.63
3.50 3.46
3.50 4.57
3.50 3.39
3.50 3.44
3.50 3.46
3.50 3.41
3.50 3.66
3.50 2.50
3.50 4.73
4.00 3.61
4.00 3.62
4.00 2.55
4.00 3.61
4.00 3.31
4.00 5.00
4.00 4.88
4.00 3.57
4.00 3.57
4.00 5.00
4.00 3.34
4.00 4.94
4.00 3.62
4.00 3.59
4.00 3.27
4.00 4.83
4.00 3.34
4.00 2.13
4.00 3.56
4.00 4.78
4.00 2.53
4.00 3.56
4.00 5.00
4.00 4.99
4.00 5.00
5.00 3.75
5.00 0.51
5.00 5.00
5.00 2.80
5.00 5.00
5.00 5.00
5.00 5.00
5.00 5.00
5.00 2.11
5.00 5.00
5.00 5.00
5.00 5.00
5.00 0.89
5.00 4.68
5.00 5.00
5.00 2.38
5.00 5.00
5.00 5.00
5.00 1.06
5.00 1.31
5.00 4.68
5.00 5.00
5.00 0.46
5.00 0.48
5.00 5.00
5.00 1.81
5.00 2.47
5.00 2.63
5.00 2.36
5.00 5.00
5.00 5.00
5.00 5.00
5.00 5.00
5.00 4.46
5.00 5.00
5.00 0.49
5.00 4.78
5.00 5.00
5.00 4.49
5.00 5.00
5.00 5.00
5.00 5.00
5.00 5.00
5.00 5.00
5.00 5.00
5.00 3.37
5.00 5.00
5.00 5.00
5.00 5.00
5.00 4.81
5.00 2.46
5.00 2.43
5.00 5.00
5.00 5.00
5.00 5.00
5.00 5.00
5.00 5.00
5.00 5.00
5.00 1.96
5.00 5.00
5.00 5.00
5.00 5.00
5.00 5.00
5.00 5.00
5.00 5.00
5.00 2.40
5.00 5.00
5.00 5.00
5.00 5.00
5.00 1.02
5.00 5.00
5.00 5.00
5.00 5.00
5.00 5.00
5.00 2.75
0.00 1.34
0.00 0.99
0.00 1.12
0.00 1.63
0.00 1.41
0.00 1.20
0.00 1.45
0.00 1.31
0.00 1.56
0.00 1.41
0.00 1.45
0.00 1.33
0.00 1.08
0.00 1.20
0.00 1.49
0.00 1.33
0.00 1.07
0.00 0.99
0.00 1.12
0.00 1.27
0.00 1.07
0.00 1.08
0.00 1.20
0.00 1.27
0.00 1.45
4.50 3.48
4.50 3.12
4.50 3.22
4.50 5.00
4.50 3.52
4.50 5.00
4.50 3.14
4.50 3.52
4.50 3.19
4.50 3.54
4.50 5.00
4.50 3.46
4.50 5.00
4.50 3.17
4.50 5.00
4.50 3.50
4.50 5.00
4.50 5.00
4.50 5.00
4.50 3.54
4.50 5.00
4.50 3.50
4.50 5.00
4.50 3.46
4.50 3.48
0.50 1.19
0.50 1.72
0.50 1.84
0.50 1.57
0.50 1.12
0.50 1.86
0.50 2.02
0.50 1.35
0.50 1.83
0.50 1.27
0.50 1.88
0.50 1.90
0.50 1.72
0.50 1.67
0.50 1.67
0.50 2.06
0.50 2.23
0.50 1.57
0.50 1.04
0.50 2.39
1.00 2.60
1.00 1.94
1.00 3.63
1.00 3.23
1.00 2.60
1.00 3.31
1.00 1.87
1.00 1.44
1.00 2.10
1.00 2.62
1.00 2.83
1.00 2.84
1.00 1.98
1.00 3.09
1.00 1.54
1.00 3.35
1.00 2.06
1.00 2.02
1.00 2.84
1.00 3.10
1.50 2.55
1.50 4.47
1.50 3.57
1.50 3.38
1.50 1.99
1.50 3.78
1.50 4.67
1.50 3.74
1.50 3.85
1.50 2.55
1.50 4.28
1.50 2.12
1.50 2.14
1.50 4.57
1.50 2.25
1.50 2.17
1.50 3.82
1.50 4.15
1.50 2.12
1.50 2.40
2.00 2.84
2.00 4.43
2.00 3.35
2.00 4.49
2.00 4.52
2.00 2.20
2.00 2.69
2.00 4.09
2.00 2.84
2.00 4.49
2.00 2.18
2.00 3.00
2.00 4.54
2.00 3.87
2.00 2.16
2.00 2.11
2.00 4.44
2.00 4.45
2.00 4.44
2.00 2.69
2.50 3.20
2.50 2.09
2.50 4.45
2.50 3.17
2.50 4.59
2.50 2.03
2.50 4.59
2.50 3.31
2.50 4.51
2.50 3.20
2.50 4.15
2.50 4.22
2.50 2.01
2.50 4.46
2.50 4.51
2.50 4.50
2.50 2.05
2.50 3.23
2.50 4.55
2.50 3.31
3.00 4.63
3.00 3.05
3.00 4.79
3.00 1.93
3.00 2.90
3.00 1.96
3.00 3.11
3.00 4.85
3.00 4.72
3.00 3.05
3.00 2.00
3.00 4.72
3.00 1.98
3.00 4.67
3.00 4.64
3.00 3.11
3.00 4.60
3.00 4.63
3.00 3.08
3.00 4.56
3.50 5.00
3.50 2.92
3.50 2.69
3.50 4.93
3.50 2.76
3.50 2.94
3.50 2.97
3.50 4.92
3.50 2.57
3.50 4.77
3.50 5.00
3.50 4.81
3.50 5.00
3.50 1.89
3.50 1.91
3.50 4.97
3.50 5.00
3.50 2.99
3.50 2.90
3.50 2.63
5.00 5.00
5.00 5.00
5.00 1.59
5.00 3.15
5.00 1.96
5.00 1.88
5.00 5.00
5.00 5.00
5.00 5.00
5.00 5.00
5.00 5.00
5.00 4.98
5.00 5.00
5.00 3.52
5.00 2.74
5.00 5.00
5.00 5.00
5.00 5.00
5.00 4.06
5.00 4.95
5.00 5.00
5.00 5.00
5.00 2.88
5.00 5.00
5.00 5.00
5.00 5.00
5.00 5.00
5.00 5.00
5.00 5.00
5.00 5.00
5.00 2.57
5.00 3.33
5.00 2.74
5.00 5.00
5.00 5.00
5.00 5.00
5.00 2.12
5.00 5.00
5.00 2.62
5.00 5.00
5.00 5.00
5.00 5.00
5.00 1.93
5.00 4.65
5.00 5.00
5.00 5.00
5.00 5.00
5.00 5.00
5.00 5.00
5.00 4.95
5.00 2.73
5.00 5.00
5.00 2.74
5.00 5.00
5.00 5.00
5.00 5.00
5.00 5.00
5.00 2.74
5.00 2.61
5.00 1.88
0.00 1.09
0.00 1.03
0.00 1.43
0.00 1.37
0.00 1.23
0.00 1.23
0.00 1.30
0.00 1.13
0.00 1.20
0.00 0.99
0.00 1.02
0.00 1.30
0.00 1.51
0.00 1.03
0.00 1.09
0.00 1.09
0.00 1.02
0.00 0.96
0.00 0.96
0.00 1.20
4.00 2.85
4.00 2.35
4.00 2.81
4.00 2.83
4.00 2.38
4.00 5.00
4.00 2.52
4.00 5.00
4.00 5.00
4.00 5.00
4.00 5.00
4.00 2.87
4.00 2.42
4.00 5.00
4.00 5.00
4.00 5.00
4.00 2.79
4.00 5.00
4.00 2.47
4.00 5.00
4.50 2.74
4.50 2.71
4.50 5.00
4.50 2.30
4.50 5.00
4.50 5.00
4.50 2.31
4.50 2.30
4.50 2.32
4.50 5.00
4.50 5.00
4.50 5.00
4.50 5.00
4.50 5.00
4.50 2.72
4.50 2.33
4.50 2.75
4.50 2.77
4.50 5.00
4.50 5.00
0.50 1.05
0.50 1.65
0.50 1.24
0.50 1.05
0.50 1.26
0.50 0.98
0.50 1.12
0.50 1.45
0.50 1.19
0.50 1.55
0.50 1.19
0.50 1.24
0.50 1.12
0.50 0.98
0.50 1.35
1.00 1.68
1.00 1.44
1.00 1.54
1.00 1.44
1.00 1.35
1.00 1.70
1.00 1.69
1.00 2.30
1.00 1.54
1.00 1.90
1.00 1.75
1.00 1.77
1.00 1.70
1.00 1.64
1.00 1.64
1.50 2.32
1.50 1.96
1.50 2.07
1.50 1.82
1.50 1.85
1.50 2.82
1.50 1.85
1.50 2.64
1.50 2.07
1.50 1.80
1.50 3.21
1.50 2.32
1.50 1.96
1.50 2.46
1.50 1.78
2.00 2.44
2.00 4.39
2.00 2.82
2.00 2.56
2.00 3.42
2.00 2.82
2.00 2.56
2.00 2.69
2.00 4.12
2.00 1.84
2.00 1.90
2.00 2.69
2.00 2.96
2.00 2.96
2.00 1.87
2.50 4.41
2.50 2.92
2.50 2.92
2.50 2.78
2.50 1.87
2.50 2.82
2.50 1.83
2.50 4.51
2.50 1.84
2.50 4.55
2.50 2.88
2.50 4.47
2.50 2.85
2.50 1.85
2.50 2.82
3.00 2.73
3.00 4.63
3.00 4.73
3.00 4.59
3.00 4.77
3.00 4.68
3.00 1.81
3.00 2.65
3.00 2.67
3.00 2.67
3.00 2.70
3.00 1.80
3.00 2.75
3.00 2.75
3.00 2.73
5.00 5.00
5.00 1.98
5.00 5.00
5.00 5.00
5.00 4.04
5.00 4.48
5.00 5.00
5.00 5.00
5.00 2.33
5.00 2.54
5.00 5.00
5.00 3.55
5.00 5.00
5.00 3.65
5.00 5.00
5.00 4.74
5.00 5.00
5.00 3.61
5.00 3.56
5.00 2.32
5.00 5.00
5.00 1.81
5.00 5.00
5.00 2.33
5.00 5.00
5.00 3.39
5.00 2.17
5.00 5.00
5.00 3.31
5.00 5.00
5.00 2.28
5.00 4.62
5.00 2.15
5.00 5.00
5.00 5.00
5.00 5.00
5.00 2.37
5.00 5.00
5.00 5.00
5.00 2.33
5.00 3.60
5.00 4.69
5.00 2.27
5.00 2.11
5.00 5.00
0.00 1.31
0.00 0.91
0.00 1.47
0.00 1.14
0.00 1.16
0.00 0.91
0.00 1.10
0.00 0.91
0.00 1.37
0.00 1.37
0.00 1.47
0.00 0.91
0.00 1.10
0.00 0.93
0.00 1.14
3.50 2.54
3.50 4.93
3.50 2.54
3.50 2.56
3.50 2.62
3.50 4.83
3.50 2.58
3.50 2.62
3.50 2.60
3.50 2.58
3.50 4.99
3.50 2.60
3.50 5.00
3.50 4.88
3.50 2.56
4.00 2.49
4.00 2.45
4.00 2.50
4.00 5.00
4.00 2.49
4.00 5.00
4.00 2.47
4.00 2.52
4.00 2.45
4.00 2.47
4.00 5.00
4.00 5.00
4.00 2.52
4.00 2.50
4.00 5.00
4.50 2.43
4.50 5.00
4.50 5.00
4.50 2.39
4.50 2.41
4.50 2.43
4.50 2.44
4.50 2.39
4.50 5.00
4.50 5.00
4.50 2.44
4.50 5.00
4.50 2.40
4.50 2.40
4.50 2.41
0.50 1.95
0.50 2.13
0.50 1.94
0.50 1.61
0.50 1.77
1.00 3.00
1.00 2.75
1.00 2.53
1.00 2.17
1.00 3.24
1.50 2.26
1.50 4.39
1.50 2.25
1.50 2.21
1.50 2.27
2.00 2.15
2.00 2.20
2.00 2.22
2.00 2.17
2.00 2.13
2.50 2.07
2.50 2.11
2.50 4.26
2.50 2.09
2.50 2.05
3.00 4.40
3.00 4.29
3.00 1.96
3.00 1.99
3.00 1.97
3.50 1.95
3.50 1.94
3.50 4.47
3.50 1.95
3.50 4.44
5.00 2.19
5.00 3.83
5.00 2.26
5.00 5.00
5.00 5.00
5.00 5.00
5.00 3.31
5.00 5.00
5.00 3.30
5.00 3.59
5.00 2.25
5.00 5.00
5.00 3.29
5.00 2.68
5.00 3.43
0.00 1.17
0.00 1.04
0.00 1.30
0.00 0.91
0.00 1.17
4.00 4.79
4.00 4.68
4.00 4.74
4.00 4.69
4.00 4.64
4.50 5.00
4.50 4.78
4.50 5.00
4.50 4.90
4.50 5.00
0.50 1.94
0.50 2.32
0.50 2.78
0.50 2.78
0.50 1.94
1.00 3.05
1.00 3.05
1.00 3.99
1.00 4.37
1.00 3.35
1.50 5.00
1.50 5.00
1.50 5.00
1.50 4.80
1.50 4.80
2.00 4.80
2.00 4.95
2.00 4.95
2.00 4.89
2.00 4.84
5.00 5.00
5.00 5.00
5.00 4.03
5.00 5.00
5.00 5.00
5.00 5.00
5.00 4.40
5.00 4.34
5.00 5.00
5.00 4.34
5.00 5.00
5.00 5.00
5.00 5.00
5.00 5.00
5.00 3.94
0.00 1.45
0.00 1.76
0.00 1.60
0.00 1.21
0.00 1.31
2.50 4.73
2.50 4.72
2.50 4.73
2.50 4.75
2.50 4.73
3.00 4.82
3.00 4.79
3.00 4.77
3.00 4.75
3.00 4.74
3.50 4.95
3.50 4.99
3.50 4.91
3.50 4.88
3.50 4.85
4.00 5.00
4.00 5.00
4.00 5.00
4.00 5.00
4.00 5.00
4.50 5.00
4.50 5.00
4.50 5.00
4.50 5.00
4.50 5.00
0.50 1.20
0.50 1.29
0.50 2.57
0.50 1.12
0.50 2.35
0.50 1.55
0.50 1.46
0.50 2.16
0.50 1.74
0.50 1.37
0.50 1.29
0.50 1.36
0.50 1.21
0.50 2.57
0.50 1.46
0.50 1.98
0.50 1.80
0.50 2.03
0.50 1.55
0.50 1.98
0.50 1.88
0.50 1.46
0.50 1.80
0.50 1.45
0.50 2.35
0.50 1.29
0.50 2.16
0.50 1.36
0.50 1.21
0.50 1.88
1.00 3.91
1.00 1.75
1.00 3.59
1.00 3.31
1.00 1.98
1.00 1.95
1.00 2.19
1.00 3.31
1.00 2.80
1.00 3.06
1.00 1.75
1.00 1.65
1.00 2.11
1.00 1.74
1.00 1.98
1.00 2.73
1.00 3.06
1.00 1.86
1.00 2.37
1.00 1.64
1.00 2.56
1.00 1.84
1.00 3.59
1.00 2.11
1.00 2.56
1.00 2.92
1.00 2.37
1.00 2.80
1.00 3.91
1.00 1.86
1.50 3.42
1.50 3.50
1.50 2.86
1.50 2.21
1.50 3.35
1.50 3.50
1.50 2.25
1.50 4.38
1.50 3.42
1.50 2.68
1.50 4.65
1.50 2.40
1.50 2.68
1.50 4.46
1.50 4.38
1.50 2.25
1.50 2.08
1.50 2.57
1.50 3.60
1.50 4.26
1.50 3.13
1.50 4.55
1.50 4.55
1.50 4.46
1.50 2.21
1.50 3.60
1.50 3.35
1.50 2.51
1.50 4.65
1.50 3.13
2.00 3.07
2.00 4.31
2.00 3.18
2.00 3.18
2.00 3.07
2.00 3.13
2.00 3.34
2.00 4.24
2.00 4.09
2.00 3.39
2.00 4.13
2.00 2.83
2.00 4.24
2.00 4.18
2.00 4.09
2.00 3.57
2.00 3.37
2.00 4.13
2.00 3.00
2.00 3.20
2.00 3.19
2.00 3.37
2.00 3.31
2.00 4.18
2.00 4.31
2.00 3.27
2.00 3.20
2.00 2.83
2.00 3.34
2.00 3.13
2.50 3.49
2.50 2.64
2.50 2.91
2.50 3.94
2.50 3.99
2.50 2.96
2.50 3.96
2.50 4.05
2.50 2.83
2.50 3.44
2.50 3.99
2.50 3.96
2.50 3.40
2.50 4.05
2.50 2.83
2.50 3.94
2.50 3.53
2.50 2.87
2.50 3.01
2.50 2.87
2.50 3.53
2.50 4.02
2.50 4.02
2.50 3.36
2.50 3.01
2.50 2.96
2.50 2.96
2.50 2.85
2.50 2.74
2.50 3.07
5.00 1.88
5.00 5.00
5.00 5.00
5.00 2.70
5.00 5.00
5.00 1.79
5.00 1.91
5.00 5.00
5.00 2.29
5.00 3.45
5.00 1.79
5.00 2.23
5.00 2.21
5.00 5.00
5.00 2.47
5.00 5.00
5.00 2.09
5.00 5.00
5.00 5.00
5.00 2.29
5.00 1.87
5.00 2.31
5.00 5.00
5.00 5.00
5.00 5.00
5.00 5.00
5.00 5.00
5.00 2.21
5.00 2.44
5.00 5.00
5.00 5.00
5.00 5.00
5.00 1.79
5.00 2.11
5.00 2.38
5.00 2.74
5.00 5.00
5.00 3.31
5.00 1.91
5.00 5.00
5.00 2.21
5.00 5.00
5.00 5.00
5.00 5.00
5.00 5.00
5.00 5.00
5.00 5.00
5.00 2.06
5.00 2.94
5.00 2.24
5.00 5.00
5.00 5.00
5.00 2.25
5.00 5.00
5.00 2.17
5.00 2.79
5.00 5.00
5.00 5.00
5.00 5.00
5.00 2.22
5.00 2.21
5.00 2.78
5.00 5.00
5.00 2.75
5.00 5.00
5.00 2.32
5.00 5.00
5.00 5.00
5.00 5.00
5.00 3.21
5.00 5.00
5.00 3.27
5.00 2.16
5.00 5.00
5.00 2.03
5.00 5.00
5.00 5.00
5.00 3.42
5.00 2.49
5.00 2.33
5.00 5.00
5.00 5.00
5.00 2.13
5.00 5.00
5.00 5.00
5.00 2.15
5.00 5.00
5.00 3.17
5.00 3.52
5.00 2.59
0.00 1.11
0.00 1.14
0.00 1.14
0.00 1.10
0.00 1.08
0.00 0.87
0.00 1.05
0.00 1.02
0.00 1.10
0.00 1.06
0.00 1.05
0.00 0.99
0.00 1.33
0.00 1.63
0.00 0.99
0.00 1.33
0.00 1.63
0.00 1.05
0.00 1.09
0.00 0.98
0.00 1.48
0.00 1.48
0.00 0.99
0.00 1.14
0.00 1.05
0.00 1.21
0.00 1.09
0.00 1.24
0.00 1.21
0.00 1.07
3.00 3.90
3.00 3.15
3.00 2.72
3.00 3.88
3.00 3.85
3.00 3.87
3.00 2.68
3.00 3.87
3.00 3.25
3.00 2.65
3.00 2.75
3.00 3.29
3.00 2.68
3.00 2.54
3.00 2.79
3.00 3.90
3.00 3.32
3.00 2.35
3.00 2.28
3.00 2.44
3.00 3.92
3.00 2.65
3.00 3.21
3.00 2.75
3.00 3.85
3.00 2.79
3.00 2.72
3.00 3.92
3.00 3.88
3.00 2.22
3.50 2.06
3.50 2.90
3.50 2.57
3.50 3.84
3.50 2.57
3.50 1.98
3.50 3.81
3.50 2.60
3.50 2.53
3.50 2.60
3.50 3.10
3.50 3.04
3.50 2.02
3.50 2.62
3.50 2.95
3.50 2.53
3.50 3.83
3.50 2.99
3.50 3.81
3.50 3.84
3.50 2.62
3.50 2.16
3.50 2.55
3.50 3.83
3.50 2.10
3.50 2.55
3.50 3.80
3.50 3.79
3.50 3.79
3.50 3.80
4.00 2.45
4.00 2.49
4.00 2.48
4.00 3.77
4.00 2.49
4.00 3.75
4.00 2.51
4.00 2.71
4.00 3.77
4.00 2.55
4.00 2.46
4.00 3.72
4.00 2.84
4.00 1.88
4.00 1.92
4.00 2.65
4.00 2.46
4.00 2.51
4.00 1.89
4.00 1.95
4.00 2.60
4.00 3.74
4.00 2.77
4.00 3.75
4.00 1.90
4.00 3.74
4.00 2.45
4.00 3.72
4.00 2.48
4.00 3.78
4.50 3.63
4.50 3.67
4.50 3.69
4.50 2.42
4.50 2.44
4.50 1.87
4.50 2.48
4.50 2.43
4.50 3.69
4.50 2.42
4.50 3.63
4.50 2.43
4.50 3.65
4.50 3.71
4.50 2.43
4.50 2.50
4.50 3.65
4.50 2.44
4.50 1.87
4.50 2.54
4.50 2.42
4.50 2.45
4.50 2.45
4.50 2.42
4.50 2.50
4.50 1.88
4.50 3.71
4.50 2.53
4.50 2.43
4.50 3.67
0.50 1.97
0.50 1.94
0.50 1.94
0.50 1.90
0.50 1.99
1.00 2.05
1.00 2.19
1.00 2.10
1.00 2.03
1.00 2.06
1.50 2.45
1.50 2.08
1.50 2.23
1.50 2.07
1.50 2.39
2.00 1.99
2.00 2.10
2.00 2.51
2.00 1.93
2.00 2.04
2.50 2.98
2.50 1.75
2.50 1.78
2.50 3.07
2.50 1.89
3.00 1.68
3.00 1.70
3.00 3.46
3.00 1.67
3.00 1.69
3.50 4.50
3.50 3.83
3.50 4.31
3.50 1.71
3.50 1.69
4.00 4.94
4.00 1.64
4.00 4.71
4.00 5.00
4.00 5.00
5.00 5.00
5.00 2.19
5.00 5.00
5.00 5.00
5.00 5.00
5.00 5.00
5.00 2.53
5.00 2.60
5.00 5.00
5.00 2.46
5.00 5.00
5.00 5.00
5.00 4.29
5.00 5.00
5.00 3.46
0.00 1.54
0.00 1.89
0.00 1.88
0.00 1.88
0.00 1.54
4.50 5.00
4.50 5.00
4.50 5.00
4.50 5.00
4.50 5.00
0.50 1.44
0.50 1.27
0.50 1.38
0.50 1.35
0.50 1.53
0.50 1.50
0.50 1.50
0.50 1.19
0.50 1.62
0.50 1.38
0.50 1.44
0.50 1.35
0.50 1.10
0.50 1.02
0.50 1.27
0.50 1.27
0.50 1.62
0.50 1.19
0.50 1.37
0.50 1.09
0.50 1.10
0.50 1.53
0.50 1.27
0.50 1.17
0.50 1.27
1.00 2.14
1.00 1.62
1.00 1.92
1.00 1.89
1.00 1.89
1.00 1.92
1.00 1.71
1.00 2.08
1.00 2.08
1.00 1.75
1.00 2.01
1.00 1.70
1.00 1.88
1.00 1.75
1.00 1.80
1.00 1.80
1.00 1.98
1.00 1.88
1.00 1.98
1.00 2.14
1.00 1.62
1.00 1.47
1.00 1.58
1.00 2.01
1.00 1.81
1.50 2.27
1.50 2.17
1.50 2.05
1.50 2.17
1.50 2.90
1.50 2.70
1.50 2.70
1.50 2.59
1.50 2.37
1.50 2.05
1.50 2.74
1.50 2.56
1.50 2.27
1.50 2.28
1.50 2.43
1.50 2.59
1.50 2.74
1.50 2.31
1.50 2.31
1.50 2.43
1.50 2.90
1.50 2.17
1.50 2.17
1.50 3.12
1.50 3.12
2.00 4.34
2.00 3.40
2.00 3.24
2.00 5.00
2.00 3.65
2.00 2.95
2.00 2.91
2.00 3.24
2.00 3.40
2.00 2.91
2.00 3.00
2.00 3.38
2.00 2.95
2.00 3.07
2.00 3.43
2.00 5.00
2.00 3.38
2.00 3.65
2.00 2.70
2.00 5.00
2.00 5.00
2.00 2.70
2.00 5.00
2.00 4.34
2.00 3.00
2.50 4.93
2.50 3.33
2.50 4.63
2.50 3.31
2.50 3.35
2.50 4.93
2.50 4.72
2.50 2.80
2.50 2.73
2.50 2.80
2.50 3.27
2.50 2.87
2.50 3.35
2.50 2.83
2.50 3.27
2.50 2.76
2.50 3.33
2.50 4.54
2.50 2.83
2.50 4.63
2.50 4.82
2.50 4.54
2.50 2.73
2.50 2.87
2.50 4.72
3.00 2.64
3.00 4.25
3.00 4.39
3.00 2.70
3.00 3.23
3.00 4.32
3.00 2.67
3.00 4.19
3.00 2.67
3.00 4.25
3.00 3.19
3.00 3.25
3.00 2.64
3.00 4.46
3.00 3.23
3.00 4.39
3.00 3.17
3.00 2.62
3.00 4.32
3.00 3.19
3.00 2.59
3.00 4.19
3.00 2.62
3.00 3.17
3.00 2.59
3.50 3.11
3.50 3.92
3.50 3.11
3.50 2.53
3.50 4.02
3.50 2.50
3.50 4.08
3.50 3.15
3.50 3.09
3.50 2.50
3.50 2.53
3.50 3.13
3.50 2.57
3.50 2.55
3.50 3.97
3.50 3.92
3.50 4.13
3.50 3.15
3.50 4.08
3.50 2.57
3.50 4.02
3.50 2.55
3.50 3.09
3.50 2.52
3.50 4.13
4.00 3.00
4.00 3.05
4.00 2.48
4.00 2.98
4.00 3.88
4.00 2.45
4.00 2.48
4.00 3.00
4.00 2.96
4.00 2.96
4.00 3.83
4.00 3.03
4.00 2.46
4.00 3.05
4.00 3.83
4.00 2.45
4.00 3.03
4.00 3.70
4.00 3.88
4.00 2.98
4.00 2.46
4.00 2.49
4.00 3.74
4.00 3.70
4.00 2.47
4.50 2.91
4.50 2.88
4.50 3.61
4.50 3.61
4.50 3.53
4.50 3.53
4.50 3.66
4.50 2.45
4.50 2.87
4.50 2.89
4.50 3.57
4.50 2.45
4.50 2.44
4.50 3.57
4.50 2.93
4.50 3.49
4.50 2.45
4.50 3.66
4.50 2.44
4.50 2.45
4.50 2.44
4.50 3.49
4.50 2.44
4.50 2.91
4.50 2.45
5.00 5.00
5.00 2.19
5.00 5.00
5.00 5.00
5.00 5.00
5.00 2.13
5.00 2.44
5.00 2.15
5.00 2.45
5.00 3.07
5.00 5.00
5.00 5.00
5.00 5.00
5.00 4.09
5.00 3.13
5.00 2.39
5.00 2.11
5.00 4.25
5.00 3.46
5.00 5.00
5.00 5.00
5.00 5.00
5.00 2.17
5.00 5.00
5.00 5.00
5.00 2.14
5.00 5.00
5.00 4.01
5.00 2.75
5.00 2.14
5.00 5.00
5.00 3.38
5.00 2.58
5.00 5.00
5.00 5.00
5.00 2.82
5.00 3.35
5.00 2.99
5.00 5.00
5.00 5.00
5.00 3.17
5.00 5.00
5.00 5.00
5.00 3.19
5.00 3.39
5.00 5.00
5.00 2.79
5.00 5.00
5.00 2.17
5.00 5.00
5.00 5.00
5.00 5.00
5.00 2.80
5.00 2.15
5.00 5.00
5.00 5.00
5.00 2.48
5.00 5.00
5.00 2.80
5.00 2.99
5.00 3.78
5.00 2.09
5.00 2.16
5.00 2.80
5.00 3.25
5.00 2.53
5.00 2.12
5.00 2.46
5.00 2.28
5.00 2.18
5.00 5.00
5.00 2.79
5.00 5.00
5.00 5.00
5.00 5.00
0.00 1.00
0.00 0.94
0.00 1.02
0.00 0.79
0.00 0.79
0.00 1.02
0.00 0.86
0.00 0.85
0.00 1.18
0.00 0.84
0.00 1.00
0.00 0.84
0.00 1.09
0.00 1.00
0.00 0.85
0.00 0.79
0.00 0.86
0.00 1.02
0.00 0.85
0.00 0.85
0.00 0.94
0.00 1.18
0.00 0.79
0.00 1.00
0.00 0.79
0.50 2.11
0.50 1.87
0.50 2.11
0.50 2.31
0.50 1.42
0.50 1.91
0.50 2.31
0.50 1.51
0.50 2.53
0.50 1.51
0.50 1.33
0.50 1.24
0.50 1.48
0.50 1.60
0.50 1.74
1.00 2.50
1.00 1.95
1.00 2.07
1.00 2.01
1.00 3.36
1.00 3.36
1.00 1.83
1.00 2.67
1.00 1.83
1.00 1.61
1.00 2.32
1.00 4.40
1.00 2.07
1.00 1.72
1.00 4.40
1.50 3.52
1.50 4.85
1.50 5.00
1.50 2.82
1.50 4.85
1.50 5.00
1.50 5.00
1.50 3.53
1.50 5.00
1.50 2.19
1.50 2.49
1.50 5.00
1.50 2.65
1.50 5.00
1.50 2.19
2.00 4.87
2.00 4.81
2.00 4.75
2.00 4.87
2.00 4.94
2.00 3.55
2.00 3.78
2.00 4.94
2.00 4.81
2.00 3.37
2.00 3.57
2.00 3.37
2.00 3.78
2.00 3.58
2.00 4.71
2.50 4.62
2.50 4.63
2.50 4.62
2.50 4.61
2.50 4.00
2.50 4.68
2.50 4.00
2.50 4.00
2.50 4.00
2.50 3.67
2.50 4.00
2.50 4.01
2.50 4.01
2.50 3.64
2.50 4.00
3.00 4.01
3.00 3.80
3.00 4.63
3.00 4.01
3.00 4.01
3.00 4.01
3.00 4.63
3.00 3.88
3.00 4.65
3.00 4.02
3.00 4.67
3.00 4.61
3.00 4.67
3.00 4.62
3.00 3.99
5.00 5.00
5.00 3.45
5.00 3.28
5.00 2.38
5.00 3.42
5.00 5.00
5.00 3.50
5.00 0.56
5.00 5.00
5.00 5.00
5.00 3.87
5.00 3.75
5.00 4.90
5.00 2.55
5.00 2.32
5.00 5.00
5.00 3.57
5.00 5.00
5.00 4.70
5.00 3.14
5.00 3.71
5.00 3.59
5.00 5.00
5.00 5.00
5.00 3.93
5.00 0.44
5.00 2.26
5.00 3.83
5.00 4.28
5.00 0.56
5.00 5.00
5.00 2.11
5.00 2.55
5.00 3.65
5.00 0.37
5.00 4.62
5.00 5.00
5.00 3.90
5.00 4.45
5.00 0.54
5.00 0.29
5.00 2.42
5.00 5.00
5.00 0.28
5.00 3.59
0.00 1.25
0.00 0.81
0.00 0.81
0.00 1.02
0.00 1.87
0.00 1.14
0.00 1.15
0.00 1.14
0.00 1.39
0.00 1.14
0.00 1.24
0.00 1.72
0.00 1.72
0.00 1.87
0.00 1.15
3.50 4.06
3.50 4.01
3.50 4.69
3.50 4.03
3.50 4.02
3.50 4.82
3.50 4.75
3.50 4.78
3.50 4.03
3.50 4.11
3.50 4.17
3.50 4.03
3.50 3.96
3.50 4.72
3.50 4.03
4.00 4.47
4.00 5.00
4.00 4.02
4.00 4.86
4.00 4.00
4.00 4.28
4.00 4.23
4.00 4.23
4.00 4.35
4.00 4.01
4.00 4.41
4.00 5.00
4.00 4.41
4.00 4.28
4.00 4.95
4.50 3.97
4.50 5.00
4.50 3.94
4.50 4.70
4.50 3.95
4.50 4.64
4.50 4.52
4.50 4.58
4.50 3.92
4.50 4.76
4.50 5.00
4.50 4.70
4.50 4.58
4.50 5.00
4.50 5.00
0.50 1.50
0.50 2.13
0.50 1.80
0.50 1.97
0.50 1.86
0.50 2.13
0.50 1.65
0.50 1.97
0.50 1.80
0.50 1.65
0.50 1.60
0.50 1.36
0.50 1.48
0.50 1.73
0.50 1.50
1.00 2.30
1.00 2.14
1.00 2.64
1.00 2.14
1.00 2.98
1.00 2.48
1.00 2.46
1.00 2.90
1.00 2.64
1.00 2.48
1.00 1.99
1.00 2.29
1.00 2.29
1.00 3.11
1.00 2.90
1.50 2.98
1.50 3.04
1.50 3.11
1.50 2.80
1.50 3.17
1.50 4.14
1.50 3.58
1.50 3.38
1.50 3.38
1.50 3.85
1.50 2.98
1.50 4.11
1.50 3.60
1.50 2.80
1.50 3.60
2.00 3.26
2.00 3.55
2.00 4.03
2.00 3.50
2.00 3.37
2.00 3.45
2.00 3.27
2.00 3.50
2.00 3.26
2.00 4.08
2.00 3.41
2.00 3.41
2.00 4.06
2.00 3.55
2.00 4.05
2.50 4.03
2.50 4.05
2.50 4.03
2.50 3.29
2.50 4.04
2.50 3.35
2.50 3.23
2.50 4.03
2.50 3.19
2.50 3.33
2.50 3.23
2.50 3.26
2.50 3.32
2.50 3.33
2.50 3.19
3.00 4.05
3.00 3.43
3.00 3.10
3.00 3.07
3.00 3.46
3.00 4.08
3.00 4.09
3.00 3.13
3.00 4.11
3.00 3.36
3.00 4.07
3.00 3.10
3.00 3.07
3.00 3.13
3.00 3.05
3.50 2.92
3.50 2.99
3.50 3.55
3.50 2.94
3.50 4.18
3.50 3.02
3.50 4.13
3.50 3.59
3.50 4.14
3.50 2.99
3.50 3.52
3.50 2.92
3.50 2.97
3.50 4.16
3.50 2.97
4.00 2.80
4.00 4.27
4.00 2.87
4.00 3.78
4.00 2.89
4.00 4.22
4.00 4.29
4.00 3.68
4.00 3.90
4.00 2.80
4.00 4.32
4.00 2.85
4.00 4.25
4.00 2.85
4.00 3.84
4.50 4.35
4.50 2.75
4.50 4.23
4.50 2.77
4.50 2.73
4.50 4.47
4.50 4.41
4.50 2.73
4.50 2.75
4.50 2.77
4.50 3.97
4.50 2.78
4.50 4.44
4.50 2.78
4.50 4.13
5.00 5.00
5.00 2.74
5.00 5.00
5.00 3.01
5.00 2.65
5.00 5.00
5.00 5.00
5.00 2.66
5.00 5.00
5.00 2.68
5.00 2.70
5.00 2.68
5.00 5.00
5.00 3.83
5.00 5.00
5.00 5.00
5.00 5.00
5.00 2.70
5.00 2.74
5.00 2.67
5.00 3.16
5.00 2.68
5.00 5.00
5.00 4.59
5.00 2.66
5.00 3.55
5.00 4.63
5.00 5.00
5.00 5.00
5.00 3.87
5.00 2.68
5.00 5.00
5.00 5.00
5.00 2.70
5.00 2.67
5.00 5.00
5.00 5.00
5.00 5.00
5.00 5.00
5.00 2.65
5.00 5.00
5.00 5.00
5.00 5.00
5.00 4.01
5.00 3.49
0.00 1.14
0.00 0.92
0.00 1.24
0.00 1.37
0.00 0.92
0.00 0.95
0.00 1.09
0.00 1.14
0.00 1.01
0.00 1.24
0.00 1.04
0.00 1.04
0.00 1.26
0.00 0.95
0.00 1.17
0.50 1.21
0.50 1.21
0.50 1.05
0.50 1.13
0.50 0.98
1.00 1.30
1.00 1.30
1.00 1.39
1.00 1.59
1.00 1.49
1.50 1.99
1.50 2.21
1.50 2.11
1.50 1.78
1.50 1.78
3.50 2.12
3.50 2.12
3.50 2.16
3.50 2.14
3.50 2.18
4.00 2.10
4.00 2.10
4.00 2.06
4.00 2.04
4.00 2.04
4.50 2.00
4.50 2.02
4.50 2.03
4.50 2.01
4.50 2.02
5.00 4.41
5.00 5.00
5.00 5.00
5.00 5.00
5.00 1.80
5.00 5.00
5.00 5.00
5.00 5.00
5.00 5.00
5.00 5.00
5.00 2.52
5.00 5.00
5.00 5.00
5.00 5.00
5.00 2.37
0.00 0.78
0.00 0.79
0.00 5.00
0.00 0.78
0.00 0.84
2.00 2.31
2.00 2.42
2.00 2.60
2.00 2.53
2.00 2.65
2.50 2.39
2.50 2.55
2.50 2.43
2.50 2.51
2.50 2.47
3.00 2.23
3.00 2.26
3.00 2.35
3.00 2.29
3.00 2.32
0.50 1.59
0.50 1.70
0.50 2.11
0.50 1.97
0.50 1.84
0.50 1.70
0.50 1.40
0.50 1.84
0.50 1.60
0.50 1.72
0.50 2.11
0.50 1.50
0.50 1.50
0.50 1.59
0.50 1.40
1.00 2.47
1.00 2.66
1.00 2.86
1.00 2.30
1.00 2.46
1.00 2.66
1.00 2.87
1.00 3.10
1.00 2.28
1.00 1.98
1.00 2.28
1.00 2.86
1.00 2.14
1.00 1.98
1.00 2.47
1.50 5.00
1.50 5.00
1.50 3.33
1.50 3.57
1.50 5.00
1.50 5.00
1.50 4.46
1.50 4.46
1.50 3.84
1.50 3.57
1.50 4.05
1.50 5.00
1.50 3.33
1.50 4.05
1.50 5.00
2.00 5.00
2.00 5.00
2.00 5.00
2.00 4.43
2.00 5.00
2.00 5.00
2.00 5.00
2.00 4.37
2.00 5.00
2.00 5.00
2.00 4.37
2.00 4.41
2.00 5.00
2.00 4.43
2.00 4.39
2.50 5.00
2.50 4.36
2.50 4.36
2.50 4.36
2.50 5.00
2.50 5.00
2.50 4.36
2.50 4.37
2.50 4.36
2.50 5.00
2.50 4.36
2.50 5.00
2.50 5.00
2.50 5.00
2.50 4.37
3.00 4.40
3.00 5.00
3.00 5.00
3.00 5.00
3.00 4.38
3.00 4.41
3.00 4.37
3.00 4.97
3.00 4.39
3.00 4.40
3.00 4.98
3.00 4.97
3.00 4.37
3.00 5.00
3.00 4.38
3.50 5.00
3.50 4.42
3.50 4.45
3.50 4.45
3.50 4.97
3.50 4.98
3.50 5.00
3.50 4.45
3.50 4.97
3.50 4.44
3.50 4.97
3.50 4.99
3.50 4.99
3.50 4.98
3.50 4.44
5.00 5.00
5.00 5.00
5.00 5.00
5.00 5.00
5.00 5.00
5.00 3.85
5.00 5.00
5.00 5.00
5.00 5.00
5.00 5.00
5.00 5.00
5.00 4.24
5.00 5.00
5.00 5.00
5.00 4.00
5.00 5.00
5.00 5.00
5.00 3.63
5.00 5.00
5.00 4.06
5.00 5.00
5.00 5.00
5.00 5.00
5.00 3.09
5.00 5.00
5.00 5.00
5.00 3.90
5.00 5.00
5.00 5.00
5.00 5.00
5.00 4.05
5.00 5.00
5.00 5.00
5.00 5.00
5.00 4.47
5.00 2.74
5.00 5.00
5.00 3.76
5.00 5.00
5.00 5.00
5.00 4.17
5.00 4.54
5.00 4.11
5.00 5.00
5.00 5.00
0.00 1.08
0.00 1.28
0.00 1.18
0.00 0.90
0.00 1.10
0.00 1.38
0.00 0.90
0.00 1.20
0.00 1.38
0.00 1.20
0.00 1.18
0.00 1.28
0.00 1.47
0.00 1.00
0.00 1.47
4.00 5.00
4.00 5.00
4.00 4.47
4.00 5.00
4.00 5.00
4.00 5.00
4.00 5.00
4.00 4.48
4.00 5.00
4.00 4.48
4.00 5.00
4.00 4.48
4.00 4.47
4.00 5.00
4.00 5.00
4.50 5.00
4.50 5.00
4.50 4.46
4.50 5.00
4.50 5.00
4.50 5.00
4.50 5.00
4.50 5.00
4.50 5.00
4.50 4.44
4.50 5.00
4.50 5.00
4.50 4.47
4.50 4.47
4.50 4.45
0.50 1.69
0.50 1.98
0.50 1.48
0.50 1.98
0.50 1.69
0.50 1.27
0.50 1.42
0.50 1.27
0.50 1.56
0.50 1.83
0.50 1.42
0.50 1.69
0.50 1.98
0.50 1.59
0.50 1.98
0.50 1.17
0.50 1.17
0.50 1.43
0.50 1.55
0.50 1.37
0.50 1.55
0.50 1.59
0.50 1.84
0.50 1.83
0.50 1.69
0.50 1.84
0.50 1.48
0.50 1.56
1.00 2.65
1.00 2.47
1.00 2.29
1.00 1.81
1.00 1.93
1.00 2.06
1.00 2.13
1.00 2.85
1.00 1.81
1.00 2.85
1.00 2.65
1.00 1.70
1.00 2.29
1.00 2.13
1.00 2.83
1.00 2.29
1.00 2.47
1.00 2.65
1.00 2.83
1.00 2.47
1.00 2.13
1.00 2.13
1.00 2.29
1.00 1.70
1.00 2.20
1.00 2.20
1.00 2.06
1.00 2.65
1.50 2.32
1.50 3.23
1.50 3.72
1.50 3.45
1.50 3.26
1.50 2.44
1.50 2.72
1.50 3.45
1.50 3.26
1.50 3.69
1.50 3.02
1.50 3.02
1.50 3.69
1.50 2.88
1.50 2.44
1.50 3.64
1.50 2.88
1.50 3.98
1.50 3.05
1.50 3.72
1.50 3.23
1.50 2.72
1.50 3.05
1.50 3.98
1.50 2.58
1.50 3.64
1.50 2.58
1.50 3.48
2.00 3.88
2.00 3.91
2.00 2.81
2.00 2.75
2.00 3.50
2.00 3.43
2.00 2.59
2.00 2.69
2.00 3.91
2.00 3.59
2.00 2.64
2.00 3.47
2.00 3.47
2.00 3.59
2.00 2.81
2.00 3.54
2.00 3.43
2.00 2.75
2.00 3.50
2.00 2.59
2.00 2.64
2.00 2.69
2.00 3.90
2.00 3.88
2.00 3.93
2.00 3.93
2.00 3.96
2.00 3.96
2.50 2.50
2.50 3.29
2.50 3.34
2.50 2.43
2.50 2.46
2.50 3.84
2.50 3.86
2.50 2.55
2.50 3.84
2.50 3.83
2.50 2.50
2.50 2.39
2.50 2.39
2.50 3.85
2.50 2.46
2.50 3.32
2.50 3.40
2.50 2.43
2.50 3.85
2.50 3.34
2.50 3.86
2.50 2.55
2.50 3.32
2.50 3.29
2.50 3.83
2.50 3.87
2.50 3.37
2.50 3.37
3.00 3.83
3.00 3.82
3.00 2.30
3.00 3.18
3.00 3.22
3.00 3.27
3.00 2.25
3.00 2.28
3.00 2.30
3.00 3.20
3.00 3.80
3.00 3.22
3.00 2.33
3.00 3.83
3.00 3.81
3.00 3.82
3.00 2.36
3.00 3.81
3.00 3.80
3.00 2.33
3.00 3.24
3.00 2.36
3.00 3.27
3.00 2.28
3.00 3.82
3.00 2.25
3.00 3.18
3.00 3.20
3.50 3.77
3.50 2.21
3.50 3.76
3.50 3.78
3.50 2.20
3.50 2.18
3.50 3.80
3.50 3.07
3.50 3.11
3.50 2.23
3.50 3.07
3.50 3.11
3.50 2.23
3.50 3.09
3.50 2.17
3.50 3.79
3.50 2.21
3.50 2.20
3.50 3.80
3.50 3.76
3.50 3.78
3.50 3.77
3.50 3.13
3.50 3.13
3.50 2.17
3.50 3.15
3.50 3.79
3.50 3.15
4.00 3.68
4.00 3.03
4.00 2.99
4.00 3.70
4.00 2.97
4.00 2.14
4.00 3.05
4.00 3.72
4.00 2.15
4.00 2.14
4.00 3.74
4.00 2.99
4.00 3.05
4.00 3.73
4.00 2.12
4.00 2.97
4.00 2.15
4.00 3.74
4.00 2.13
4.00 3.03
4.00 3.72
4.00 2.12
4.00 3.01
4.00 3.73
4.00 3.68
4.00 2.14
4.00 3.70
4.00 2.13
4.50 3.57
4.50 3.66
4.50 2.12
4.50 2.12
4.50 2.11
4.50 2.90
4.50 2.89
4.50 3.66
4.50 2.92
4.50 2.11
4.50 2.90
4.50 2.11
4.50 2.12
4.50 2.94
4.50 2.89
4.50 3.64
4.50 2.92
4.50 2.11
4.50 2.96
4.50 3.64
4.50 2.12
4.50 3.62
4.50 2.94
4.50 3.60
4.50 2.12
4.50 2.12
4.50 3.62
4.50 2.96
5.00 2.87
5.00 5.00
5.00 5.00
5.00 3.31
5.00 5.00
5.00 5.00
5.00 2.62
5.00 5.00
5.00 2.57
5.00 4.05
5.00 5.00
5.00 5.00
5.00 5.00
5.00 5.00
5.00 2.75
5.00 5.00
5.00 4.30
5.00 2.98
5.00 5.00
5.00 5.00
5.00 2.74
5.00 5.00
5.00 5.00
5.00 5.00
5.00 5.00
5.00 5.00
5.00 5.00
5.00 5.00
5.00 5.00
5.00 5.00
5.00 5.00
5.00 5.00
5.00 3.52
5.00 5.00
5.00 5.00
5.00 2.17
5.00 3.23
5.00 5.00
5.00 2.25
5.00 2.36
5.00 2.22
5.00 5.00
5.00 2.56
5.00 3.09
5.00 2.71
5.00 5.00
5.00 2.76
5.00 2.73
5.00 5.00
5.00 5.00
5.00 2.43
5.00 5.00
5.00 5.00
5.00 5.00
5.00 2.66
5.00 2.19
5.00 5.00
5.00 2.93
5.00 5.00
5.00 3.13
5.00 5.00
5.00 3.31
5.00 5.00
5.00 2.51
5.00 5.00
5.00 2.80
5.00 2.75
5.00 3.64
5.00 5.00
5.00 5.00
5.00 2.86
5.00 5.00
5.00 5.00
5.00 2.77
5.00 2.14
5.00 5.00
5.00 5.00
5.00 3.93
5.00 5.00
5.00 5.00
5.00 5.00
5.00 5.00
5.00 5.00
5.00 5.00
0.00 1.12
0.00 1.08
0.00 0.99
0.00 0.80
0.00 1.09
0.00 1.18
0.00 1.30
0.00 0.89
0.00 0.98
0.00 1.22
0.00 5.00
0.00 1.30
0.00 1.08
0.00 0.89
0.00 1.12
0.00 0.94
0.00 0.71
0.00 1.31
0.00 1.03
0.00 0.71
0.00 0.90
0.00 1.18
0.00 1.03
0.00 0.99
0.00 1.22
0.00 1.31
0.00 0.80
0.00 0.90
0.50 2.13
0.50 1.71
0.50 1.64
0.50 1.39
0.50 1.98
0.50 1.84
0.50 1.77
0.50 2.31
0.50 1.84
0.50 1.51
0.50 1.28
0.50 1.98
0.50 1.28
0.50 1.51
0.50 1.39
1.00 3.45
1.00 1.89
1.00 2.72
1.00 2.48
1.00 2.17
1.00 2.50
1.00 1.89
1.00 2.32
1.00 2.95
1.00 2.50
1.00 2.17
1.00 2.03
1.00 2.72
1.00 3.45
1.00 2.32
1.50 3.12
1.50 2.95
1.50 4.69
1.50 4.02
1.50 4.69
1.50 3.72
1.50 3.72
1.50 4.72
1.50 2.78
1.50 3.31
1.50 4.72
1.50 4.35
1.50 4.02
1.50 2.63
1.50 4.35
2.00 3.06
2.00 4.65
2.00 4.64
2.00 3.15
2.00 3.10
2.00 4.65
2.00 4.67
2.00 4.65
2.00 3.20
2.00 3.25
2.00 4.64
2.00 4.67
2.00 4.65
2.00 4.65
2.00 4.65
2.50 2.86
2.50 4.71
2.50 2.90
2.50 2.97
2.50 4.71
2.50 3.01
2.50 4.67
2.50 4.66
2.50 4.67
2.50 4.66
2.50 4.74
2.50 2.93
2.50 4.69
2.50 4.74
2.50 4.69
3.00 4.84
3.00 2.83
3.00 2.80
3.00 4.80
3.00 4.88
3.00 2.73
3.00 4.88
3.00 4.80
3.00 4.77
3.00 4.93
3.00 4.77
3.00 2.76
3.00 4.84
3.00 2.71
3.00 4.93
3.50 5.00
3.50 4.97
3.50 2.58
3.50 2.58
3.50 2.68
3.50 2.63
3.50 4.97
3.50 4.73
3.50 2.66
3.50 5.00
3.50 4.91
3.50 5.00
3.50 5.00
3.50 2.61
3.50 4.84
4.00 2.52
4.00 2.48
4.00 2.54
4.00 5.00
4.00 5.00
4.00 2.52
4.00 2.50
4.00 2.56
4.00 2.56
4.00 5.00
4.00 5.00
4.00 5.00
4.00 2.50
4.00 2.48
4.00 5.00
5.00 4.51
5.00 2.15
5.00 5.00
5.00 2.64
5.00 5.00
5.00 5.00
5.00 1.96
5.00 2.05
5.00 5.00
5.00 3.16
5.00 5.00
5.00 2.38
5.00 5.00
5.00 5.00
5.00 5.00
5.00 5.00
5.00 5.00
5.00 2.31
5.00 5.00
5.00 5.00
5.00 5.00
5.00 5.00
5.00 5.00
5.00 5.00
5.00 4.02
5.00 2.46
5.00 5.00
5.00 3.52
5.00 3.77
5.00 4.07
5.00 5.00
5.00 5.00
5.00 3.16
5.00 4.14
5.00 2.82
5.00 2.24
5.00 4.63
5.00 5.00
5.00 2.34
5.00 5.00
5.00 5.00
5.00 5.00
5.00 5.00
5.00 4.71
5.00 5.00
0.00 1.09
0.00 1.15
0.00 1.09
0.00 1.58
0.00 1.18
0.00 1.45
0.00 1.45
0.00 1.58
0.00 0.93
0.00 1.01
0.00 1.25
0.00 1.35
0.00 1.25
0.00 0.93
0.00 1.18
4.50 5.00
4.50 2.46
4.50 2.44
4.50 2.41
4.50 2.40
4.50 2.43
4.50 5.00
4.50 2.44
4.50 5.00
4.50 2.40
4.50 2.43
4.50 2.41
4.50 5.00
4.50 2.46
4.50 5.00
0.50 1.92
0.50 1.77
0.50 1.63
0.50 1.63
0.50 2.07
1.00 2.83
1.00 2.62
1.00 2.24
1.00 3.06
1.00 2.83
1.50 3.54
1.50 3.81
1.50 4.03
1.50 3.29
1.50 3.54
2.00 3.92
2.00 4.38
2.00 4.38
2.00 4.01
2.00 4.40
2.50 4.44
2.50 4.39
2.50 3.72
2.50 3.76
2.50 3.80
3.00 4.47
3.00 4.58
3.00 3.46
3.00 4.52
3.00 4.49
3.50 3.38
3.50 3.42
3.50 4.75
3.50 4.68
3.50 4.65
5.00 2.78
5.00 5.00
5.00 5.00
5.00 5.00
5.00 5.00
5.00 5.00
5.00 2.19
5.00 5.00
5.00 1.94
5.00 3.84
5.00 3.67
5.00 3.25
5.00 5.00
5.00 5.00
5.00 1.89
0.00 0.97
0.00 1.17
0.00 1.37
0.00 1.27
0.00 0.97
4.00 4.92
4.00 4.89
4.00 4.82
4.00 4.78
4.00 4.85
4.50 4.99
4.50 5.00
4.50 5.00
4.50 4.95
4.50 5.00
0.50 1.71
0.50 1.38
0.50 1.28
0.50 1.71
0.50 1.48
1.00 2.45
1.00 2.28
1.00 2.13
1.00 1.84
1.00 1.84
1.50 3.23
1.50 2.62
1.50 2.62
1.50 3.01
1.50 3.01
2.00 4.53
2.00 4.23
2.00 4.53
2.00 3.69
2.00 3.95
2.50 4.65
2.50 4.44
2.50 5.00
2.50 4.73
2.50 4.73
5.00 5.00
5.00 5.00
5.00 5.00
5.00 4.99
5.00 5.00
5.00 5.00
5.00 4.34
5.00 2.81
5.00 5.00
5.00 5.00
5.00 5.00
5.00 5.00
5.00 2.08
5.00 5.00
5.00 5.00
0.00 1.08
0.00 1.10
0.00 1.08
0.00 1.18
0.00 1.18
3.00 5.00
3.00 5.00
3.00 5.00
3.00 5.00
3.00 5.00
3.50 5.00
3.50 5.00
3.50 5.00
3.50 5.00
3.50 5.00
4.00 5.00
4.00 5.00
4.00 5.00
4.00 5.00
4.00 5.00
4.50 5.00
4.50 5.00
4.50 5.00
4.50 5.00
4.50 5.00
0.50 2.01
0.50 2.01
0.50 1.56
0.50 1.43
0.50 1.86
0.50 1.71
1.00 2.33
1.00 2.33
1.00 2.16
1.00 2.16
1.00 2.71
1.00 2.90
1.50 3.82
1.50 3.56
1.50 3.56
1.50 3.10
1.50 3.75
1.50 3.10
2.00 3.55
2.00 3.55
2.00 3.44
2.00 3.61
2.00 3.50
2.00 3.44
2.50 3.35
2.50 3.22
2.50 3.22
2.50 3.39
2.50 3.39
2.50 3.26
3.00 3.08
3.00 3.18
3.00 3.18
3.00 3.08
3.00 3.05
3.00 3.15
3.50 2.92
3.50 2.98
3.50 2.89
3.50 2.92
3.50 2.95
3.50 2.98
4.00 2.81
4.00 2.79
4.00 2.84
4.00 2.76
4.00 2.79
4.00 2.84
4.50 2.72
4.50 2.74
4.50 2.69
4.50 2.74
4.50 2.69
4.50 2.72
5.00 5.00
5.00 2.77
5.00 2.56
5.00 5.00
5.00 2.65
5.00 5.00
5.00 2.58
5.00 2.59
5.00 2.60
5.00 2.62
5.00 2.74
5.00 2.62
5.00 5.00
5.00 5.00
5.00 2.72
5.00 2.56
5.00 2.79
5.00 2.56
0.00 1.31
0.00 0.93
0.00 1.02
0.00 0.93
0.00 1.19
0.00 1.02
0.50 1.24
0.50 1.52
0.50 1.46
0.50 1.35
0.50 1.33
0.50 1.24
0.50 1.42
0.50 5.00
0.50 1.92
0.50 1.42
0.50 1.37
0.50 1.92
0.50 1.52
0.50 1.14
0.50 1.33
0.50 1.78
0.50 5.00
0.50 1.50
0.50 1.14
0.50 1.63
0.50 5.00
1.00 1.89
1.00 1.57
1.00 2.06
1.00 1.93
1.00 1.64
1.00 2.76
1.00 2.16
1.00 2.16
1.00 2.06
1.00 2.06
1.00 1.64
1.00 2.76
1.00 2.22
1.00 1.89
1.00 2.58
1.00 2.22
1.00 1.81
1.00 2.39
1.00 1.76
1.00 2.02
1.00 1.76
1.50 3.14
1.50 3.14
1.50 2.34
1.50 3.53
1.50 2.65
1.50 3.60
1.50 2.96
1.50 2.61
1.50 2.78
1.50 2.30
1.50 2.45
1.50 3.36
1.50 2.80
1.50 3.60
1.50 2.94
1.50 3.36
1.50 2.30
1.50 2.65
1.50 2.45
1.50 2.94
1.50 2.49
2.00 2.96
2.00 3.33
2.00 3.13
2.00 3.33
2.00 3.50
2.00 3.22
2.00 3.74
2.00 3.46
2.00 3.14
2.00 3.46
2.00 3.33
2.00 2.96
2.00 3.33
2.00 3.27
2.00 3.96
2.00 3.13
2.00 3.31
2.00 3.47
2.00 3.47
2.00 3.53
2.00 3.14
2.50 3.40
2.50 3.08
2.50 3.17
2.50 3.99
2.50 3.36
2.50 4.00
2.50 3.45
2.50 3.00
2.50 3.00
2.50 3.36
2.50 3.12
2.50 3.40
2.50 3.97
2.50 3.98
2.50 3.04
2.50 3.98
2.50 3.42
2.50 3.45
2.50 3.08
2.50 3.17
2.50 3.96
3.00 3.30
3.00 3.32
3.00 4.04
3.00 2.93
3.00 2.93
3.00 2.86
3.00 4.03
3.00 3.34
3.00 4.02
3.00 2.97
3.00 3.30
3.00 4.03
3.00 3.28
3.00 2.83
3.00 2.83
3.00 4.05
3.00 2.97
3.00 2.86
3.00 2.90
3.00 2.90
3.00 4.02
3.50 3.24
3.50 4.08
3.50 2.78
3.50 2.71
3.50 3.20
3.50 2.81
3.50 3.22
3.50 2.73
3.50 3.24
3.50 2.78
3.50 4.08
3.50 2.71
3.50 2.81
3.50 3.20
3.50 2.75
3.50 4.06
3.50 4.07
3.50 4.07
3.50 2.73
3.50 3.22
3.50 4.08
4.00 4.07
4.00 4.04
4.00 3.14
4.00 2.69
4.00 4.06
4.00 3.08
4.00 2.65
4.00 3.14
4.00 2.65
4.00 2.67
4.00 4.06
4.00 4.04
4.00 3.12
4.00 2.63
4.00 2.69
4.00 2.63
4.00 4.05
4.00 2.67
4.00 3.08
4.00 4.07
4.00 2.61
4.50 2.56
4.50 2.99
4.50 2.55
4.50 2.55
4.50 2.95
4.50 2.56
4.50 2.58
4.50 4.02
4.50 3.03
4.50 3.01
4.50 2.58
4.50 2.97
4.50 4.02
4.50 2.60
4.50 4.02
4.50 4.02
4.50 4.02
4.50 4.02
4.50 2.57
4.50 2.57
4.50 2.60
5.00 2.57
5.00 2.34
5.00 5.00
5.00 4.32
5.00 4.34
5.00 3.93
5.00 2.58
5.00 2.39
5.00 5.00
5.00 2.71
5.00 2.36
5.00 2.49
5.00 2.64
5.00 2.40
5.00 2.66
5.00 2.54
5.00 2.49
5.00 2.58
5.00 4.23
5.00 2.69
5.00 2.40
5.00 2.54
5.00 2.35
5.00 5.00
5.00 2.68
5.00 2.38
5.00 3.50
5.00 2.53
5.00 2.68
5.00 5.00
5.00 3.95
5.00 2.81
5.00 2.62
5.00 2.35
5.00 2.59
5.00 4.58
5.00 5.00
5.00 3.09
5.00 2.53
5.00 5.00
5.00 2.38
5.00 3.23
5.00 3.99
5.00 2.41
5.00 3.87
5.00 2.47
5.00 5.00
5.00 4.61
5.00 2.33
5.00 5.00
5.00 2.62
5.00 2.53
5.00 3.88
5.00 2.68
5.00 2.43
5.00 2.57
5.00 3.16
5.00 2.70
5.00 2.68
5.00 2.83
5.00 3.23
5.00 2.58
5.00 4.67
0.00 0.93
0.00 1.03
0.00 1.25
0.00 1.06
0.00 0.83
0.00 0.96
0.00 1.25
0.00 1.31
0.00 0.93
0.00 1.20
0.00 1.03
0.00 1.05
0.00 1.05
0.00 1.20
0.00 0.93
0.00 1.14
0.00 1.05
0.00 5.00
0.00 1.31
0.00 0.94
0.00 5.00
0.50 2.13
0.50 1.40
0.50 2.00
0.50 1.84
0.50 2.00
0.50 1.84
0.50 1.77
0.50 1.96
0.50 2.33
0.50 2.33
0.50 1.40
0.50 1.68
0.50 1.77
0.50 1.54
0.50 1.96
1.00 3.02
1.00 2.33
1.00 2.93
1.00 2.16
1.00 2.77
1.00 2.71
1.00 3.85
1.00 3.02
1.00 2.52
1.00 2.77
1.00 2.16
1.00 2.93
1.00 2.33
1.00 3.27
1.00 3.55
1.50 4.44
1.50 3.88
1.50 4.17
1.50 3.62
1.50 4.57
1.50 4.50
1.50 4.39
1.50 4.44
1.50 4.57
1.50 4.19
1.50 4.19
1.50 3.37
1.50 3.62
1.50 4.17
1.50 4.39
2.00 4.13
2.00 4.27
2.00 4.32
2.00 4.12
2.00 4.35
2.00 4.14
2.00 4.26
2.00 4.27
2.00 4.29
2.00 4.12
2.00 4.35
2.00 4.12
2.00 4.29
2.00 4.14
2.00 4.26
2.50 4.24
2.50 4.12
2.50 4.25
2.50 4.15
2.50 4.13
2.50 4.24
2.50 4.25
2.50 4.15
2.50 4.24
2.50 4.24
2.50 4.14
2.50 4.14
2.50 4.13
2.50 4.12
2.50 4.25
3.00 4.29
3.00 4.30
3.00 4.16
3.00 4.29
3.00 4.28
3.00 4.27
3.00 4.23
3.00 4.19
3.00 4.18
3.00 4.21
3.00 4.19
3.00 4.30
3.00 4.31
3.00 4.23
3.00 4.28
3.50 4.25
3.50 4.28
3.50 4.32
3.50 4.34
3.50 4.38
3.50 4.32
3.50 4.32
3.50 4.26
3.50 4.33
3.50 4.35
3.50 4.34
3.50 4.28
3.50 4.33
3.50 4.25
3.50 4.35
5.00 5.00
5.00 5.00
5.00 5.00
5.00 5.00
5.00 4.35
5.00 3.29
5.00 5.00
5.00 5.00
5.00 2.29
5.00 4.06
5.00 3.13
5.00 5.00
5.00 5.00
5.00 2.32
5.00 5.00
5.00 5.00
5.00 2.60
5.00 5.00
5.00 5.00
5.00 5.00
5.00 5.00
5.00 4.15
5.00 5.00
5.00 2.44
5.00 5.00
5.00 1.11
5.00 5.00
5.00 4.74
5.00 5.00
5.00 3.73
5.00 2.84
5.00 4.38
5.00 5.00
5.00 5.00
5.00 1.55
5.00 3.88
5.00 4.58
5.00 5.00
5.00 5.00
5.00 5.00
5.00 5.00
5.00 5.00
5.00 5.00
5.00 4.60
5.00 1.36
0.00 0.98
0.00 1.61
0.00 1.04
0.00 1.08
0.00 1.17
0.00 0.89
0.00 1.30
0.00 1.08
0.00 1.45
0.00 1.45
0.00 1.04
0.00 1.30
0.00 0.89
0.00 1.27
0.00 1.18
4.00 4.35
4.00 4.47
4.00 4.50
4.00 4.34
4.00 4.53
4.00 4.38
4.00 4.38
4.00 4.37
4.00 4.37
4.00 4.41
4.00 4.39
4.00 4.35
4.00 4.44
4.00 4.39
4.00 4.34
4.50 4.43
4.50 4.42
4.50 4.56
4.50 4.43
4.50 4.40
4.50 4.41
4.50 4.59
4.50 4.41
4.50 4.43
4.50 4.40
4.50 4.43
4.50 4.67
4.50 4.62
4.50 4.42
4.50 4.64
0.50 1.41
0.50 1.53
0.50 1.21
0.50 1.67
0.50 1.53
1.00 2.40
1.00 2.25
1.00 1.95
1.00 2.25
1.00 2.40
1.50 3.11
1.50 2.57
1.50 3.30
1.50 3.11
1.50 2.92
2.00 3.96
2.00 3.95
2.00 3.95
2.00 3.97
2.00 3.72
2.50 4.04
2.50 4.00
2.50 4.04
2.50 4.06
2.50 4.02
3.00 4.10
3.00 4.08
3.00 4.08
3.00 4.11
3.00 4.15
3.50 4.17
3.50 4.20
3.50 4.21
3.50 4.19
3.50 4.22
4.00 4.24
4.00 4.24
4.00 4.26
4.00 4.24
4.00 4.23
5.00 5.00
5.00 4.31
5.00 4.34
5.00 5.00
5.00 4.61
5.00 4.27
5.00 3.02
5.00 5.00
5.00 4.27
5.00 4.31
5.00 2.69
5.00 5.00
5.00 5.00
5.00 4.32
5.00 2.69
0.00 0.89
0.00 1.00
0.00 1.10
0.00 0.89
0.00 0.91
4.50 4.29
4.50 4.34
4.50 4.35
4.50 4.31
4.50 4.33
0.50 2.11
0.50 2.11
0.50 1.76
0.50 2.01
0.50 1.82
0.50 1.59
0.50 1.82
0.50 2.30
0.50 2.40
0.50 2.30
0.50 2.62
0.50 1.76
0.50 1.94
0.50 2.01
0.50 1.94
1.00 3.13
1.00 3.48
1.00 3.40
1.00 2.86
1.00 3.40
1.00 3.70
1.00 3.21
1.00 2.97
1.00 2.73
1.00 2.97
1.00 3.21
1.00 2.73
1.00 4.03
1.00 3.70
1.00 4.03
1.50 4.33
1.50 4.45
1.50 3.77
1.50 4.33
1.50 4.67
1.50 4.40
1.50 4.81
1.50 4.67
1.50 4.40
1.50 4.43
1.50 4.09
1.50 3.77
1.50 4.34
1.50 4.45
1.50 4.09
2.00 4.44
2.00 4.44
2.00 4.39
2.00 4.30
2.00 4.57
2.00 4.22
2.00 4.41
2.00 4.27
2.00 4.39
2.00 4.41
2.00 4.43
2.00 4.27
2.00 4.24
2.00 4.22
2.00 4.43
2.50 4.19
2.50 4.37
2.50 4.19
2.50 4.35
2.50 4.19
2.50 4.19
2.50 4.36
2.50 4.35
2.50 4.20
2.50 4.19
2.50 4.36
2.50 4.37
2.50 4.19
2.50 4.35
2.50 4.20
3.00 4.39
3.00 4.43
3.00 4.39
3.00 4.38
3.00 4.22
3.00 4.22
3.00 4.23
3.00 4.21
3.00 4.41
3.00 4.21
3.00 4.25
3.00 4.37
3.00 4.27
3.00 4.43
3.00 4.41
3.50 4.53
3.50 4.36
3.50 4.51
3.50 4.28
3.50 4.56
3.50 4.28
3.50 4.45
3.50 4.32
3.50 4.40
3.50 4.30
3.50 4.45
3.50 4.48
3.50 4.32
3.50 4.48
3.50 4.30
5.00 5.00
5.00 5.00
5.00 5.00
5.00 5.00
5.00 5.00
5.00 5.00
5.00 5.00
5.00 4.88
5.00 5.00
5.00 5.00
5.00 3.58
5.00 5.00
5.00 5.00
5.00 5.00
5.00 5.00
5.00 3.31
5.00 3.28
5.00 3.03
5.00 5.00
5.00 5.00
5.00 5.00
5.00 5.00
5.00 5.00
5.00 3.16
5.00 3.30
5.00 5.00
5.00 5.00
5.00 2.09
5.00 5.00
5.00 4.93
5.00 5.00
5.00 3.34
5.00 5.00
5.00 4.54
5.00 5.00
5.00 5.00
5.00 2.67
5.00 5.00
5.00 5.00
5.00 5.00
5.00 3.70
5.00 5.00
5.00 5.00
5.00 5.00
5.00 5.00
0.00 1.09
0.00 1.20
0.00 1.03
0.00 1.03
0.00 1.29
0.00 1.29
0.00 1.34
0.00 1.49
0.00 1.44
0.00 1.09
0.00 1.20
0.00 1.49
0.00 1.44
0.00 1.65
0.00 1.16
4.00 4.62
4.00 4.53
4.00 4.69
4.00 4.44
4.00 4.60
4.00 4.60
4.00 4.66
4.00 4.48
4.00 4.73
4.00 4.66
4.00 4.58
4.00 4.63
4.00 4.63
4.00 4.69
4.00 4.73
4.50 4.76
4.50 4.89
4.50 4.86
4.50 4.79
4.50 4.79
4.50 4.82
4.50 4.83
4.50 4.79
4.50 4.66
4.50 4.82
4.50 4.75
4.50 4.71
4.50 4.86
4.50 4.76
4.50 4.89
0.50 1.51
0.50 1.58
0.50 1.62
0.50 1.49
0.50 1.62
0.50 1.76
0.50 1.36
0.50 1.92
1.00 2.40
1.00 1.33
1.00 2.23
1.00 2.58
1.00 2.07
1.00 1.28
1.00 2.78
1.00 1.24
1.50 3.18
1.50 1.21
1.50 3.40
1.50 1.20
1.50 3.64
1.50 1.19
1.50 1.19
1.50 3.90
2.00 1.22
2.00 1.30
2.00 1.26
2.00 3.79
2.00 3.86
2.00 1.35
2.00 1.20
2.00 3.75
2.50 3.66
2.50 3.63
2.50 3.68
2.50 1.45
2.50 3.70
2.50 1.50
2.50 3.63
2.50 3.65
3.00 3.59
3.00 3.59
3.00 3.61
3.00 3.61
3.00 3.60
3.00 3.62
3.00 3.60
3.00 3.58
3.50 3.56
3.50 3.55
3.50 3.56
3.50 3.55
3.50 3.57
3.50 3.57
3.50 3.57
3.50 3.56
4.00 3.55
4.00 3.56
4.00 3.56
4.00 3.55
4.00 3.55
4.00 3.55
4.00 3.55
4.00 3.56
4.50 3.58
4.50 3.59
4.50 3.60
4.50 3.60
4.50 3.57
4.50 3.59
4.50 3.58
4.50 3.62
5.00 5.00
5.00 1.59
5.00 1.75
5.00 1.60
5.00 4.37
5.00 1.73
5.00 3.29
5.00 3.26
5.00 5.00
5.00 5.00
5.00 1.62
5.00 3.06
5.00 1.61
5.00 3.11
5.00 1.61
5.00 3.70
5.00 5.00
5.00 1.74
5.00 1.62
5.00 3.85
5.00 1.66
5.00 2.92
5.00 1.73
5.00 5.00
0.00 1.06
0.00 1.24
0.00 0.89
0.00 0.97
0.00 1.24
0.00 1.15
0.00 1.15
0.00 0.97
0.50 1.99
0.50 2.16
0.50 1.96
0.50 1.80
0.50 2.57
0.50 1.80
0.50 2.16
0.50 1.99
0.50 2.14
0.50 2.34
0.50 2.36
0.50 1.78
0.50 1.96
0.50 2.14
0.50 1.78
1.00 2.79
1.00 3.91
1.00 3.60
1.00 3.32
1.00 2.79
1.00 3.92
1.00 3.60
1.00 3.06
1.00 3.60
1.00 3.32
1.00 2.80
1.00 3.91
1.00 3.06
1.00 3.92
1.00 3.32
1.50 4.69
1.50 4.26
1.50 4.28
1.50 4.55
1.50 4.49
1.50 4.49
1.50 4.42
1.50 4.66
1.50 4.61
1.50 4.49
1.50 4.42
1.50 4.55
1.50 4.28
1.50 4.49
1.50 4.66
2.00 4.45
2.00 4.20
2.00 4.41
2.00 4.36
2.00 4.37
2.00 4.31
2.00 4.27
2.00 4.36
2.00 4.39
2.00 4.27
2.00 4.23
2.00 4.36
2.00 4.37
2.00 4.23
2.00 4.41
2.50 4.41
2.50 4.17
2.50 4.36
2.50 4.37
2.50 4.11
2.50 4.38
2.50 4.44
2.50 4.17
2.50 4.12
2.50 4.12
2.50 4.44
2.50 4.14
2.50 4.36
2.50 4.15
2.50 4.11
3.00 4.64
3.00 4.10
3.00 4.58
3.00 4.11
3.00 4.58
3.00 4.10
3.00 4.50
3.00 4.10
3.00 4.48
3.00 4.10
3.00 4.11
3.00 4.10
3.00 4.52
3.00 4.50
3.00 4.52
3.50 4.11
3.50 4.12
3.50 5.00
3.50 4.10
3.50 4.81
3.50 4.81
3.50 4.12
3.50 4.12
3.50 4.11
3.50 4.11
3.50 5.00
3.50 4.11
3.50 4.10
3.50 5.00
3.50 4.12
4.00 5.00
4.00 5.00
4.00 4.13
4.00 4.13
4.00 4.13
4.00 5.00
4.00 4.13
4.00 5.00
4.00 4.13
4.00 4.13
4.00 4.13
4.00 4.13
4.00 4.13
4.00 5.00
4.00 4.13
4.50 4.13
4.50 4.13
4.50 4.13
4.50 4.13
4.50 4.12
4.50 5.00
4.50 4.13
4.50 5.00
4.50 5.00
4.50 5.00
4.50 4.13
4.50 5.00
4.50 4.12
4.50 4.12
4.50 4.12
5.00 1.72
5.00 5.00
5.00 5.00
5.00 5.00
5.00 5.00
5.00 5.00
5.00 5.00
5.00 3.95
5.00 3.57
5.00 5.00
5.00 5.00
5.00 3.49
5.00 2.26
5.00 3.83
5.00 5.00
5.00 5.00
5.00 5.00
5.00 4.07
5.00 5.00
5.00 2.44
5.00 5.00
5.00 3.60
5.00 5.00
5.00 3.01
5.00 5.00
5.00 5.00
5.00 5.00
5.00 3.94
5.00 3.86
5.00 5.00
5.00 5.00
5.00 5.00
5.00 5.00
5.00 3.95
5.00 5.00
5.00 5.00
5.00 5.00
5.00 5.00
5.00 5.00
5.00 3.86
5.00 5.00
5.00 5.00
5.00 4.49
5.00 5.00
5.00 3.94
0.00 1.45
0.00 1.03
0.00 1.63
0.00 1.33
0.00 1.30
0.00 1.30
0.00 1.33
0.00 1.63
0.00 1.48
0.00 1.16
0.00 1.45
0.00 1.09
0.00 1.61
0.00 1.20
0.00 1.61
0.50 2.24
0.50 1.61
0.50 1.43
0.50 1.74
0.50 1.91
0.50 1.79
0.50 1.33
0.50 1.58
0.50 1.58
0.50 1.74
0.50 2.07
0.50 1.91
0.50 1.60
0.50 1.66
0.50 2.24
1.00 2.86
1.00 1.62
1.00 2.21
1.00 2.07
1.00 3.08
1.00 1.69
1.00 2.64
1.00 2.64
1.00 3.31
1.00 1.63
1.00 1.65
1.00 3.31
1.00 2.43
1.00 2.55
1.00 2.38
1.50 1.81
1.50 3.13
1.50 1.79
1.50 4.11
1.50 3.57
1.50 1.72
1.50 4.16
1.50 1.77
1.50 2.73
1.50 3.34
1.50 2.93
1.50 4.07
1.50 3.57
1.50 4.11
1.50 4.07
2.00 3.95
2.00 1.85
2.00 3.96
2.00 1.84
2.00 4.04
2.00 1.82
2.00 3.80
2.00 4.37
2.00 4.35
2.00 3.98
2.00 3.96
2.00 4.01
2.00 4.33
2.00 3.95
2.00 4.01
2.50 4.42
2.50 3.92
2.50 1.80
2.50 3.92
2.50 3.94
2.50 1.76
2.50 4.52
2.50 3.92
2.50 1.79
2.50 3.92
2.50 4.45
2.50 1.77
2.50 3.93
2.50 3.93
2.50 3.92
3.00 3.92
3.00 4.75
3.00 4.56
3.00 3.92
3.00 4.52
3.00 3.93
3.00 3.93
3.00 3.94
3.00 4.65
3.00 3.92
3.00 1.72
3.00 1.73
3.00 3.93
3.00 3.93
3.00 3.94
5.00 2.94
5.00 5.00
5.00 5.00
5.00 5.00
5.00 5.00
5.00 5.00
5.00 3.73
5.00 5.00
5.00 2.21
5.00 5.00
5.00 5.00
5.00 4.79
5.00 5.00
5.00 5.00
5.00 5.00
5.00 5.00
5.00 3.59
5.00 5.00
5.00 5.00
5.00 5.00
5.00 5.00
5.00 5.00
5.00 5.00
5.00 5.00
5.00 5.00
5.00 5.00
5.00 5.00
5.00 5.00
5.00 4.86
5.00 2.80
5.00 5.00
5.00 5.00
5.00 5.00
5.00 4.41
5.00 5.00
5.00 5.00
5.00 5.00
5.00 5.00
5.00 1.85
5.00 5.00
5.00 5.00
5.00 5.00
5.00 1.85
5.00 5.00
5.00 5.00
0.00 1.12
0.00 1.22
0.00 1.17
0.00 1.12
0.00 1.02
0.00 1.03
0.00 1.30
0.00 1.02
0.00 1.06
0.00 1.30
0.00 0.95
0.00 1.02
0.00 1.22
0.00 1.02
0.00 1.44
3.50 3.97
3.50 3.97
3.50 3.95
3.50 4.93
3.50 3.95
3.50 3.96
3.50 3.95
3.50 4.98
3.50 3.96
3.50 3.95
3.50 3.97
3.50 3.97
3.50 4.62
3.50 4.85
3.50 4.87
4.00 3.98
4.00 3.98
4.00 3.98
4.00 5.00
4.00 3.99
4.00 5.00
4.00 3.98
4.00 3.98
4.00 3.99
4.00 3.99
4.00 5.00
4.00 5.00
4.00 5.00
4.00 3.98
4.00 3.99
4.50 3.99
4.50 5.00
4.50 5.00
4.50 3.98
4.50 3.98
4.50 3.97
4.50 5.00
4.50 5.00
4.50 3.99
4.50 3.98
4.50 3.99
4.50 3.97
4.50 3.98
4.50 5.00
4.50 3.99
0.50 1.84
0.50 1.57
0.50 1.26
0.50 1.37
0.50 2.14
0.50 1.13
0.50 1.13
0.50 1.37
0.50 2.07
0.50 1.97
0.50 1.47
0.50 1.61
0.50 1.61
0.50 1.57
0.50 1.84
0.50 1.72
0.50 1.61
0.50 1.47
0.50 1.69
0.50 1.48
0.50 1.95
0.50 2.07
0.50 1.35
0.50 1.24
0.50 1.82
0.50 1.72
0.50 1.69
0.50 1.24
0.50 1.51
0.50 1.97
1.00 2.51
1.00 2.05
1.00 1.75
1.00 2.73
1.00 2.19
1.00 2.25
1.00 2.54
1.00 2.41
1.00 2.36
1.00 2.20
1.00 2.32
1.00 2.51
1.00 2.83
1.00 2.10
1.00 2.74
1.00 2.20
1.00 2.69
1.00 1.90
1.00 2.05
1.00 2.54
1.00 1.96
1.00 1.83
1.00 2.25
1.00 2.10
1.00 2.73
1.00 2.73
1.00 2.71
1.00 2.36
1.00 1.96
1.00 2.36
1.50 3.08
1.50 3.28
1.50 2.53
1.50 2.58
1.50 2.78
1.50 2.79
1.50 2.70
1.50 3.95
1.50 3.08
1.50 3.04
1.50 2.93
1.50 3.66
1.50 3.36
1.50 3.28
1.50 2.89
1.50 3.39
1.50 2.53
1.50 3.16
1.50 2.70
1.50 3.09
1.50 2.78
1.50 3.15
1.50 3.06
1.50 2.76
1.50 2.76
1.50 2.93
1.50 2.95
1.50 2.80
1.50 2.82
1.50 3.16
2.00 3.82
2.00 2.81
2.00 3.47
2.00 3.21
2.00 2.78
2.00 3.55
2.00 3.47
2.00 4.33
2.00 3.71
2.00 4.33
2.00 3.97
2.00 3.33
2.00 2.80
2.00 3.71
2.00 3.95
2.00 3.96
2.00 3.15
2.00 3.96
2.00 3.20
2.00 4.07
2.00 3.95
2.00 4.36
2.00 3.82
2.00 3.33
2.00 3.13
2.00 3.40
2.00 3.40
2.00 2.79
2.00 3.58
2.00 3.19
2.50 3.04
2.50 3.20
2.50 3.98
2.50 3.26
2.50 2.90
2.50 4.48
2.50 3.14
2.50 3.98
2.50 4.02
2.50 4.41
2.50 3.09
2.50 4.41
2.50 2.93
2.50 4.04
2.50 4.44
2.50 3.26
2.50 3.20
2.50 3.05
2.50 3.09
2.50 3.04
2.50 4.48
2.50 4.00
2.50 2.85
2.50 4.00
2.50 2.88
2.50 3.07
2.50 2.83
2.50 4.02
2.50 3.10
2.50 3.14
3.00 4.16
3.00 4.13
3.00 4.13
3.00 3.00
3.00 4.60
3.00 2.84
3.00 4.60
3.00 4.18
3.00 3.01
3.00 4.56
3.00 4.11
3.00 4.08
3.00 2.84
3.00 4.08
3.00 3.04
3.00 3.02
3.00 4.56
3.00 3.00
3.00 3.09
3.00 2.87
3.00 2.95
3.00 3.13
3.00 2.97
3.00 3.00
3.00 3.04
3.00 4.69
3.00 4.74
3.00 2.95
3.00 3.00
3.00 2.91
3.50 4.85
3.50 2.80
3.50 2.69
3.50 2.77
3.50 4.26
3.50 2.77
3.50 2.95
3.50 4.23
3.50 4.97
3.50 2.93
3.50 5.00
3.50 4.21
3.50 4.91
3.50 2.71
3.50 4.28
3.50 4.30
3.50 5.00
3.50 2.71
3.50 5.00
3.50 2.74
3.50 5.00
3.50 4.21
3.50 4.92
3.50 2.94
3.50 2.74
3.50 4.30
3.50 4.96
3.50 2.69
3.50 2.96
3.50 4.23
4.00 5.00
4.00 4.36
4.00 2.58
4.00 5.00
4.00 2.62
4.00 2.91
4.00 4.32
4.00 5.00
4.00 2.66
4.00 2.60
4.00 4.35
4.00 4.39
4.00 5.00
4.00 5.00
4.00 2.89
4.00 5.00
4.00 4.36
4.00 5.00
4.00 4.34
4.00 2.58
4.00 2.60
4.00 2.64
4.00 2.92
4.00 4.34
4.00 5.00
4.00 4.35
4.00 5.00
4.00 2.90
4.00 2.88
4.00 4.32
5.00 5.00
5.00 2.13
5.00 5.00
5.00 4.06
5.00 2.18
5.00 5.00
5.00 4.23
5.00 2.69
5.00 5.00
5.00 2.18
5.00 4.56
5.00 5.00
5.00 3.67
5.00 3.69
5.00 5.00
5.00 5.00
5.00 3.68
5.00 2.48
5.00 4.06
5.00 3.68
5.00 5.00
5.00 3.60
5.00 5.00
5.00 0.56
5.00 5.00
5.00 5.00
5.00 4.79
5.00 5.00
5.00 5.00
5.00 5.00
5.00 5.00
5.00 5.00
5.00 5.00
5.00 3.69
5.00 5.00
5.00 5.00
5.00 5.00
5.00 0.64
5.00 4.80
5.00 4.73
5.00 5.00
5.00 1.70
5.00 5.00
5.00 2.48
5.00 4.76
5.00 3.65
5.00 5.00
5.00 5.00
5.00 5.00
5.00 5.00
5.00 5.00
5.00 5.00
5.00 4.06
5.00 2.73
5.00 5.00
5.00 5.00
5.00 4.71
5.00 5.00
5.00 5.00
5.00 2.81
5.00 4.75
5.00 2.19
5.00 3.69
5.00 2.48
5.00 5.00
5.00 2.73
5.00 0.51
5.00 0.35
5.00 3.69
5.00 3.75
5.00 5.00
5.00 5.00
5.00 5.00
5.00 2.66
5.00 4.74
5.00 2.60
5.00 3.69
5.00 5.00
5.00 5.00
5.00 5.00
5.00 5.00
5.00 4.08
5.00 5.00
5.00 5.00
5.00 0.57
5.00 5.00
5.00 4.68
5.00 5.00
5.00 3.67
5.00 0.30
0.00 1.12
0.00 0.81
0.00 1.51
0.00 0.92
0.00 1.38
0.00 1.16
0.00 1.13
0.00 1.31
0.00 0.79
0.00 0.81
0.00 0.81
0.00 1.00
0.00 1.06
0.00 1.21
0.00 0.88
0.00 0.88
0.00 0.81
0.00 0.79
0.00 1.38
0.00 0.92
0.00 1.25
0.00 1.06
0.00 1.06
0.00 1.21
0.00 1.41
0.00 1.41
0.00 1.13
0.00 1.25
0.00 1.10
0.00 1.02
4.50 5.00
4.50 5.00
4.50 2.56
4.50 5.00
4.50 5.00
4.50 2.56
4.50 2.83
4.50 2.52
4.50 4.42
4.50 2.87
4.50 5.00
4.50 5.00
4.50 2.53
4.50 2.54
4.50 2.86
4.50 2.53
4.50 4.48
4.50 4.45
4.50 4.53
4.50 5.00
4.50 5.00
4.50 2.84
4.50 2.85
4.50 2.54
4.50 2.51
4.50 5.00
4.50 4.51
4.50 2.52
4.50 5.00
4.50 2.51
0.50 1.76
0.50 1.36
0.50 1.48
0.50 1.36
0.50 1.90
0.50 1.90
0.50 1.76
0.50 1.62
1.00 2.21
1.00 2.55
1.00 2.38
1.00 2.74
1.00 2.06
1.00 2.06
1.00 2.74
1.00 2.21
1.50 3.35
1.50 3.81
1.50 3.81
1.50 3.57
1.50 3.14
1.50 2.94
1.50 3.14
1.50 3.57
2.00 4.07
2.00 4.07
2.00 4.07
2.00 4.08
2.00 4.08
2.00 4.08
2.00 4.07
2.00 4.08
2.50 4.09
2.50 4.16
2.50 4.12
2.50 4.14
2.50 4.16
2.50 4.11
2.50 4.14
2.50 4.09
3.00 4.26
3.00 4.22
3.00 4.18
3.00 4.20
3.00 4.20
3.00 4.24
3.00 4.22
3.00 4.26
3.50 4.28
3.50 4.35
3.50 4.30
3.50 4.32
3.50 4.33
3.50 4.32
3.50 4.28
3.50 4.35
4.00 4.37
4.00 4.38
4.00 4.36
4.00 4.36
4.00 4.37
4.00 4.38
4.00 4.38
4.00 4.38
4.50 4.35
4.50 4.37
4.50 4.35
4.50 4.38
4.50 4.37
4.50 4.38
4.50 4.37
4.50 4.37
5.00 4.98
5.00 3.94
5.00 4.36
5.00 2.91
5.00 4.29
5.00 5.00
5.00 5.00
5.00 5.00
5.00 4.70
5.00 4.50
5.00 4.12
5.00 5.00
5.00 5.00
5.00 4.10
5.00 5.00
5.00 5.00
5.00 3.99
5.00 5.00
5.00 5.00
5.00 5.00
5.00 5.00
5.00 4.08
5.00 4.39
5.00 3.24
0.00 0.97
0.00 0.87
0.00 1.06
0.00 1.26
0.00 1.06
0.00 1.16
0.00 0.97
0.00 1.16
0.50 1.38
0.50 1.96
0.50 1.51
0.50 1.80
0.50 1.80
0.50 1.96
1.00 2.11
1.00 2.44
1.00 2.27
1.00 2.27
1.00 2.44
1.00 2.62
1.50 3.22
1.50 3.93
1.50 3.44
1.50 3.68
1.50 3.93
1.50 3.44
2.00 3.90
2.00 3.87
2.00 3.85
2.00 3.88
2.00 3.90
2.00 3.85
2.50 3.80
2.50 3.80
2.50 3.81
2.50 3.80
2.50 3.81
2.50 3.82
3.00 3.79
3.00 3.78
3.00 3.79
3.00 3.78
3.00 3.78
3.00 3.78
3.50 3.75
3.50 3.77
3.50 3.76
3.50 3.77
3.50 3.74
3.50 3.76
4.00 3.69
4.00 3.67
4.00 3.70
4.00 3.67
4.00 3.72
4.00 3.72
4.50 3.66
4.50 3.59
4.50 3.64
4.50 3.57
4.50 3.66
4.50 3.62
5.00 3.13
5.00 5.00
5.00 5.00
5.00 5.00
5.00 5.00
5.00 3.53
5.00 3.48
5.00 4.30
5.00 5.00
5.00 3.49
5.00 5.00
5.00 3.84
5.00 3.11
5.00 4.07
5.00 3.75
5.00 3.15
5.00 3.55
5.00 5.00
0.00 5.00
0.00 1.07
0.00 1.17
0.00 0.98
0.00 1.17
0.00 1.26
0.50 1.13
0.50 1.35
0.50 1.95
0.50 1.43
0.50 1.04
0.50 1.04
0.50 2.13
0.50 1.77
0.50 2.29
0.50 2.33
0.50 2.26
0.50 2.54
0.50 1.23
0.50 1.33
0.50 1.77
0.50 1.69
0.50 1.13
0.50 1.80
0.50 1.33
0.50 1.43
1.00 3.30
1.00 1.54
1.00 1.93
1.00 3.59
1.00 1.80
1.00 1.91
1.00 2.23
1.00 2.41
1.00 3.91
1.00 1.54
1.00 2.33
1.00 2.07
1.00 1.67
1.00 2.07
1.00 2.13
1.00 2.32
1.00 1.93
1.00 2.36
1.00 2.52
1.00 1.80
1.50 2.50
1.50 2.82
1.50 2.44
1.50 2.65
1.50 2.67
1.50 2.21
1.50 2.50
1.50 4.46
1.50 2.66
1.50 2.55
1.50 2.66
1.50 2.35
1.50 2.35
1.50 2.66
1.50 4.59
1.50 2.82
1.50 2.62
1.50 4.52
1.50 2.63
1.50 2.59
2.00 3.72
2.00 4.54
2.00 5.00
2.00 4.42
2.00 3.52
2.00 5.00
2.00 3.33
2.00 2.60
2.00 3.91
2.00 4.38
2.00 4.36
2.00 2.98
2.00 2.61
2.00 5.00
2.00 3.33
2.00 3.52
2.00 3.15
2.00 2.98
2.00 4.33
2.00 3.15
2.50 3.72
2.50 4.40
2.50 3.72
2.50 5.00
2.50 3.72
2.50 4.35
2.50 2.66
2.50 2.62
2.50 2.61
2.50 2.68
2.50 3.72
2.50 4.37
2.50 2.64
2.50 4.33
2.50 3.72
2.50 5.00
2.50 5.00
2.50 3.73
2.50 5.00
2.50 3.72
3.00 4.49
3.00 3.73
3.00 2.74
3.00 3.74
3.00 4.23
3.00 5.00
3.00 2.81
3.00 5.00
3.00 2.77
3.00 5.00
3.00 4.11
3.00 4.19
3.00 3.74
3.00 3.74
3.00 4.14
3.00 3.74
3.00 4.68
3.00 5.00
3.00 4.54
3.00 3.74
3.50 5.00
3.50 5.00
3.50 3.94
3.50 3.98
3.50 5.00
3.50 4.03
3.50 3.91
3.50 4.07
3.50 3.74
3.50 3.73
3.50 4.88
3.50 3.74
3.50 3.74
3.50 4.77
3.50 3.74
3.50 5.00
3.50 3.72
3.50 2.90
3.50 3.72
3.50 5.00
4.00 5.00
4.00 3.70
4.00 3.79
4.00 3.77
4.00 3.71
4.00 3.84
4.00 5.00
4.00 5.00
4.00 3.71
4.00 5.00
4.00 5.00
4.00 3.87
4.00 3.70
4.00 5.00
4.00 3.70
4.00 3.70
4.00 5.00
4.00 5.00
4.00 5.00
4.00 3.70
5.00 3.20
5.00 3.61
5.00 4.44
5.00 3.34
5.00 5.00
5.00 5.00
5.00 5.00
5.00 2.50
5.00 3.63
5.00 5.00
5.00 5.00
5.00 5.00
5.00 5.00
5.00 2.39
5.00 5.00
5.00 5.00
5.00 5.00
5.00 5.00
5.00 5.00
5.00 5.00
5.00 4.04
5.00 5.00
5.00 5.00
5.00 5.00
5.00 5.00
5.00 4.52
5.00 5.00
5.00 2.20
5.00 5.00
5.00 5.00
5.00 3.50
5.00 3.64
5.00 5.00
5.00 3.38
5.00 5.00
5.00 5.00
5.00 3.65
5.00 2.15
5.00 5.00
5.00 5.00
5.00 5.00
5.00 5.00
5.00 3.81
5.00 5.00
5.00 5.00
5.00 5.00
5.00 5.00
5.00 5.00
5.00 5.00
5.00 5.00
5.00 4.20
5.00 4.00
5.00 5.00
5.00 5.00
5.00 4.36
5.00 5.00
5.00 5.00
5.00 3.61
5.00 5.00
5.00 5.00
0.00 1.29
0.00 1.00
0.00 1.02
0.00 1.16
0.00 1.24
0.00 1.00
0.00 1.02
0.00 1.02
0.00 0.94
0.00 1.24
0.00 1.00
0.00 1.60
0.00 1.03
0.00 1.03
0.00 1.12
0.00 0.94
0.00 1.09
0.00 1.16
0.00 0.94
0.00 0.93
4.50 3.70
4.50 5.00
4.50 4.62
4.50 5.00
4.50 5.00
4.50 3.70
4.50 5.00
4.50 4.64
4.50 5.00
4.50 5.00
4.50 3.69
4.50 4.61
4.50 5.00
4.50 3.70
4.50 5.00
4.50 5.00
4.50 4.63
4.50 5.00
4.50 4.61
4.50 3.70
0.50 2.44
0.50 1.17
0.50 2.23
0.50 1.68
0.50 1.07
0.50 1.36
0.50 0.98
0.50 2.04
0.50 1.26
0.50 1.86
1.00 1.45
1.00 1.69
1.00 3.77
1.00 1.69
1.00 1.64
1.00 3.19
1.00 3.47
1.00 1.55
1.00 2.94
1.00 2.68
1.50 1.70
1.50 1.71
1.50 1.71
1.50 1.70
1.50 1.76
1.50 4.22
1.50 4.40
1.50 4.12
1.50 4.31
1.50 4.51
2.00 3.93
2.00 2.00
2.00 2.01
2.00 4.08
2.00 4.15
2.00 1.82
2.00 1.95
2.00 1.88
2.00 4.03
2.00 3.98
2.50 1.99
2.50 1.96
2.50 1.97
2.50 3.80
2.50 1.96
2.50 3.90
2.50 1.98
2.50 3.82
2.50 3.86
2.50 3.84
3.00 3.77
3.00 3.79
3.00 1.92
3.00 3.77
3.00 3.78
3.00 1.93
3.00 3.77
3.00 1.94
3.00 1.94
3.00 1.95
3.50 3.78
3.50 1.90
3.50 3.79
3.50 3.79
3.50 1.90
3.50 1.91
3.50 3.77
3.50 3.77
3.50 1.92
3.50 1.91
4.00 1.89
4.00 3.82
4.00 1.88
4.00 1.87
4.00 3.63
4.00 1.88
4.00 3.82
4.00 3.80
4.00 3.81
4.00 1.89
4.50 2.84
4.50 1.86
4.50 1.87
4.50 1.85
4.50 2.52
4.50 2.67
4.50 3.31
4.50 1.87
4.50 3.05
4.50 1.86
5.00 1.95
5.00 1.71
5.00 1.95
5.00 1.89
5.00 2.34
5.00 2.50
5.00 1.83
5.00 1.83
5.00 1.83
5.00 2.25
5.00 1.86
5.00 1.84
5.00 1.88
5.00 1.83
5.00 1.85
5.00 1.83
5.00 1.83
5.00 1.93
5.00 1.92
5.00 1.89
5.00 1.83
5.00 1.94
5.00 2.59
5.00 1.96
5.00 1.92
5.00 1.83
5.00 1.86
5.00 1.84
5.00 1.85
5.00 1.77
0.00 0.94
0.00 1.08
0.00 0.94
0.00 1.08
0.00 0.79
0.00 0.88
0.00 0.79
0.00 0.79
0.00 0.76
0.00 1.51
0.50 2.26
0.50 2.72
0.50 2.26
0.50 2.72
0.50 1.86
1.00 3.92
1.00 4.30
1.00 3.92
1.00 2.99
1.00 3.58
1.50 5.00
1.50 4.87
1.50 4.87
1.50 5.00
1.50 4.97
2.00 4.78
2.00 4.78
2.00 4.63
2.00 4.30
2.00 4.63
2.50 4.36
2.50 4.24
2.50 4.24
2.50 4.39
2.50 4.38
3.00 4.36
3.00 4.36
3.00 4.35
3.00 4.36
3.00 4.37
3.50 4.40
3.50 4.40
3.50 4.45
3.50 4.47
3.50 4.45
4.00 4.59
4.00 4.63
4.00 4.59
4.00 4.50
4.00 4.53
5.00 5.00
5.00 3.31
5.00 5.00
5.00 4.43
5.00 5.00
5.00 3.07
5.00 4.07
5.00 5.00
5.00 5.00
5.00 3.81
5.00 4.04
5.00 5.00
5.00 4.29
5.00 3.95
5.00 4.65
0.00 1.21
0.00 1.36
0.00 1.08
0.00 1.36
0.00 1.51
4.50 4.66
4.50 4.70
4.50 4.77
4.50 4.73
4.50 4.80
0.50 2.20
0.50 2.03
0.50 2.03
0.50 1.87
0.50 1.70
0.50 1.55
0.50 1.55
0.50 1.70
0.50 1.87
0.50 2.20
1.00 2.82
1.00 2.39
1.00 3.04
1.00 3.04
1.00 3.27
1.00 3.27
1.00 2.59
1.00 2.82
1.00 2.59
1.00 2.39
1.50 4.13
1.50 3.82
1.50 4.03
1.50 3.53
1.50 4.13
1.50 3.94
1.50 3.53
1.50 3.94
1.50 3.82
1.50 4.03
2.00 3.70
2.00 3.70
2.00 3.63
2.00 3.57
2.00 3.77
2.00 3.77
2.00 3.57
2.00 3.63
2.00 3.85
2.00 3.85
2.50 3.41
2.50 3.32
2.50 3.46
2.50 3.37
2.50 3.46
2.50 3.51
2.50 3.41
2.50 3.37
2.50 3.51
2.50 3.32
3.00 3.28
3.00 3.21
3.00 3.21
3.00 3.18
3.00 3.18
3.00 3.15
3.00 3.28
3.00 3.25
3.00 3.15
3.00 3.25
3.50 3.12
3.50 3.12
3.50 3.09
3.50 3.00
3.50 3.03
3.50 3.06
3.50 3.06
3.50 3.03
3.50 3.00
3.50 3.09
4.00 2.93
4.00 2.88
4.00 2.95
4.00 2.93
4.00 2.98
4.00 2.91
4.00 2.91
4.00 2.98
4.00 2.95
4.00 2.88
4.50 2.86
4.50 2.82
4.50 2.78
4.50 2.82
4.50 2.80
4.50 2.78
4.50 2.86
4.50 2.84
4.50 2.84
4.50 2.80
5.00 5.00
5.00 1.81
5.00 1.76
5.00 3.38
5.00 5.00
5.00 2.41
5.00 2.62
5.00 2.45
5.00 2.61
5.00 5.00
5.00 5.00
5.00 3.57
5.00 1.78
5.00 2.72
5.00 5.00
5.00 5.00
5.00 5.00
5.00 5.00
5.00 5.00
5.00 1.98
5.00 5.00
5.00 2.56
5.00 5.00
5.00 5.00
5.00 5.00
5.00 5.00
5.00 2.61
5.00 5.00
5.00 2.62
5.00 2.26
0.00 0.91
0.00 1.27
0.00 1.27
0.00 1.03
0.00 1.15
0.00 1.41
0.00 1.15
0.00 1.41
0.00 1.03
0.00 0.91
0.50 1.16
0.50 1.22
0.50 1.03
0.50 1.10
0.50 1.22
0.50 1.10
0.50 0.97
0.50 1.03
0.50 1.16
0.50 0.97
1.00 1.63
1.00 1.37
1.00 1.45
1.00 1.29
1.00 1.54
1.00 1.63
1.00 1.29
1.00 1.54
1.00 1.37
1.00 1.45
1.50 1.82
1.50 2.16
1.50 1.72
1.50 2.04
1.50 1.72
1.50 1.82
1.50 1.93
1.50 1.93
1.50 2.04
1.50 2.16
2.00 2.77
2.00 2.51
2.00 2.64
2.00 2.40
2.00 2.40
2.00 2.64
2.00 2.28
2.00 2.77
2.00 2.28
2.00 2.51
2.50 2.81
2.50 2.85
2.50 2.85
2.50 2.90
2.50 2.76
2.50 2.72
2.50 2.90
2.50 2.76
2.50 2.72
2.50 2.81
3.00 2.55
3.00 2.58
3.00 2.65
3.00 2.61
3.00 2.55
3.00 2.65
3.00 2.69
3.00 2.58
3.00 2.61
3.00 2.69
3.50 2.45
3.50 2.42
3.50 2.52
3.50 2.50
3.50 2.50
3.50 2.52
3.50 2.42
3.50 2.45
3.50 2.47
3.50 2.47
4.00 2.40
4.00 2.33
4.00 2.38
4.00 2.37
4.00 2.35
4.00 2.33
4.00 2.38
4.00 2.37
4.00 2.35
4.00 2.40
4.50 2.30
4.50 2.30
4.50 2.31
4.50 2.28
4.50 2.32
4.50 2.28
4.50 2.32
4.50 2.28
4.50 2.28
4.50 2.31
5.00 2.21
5.00 2.20
5.00 5.00
5.00 4.01
5.00 1.82
5.00 1.98
5.00 5.00
5.00 5.00
5.00 5.00
5.00 2.62
5.00 2.12
5.00 1.82
5.00 2.56
5.00 4.03
5.00 3.99
5.00 2.24
5.00 2.21
5.00 1.84
5.00 2.24
5.00 5.00
5.00 5.00
5.00 2.26
5.00 2.25
5.00 4.00
5.00 5.00
5.00 5.00
5.00 5.00
5.00 4.00
5.00 5.00
5.00 4.01
0.00 1.98
0.00 1.43
0.00 1.00
0.00 1.98
0.00 1.43
0.00 1.00
0.00 0.97
0.00 1.63
0.00 1.63
0.00 0.97
0.50 1.34
0.50 1.16
0.50 1.44
0.50 2.01
0.50 1.44
0.50 1.25
0.50 1.94
0.50 1.97
0.50 1.91
0.50 1.10
0.50 1.20
0.50 1.45
0.50 1.99
0.50 1.58
0.50 1.61
0.50 2.06
0.50 1.95
0.50 1.91
0.50 1.34
0.50 1.47
0.50 1.76
0.50 1.32
0.50 1.07
0.50 1.16
0.50 2.06
1.00 0.91
1.00 2.16
1.00 2.12
1.00 2.81
1.00 2.42
1.00 2.62
1.00 2.09
1.00 1.84
1.00 2.23
1.00 1.00
1.00 2.23
1.00 3.01
1.00 0.77
1.00 2.62
1.00 3.01
1.00 1.63
1.00 1.63
1.00 0.72
1.00 1.95
1.00 1.54
1.00 2.42
1.00 1.73
1.00 2.06
1.00 0.83
1.00 2.03
1.50 3.53
1.50 3.47
1.50 3.74
1.50 2.39
1.50 3.63
1.50 2.07
1.50 2.28
1.50 2.27
1.50 3.23
1.50 0.68
1.50 0.66
1.50 2.36
1.50 2.50
1.50 3.47
1.50 2.19
1.50 3.63
1.50 3.23
1.50 3.53
1.50 2.32
1.50 2.23
1.50 2.17
1.50 0.69
1.50 3.74
1.50 0.67
1.50 0.66
2.00 3.21
2.00 2.40
2.00 0.73
2.00 2.59
2.00 0.77
2.00 3.28
2.00 2.42
2.00 3.14
2.00 3.44
2.00 3.44
2.00 0.82
2.00 3.14
2.00 2.47
2.00 2.54
2.00 3.21
2.00 2.63
2.00 3.36
2.00 2.45
2.00 3.36
2.00 2.49
2.00 2.52
2.00 0.93
2.00 3.28
2.00 0.88
2.00 2.57
2.50 2.86
2.50 2.79
2.50 1.24
2.50 2.68
2.50 2.91
2.50 2.38
2.50 2.86
2.50 2.72
2.50 3.08
2.50 3.02
2.50 1.18
2.50 3.08
2.50 2.63
2.50 2.23
2.50 2.30
2.50 1.00
2.50 1.06
2.50 2.91
2.50 2.34
2.50 2.26
2.50 1.12
2.50 2.76
2.50 2.96
2.50 3.02
2.50 2.96
3.00 2.82
3.00 2.87
3.00 1.40
3.00 2.82
3.00 2.74
3.00 2.67
3.00 2.67
3.00 2.20
3.00 2.78
3.00 1.45
3.00 2.12
3.00 2.86
3.00 2.86
3.00 1.30
3.00 2.85
3.00 2.14
3.00 2.17
3.00 2.71
3.00 1.48
3.00 2.74
3.00 1.35
3.00 2.82
3.00 2.71
3.00 2.10
3.00 2.78
3.50 2.05
3.50 2.72
3.50 2.82
3.50 2.07
3.50 2.61
3.50 1.51
3.50 2.03
3.50 1.64
3.50 2.02
3.50 2.56
3.50 1.65
3.50 2.56
3.50 2.61
3.50 2.00
3.50 1.72
3.50 1.80
3.50 2.03
3.50 2.82
3.50 2.54
3.50 2.02
3.50 2.91
3.50 2.00
3.50 2.05
3.50 2.59
3.50 2.64
4.00 1.97
4.00 2.50
4.00 3.55
4.00 2.46
4.00 2.52
4.00 2.47
4.00 3.19
4.00 1.96
4.00 1.94
4.00 2.05
4.00 3.29
4.00 2.24
4.00 1.94
4.00 1.99
4.00 2.47
4.00 1.89
4.00 1.97
4.00 3.42
4.00 1.99
4.00 1.96
4.00 1.97
4.00 1.95
4.00 2.46
4.00 1.95
4.00 3.10
4.50 1.90
4.50 1.89
4.50 1.91
4.50 2.43
4.50 2.44
4.50 2.75
4.50 2.43
4.50 3.82
4.50 1.89
4.50 3.96
4.50 1.91
4.50 2.42
4.50 2.64
4.50 3.68
4.50 2.44
4.50 1.93
4.50 2.42
4.50 2.43
4.50 1.93
4.50 4.12
4.50 2.45
4.50 1.90
4.50 2.54
4.50 2.44
4.50 2.34
5.00 3.07
5.00 3.75
5.00 3.78
5.00 2.40
5.00 3.79
5.00 3.20
5.00 3.72
5.00 5.00
5.00 2.84
5.00 2.78
5.00 4.07
5.00 3.33
5.00 5.00
5.00 2.86
5.00 1.87
5.00 2.12
5.00 5.00
5.00 2.96
5.00 1.87
5.00 4.66
5.00 4.34
5.00 3.75
5.00 5.00
5.00 5.00
5.00 5.00
5.00 1.75
5.00 2.72
5.00 5.00
5.00 2.01
5.00 5.00
5.00 5.00
5.00 5.00
5.00 3.78
5.00 5.00
5.00 5.00
5.00 2.00
5.00 2.32
5.00 3.18
5.00 1.76
5.00 5.00
5.00 2.79
5.00 2.54
5.00 2.08
5.00 5.00
5.00 4.43
5.00 3.22
5.00 4.52
5.00 5.00
5.00 5.00
5.00 2.45
5.00 3.73
5.00 5.00
5.00 4.45
5.00 3.56
5.00 5.00
5.00 3.55
5.00 1.88
5.00 3.19
5.00 5.00
5.00 2.23
5.00 2.76
5.00 5.00
5.00 4.45
5.00 3.72
5.00 5.00
5.00 5.00
5.00 2.62
5.00 4.64
5.00 5.00
5.00 5.00
5.00 5.00
5.00 2.64
5.00 5.00
5.00 4.09
5.00 2.36
0.00 1.93
0.00 1.94
0.00 0.81
0.00 0.81
0.00 1.10
0.00 1.22
0.00 1.93
0.00 0.74
0.00 0.90
0.00 0.90
0.00 1.22
0.00 0.98
0.00 1.10
0.00 0.98
0.00 1.63
0.00 1.34
0.00 0.98
0.00 0.86
0.00 0.74
0.00 0.66
0.00 1.94
0.00 0.86
0.00 1.89
0.00 1.34
0.00 1.73
0.50 5.00
0.50 1.45
0.50 1.57
0.50 5.00
0.50 5.00
0.50 1.44
0.50 5.00
0.50 1.34
0.50 1.66
0.50 5.00
0.50 1.72
0.50 1.57
0.50 1.68
0.50 1.88
0.50 1.88
0.50 5.00
0.50 1.77
0.50 1.81
0.50 1.72
0.50 5.00
0.50 1.68
0.50 1.95
0.50 1.64
0.50 5.00
0.50 1.81
0.50 1.43
0.50 1.43
0.50 1.55
0.50 1.36
0.50 1.44
0.50 1.37
0.50 1.54
0.50 2.10
0.50 1.55
0.50 1.95
0.50 1.08
0.50 1.29
0.50 1.64
0.50 1.48
0.50 1.54
0.50 1.17
0.50 1.26
0.50 1.55
0.50 2.03
0.50 5.00
0.50 1.34
0.50 2.03
0.50 5.00
0.50 1.34
0.50 1.24
0.50 1.34
1.00 5.00
1.00 2.66
1.00 5.00
1.00 2.37
1.00 1.94
1.00 1.22
1.00 2.05
1.00 1.60
1.00 1.20
1.00 2.27
1.00 2.56
1.00 1.21
1.00 3.12
1.00 1.98
1.00 5.00
1.00 5.00
1.00 2.19
1.00 1.86
1.00 2.27
1.00 2.46
1.00 2.12
1.00 5.00
1.00 1.20
1.00 2.88
1.00 2.45
1.00 2.00
1.00 2.15
1.00 2.96
1.00 1.73
1.00 2.96
1.00 2.76
1.00 2.37
1.00 1.74
1.00 1.88
1.00 1.84
1.00 1.84
1.00 2.05
1.00 1.20
1.00 5.00
1.00 3.12
1.00 5.00
1.00 2.19
1.00 2.76
1.00 2.66
1.00 2.56
1.00 5.00
1.00 1.74
1.00 1.94
1.00 5.00
1.00 2.28
1.00 2.88
1.50 5.00
1.50 3.64
1.50 5.00
1.50 3.91
1.50 3.36
1.50 3.90
1.50 2.26
1.50 1.36
1.50 2.71
1.50 3.40
1.50 4.21
1.50 2.41
1.50 2.37
1.50 3.91
1.50 4.55
1.50 2.82
1.50 3.62
1.50 3.90
1.50 2.54
1.50 5.00
1.50 1.25
1.50 1.31
1.50 2.37
1.50 5.00
1.50 3.03
1.50 2.90
1.50 2.90
1.50 4.21
1.50 2.54
1.50 2.90
1.50 2.26
1.50 5.00
1.50 3.36
1.50 1.42
1.50 3.88
1.50 3.64
1.50 2.63
1.50 5.00
1.50 3.62
1.50 3.40
1.50 2.71
1.50 4.55
1.50 2.57
1.50 3.44
1.50 2.73
1.50 3.23
1.50 3.17
1.50 2.26
1.50 1.22
1.50 5.00
1.50 3.17
2.00 3.93
2.00 3.85
2.00 3.55
2.00 4.53
2.00 3.32
2.00 3.85
2.00 5.00
2.00 5.00
2.00 3.54
2.00 4.52
2.00 3.54
2.00 4.51
2.00 5.00
2.00 4.52
2.00 3.08
2.00 3.82
2.00 5.00
2.00 1.55
2.00 4.51
2.00 5.00
2.00 3.48
2.00 4.02
2.00 4.18
2.00 3.82
2.00 3.68
2.00 1.48
2.00 3.77
2.00 4.20
2.00 4.02
2.00 4.51
2.00 5.00
2.00 3.79
2.00 3.32
2.00 3.77
2.00 5.00
2.00 3.79
2.00 5.00
2.00 3.80
2.00 4.18
2.00 3.27
2.00 4.18
2.00 1.62
2.00 4.51
2.00 4.51
2.00 3.77
2.00 3.10
2.00 4.18
2.00 3.51
2.00 3.77
2.00 3.10
2.00 5.00
2.50 4.18
2.50 4.58
2.50 5.00
2.50 4.59
2.50 3.76
2.50 4.18
2.50 4.55
2.50 4.61
2.50 4.61
2.50 4.63
2.50 4.19
2.50 3.59
2.50 4.55
2.50 5.00
2.50 3.76
2.50 4.29
2.50 3.74
2.50 5.00
2.50 4.29
2.50 5.00
2.50 4.52
2.50 4.58
2.50 3.74
2.50 3.63
2.50 4.17
2.50 4.18
2.50 4.53
2.50 5.00
2.50 3.75
2.50 4.60
2.50 3.75
2.50 4.59
2.50 4.60
2.50 5.00
2.50 4.17
2.50 5.00
2.50 3.67
2.50 4.57
2.50 3.75
2.50 5.00
2.50 3.71
2.50 4.52
2.50 3.74
2.50 3.75
2.50 4.53
2.50 4.17
2.50 4.19
2.50 5.00
2.50 3.74
2.50 4.17
2.50 5.00
3.00 5.00
3.00 3.73
3.00 4.72
3.00 4.67
3.00 5.00
3.00 4.65
3.00 4.03
3.00 4.74
3.00 3.73
3.00 4.22
3.00 5.00
3.00 5.00
3.00 4.66
3.00 4.50
3.00 4.74
3.00 4.73
3.00 3.81
3.00 4.76
3.00 3.73
3.00 4.70
3.00 4.21
3.00 5.00
3.00 4.50
3.00 4.20
3.00 4.65
3.00 3.86
3.00 4.41
3.00 3.73
3.00 5.00
3.00 4.20
3.00 4.25
3.00 4.21
3.00 4.25
3.00 4.76
3.00 4.66
3.00 4.73
3.00 3.92
3.00 3.73
3.00 3.97
3.00 4.23
3.00 3.73
3.00 4.23
3.00 3.73
3.00 4.41
3.00 4.72
3.00 3.73
3.00 3.73
3.00 4.70
3.00 3.73
3.00 5.00
3.00 5.00
3.50 3.71
3.50 4.33
3.50 4.78
3.50 4.90
3.50 4.93
3.50 4.09
3.50 4.26
3.50 5.00
3.50 4.93
3.50 4.30
3.50 4.87
3.50 5.00
3.50 3.73
3.50 4.30
3.50 4.28
3.50 4.30
3.50 4.82
3.50 5.00
3.50 4.86
3.50 4.37
3.50 4.26
3.50 4.32
3.50 4.87
3.50 4.83
3.50 3.72
3.50 4.91
3.50 3.71
3.50 5.00
3.50 4.96
3.50 3.72
3.50 4.28
3.50 4.23
3.50 3.73
3.50 4.90
3.50 4.86
3.50 4.79
3.50 4.91
3.50 4.82
3.50 5.00
3.50 4.79
3.50 5.00
3.50 5.00
3.50 5.00
3.50 5.00
3.50 4.32
3.50 3.72
3.50 4.83
3.50 4.33
3.50 4.78
3.50 5.00
3.50 3.72
4.00 3.68
4.00 3.70
4.00 5.00
4.00 3.66
4.00 5.00
4.00 3.68
4.00 4.39
4.00 5.00
4.00 5.00
4.00 4.59
4.00 3.66
4.00 4.76
4.00 5.00
4.00 5.00
4.00 4.41
4.00 4.51
4.00 5.00
4.00 5.00
4.00 4.41
4.00 3.71
4.00 5.00
4.00 5.00
4.00 4.39
4.00 5.00
4.00 4.67
4.00 5.00
4.00 5.00
4.00 4.97
4.00 5.00
4.00 5.00
4.00 5.00
4.00 5.00
4.00 4.35
4.00 5.00
4.00 3.69
4.00 4.44
4.00 5.00
4.00 5.00
4.00 3.69
4.00 5.00
4.00 4.37
4.00 3.70
4.00 4.43
4.00 5.00
4.00 4.76
4.00 5.00
4.00 3.71
4.00 5.00
4.00 4.35
4.00 4.37
4.00 4.43
4.50 5.00
4.50 4.57
4.50 4.51
4.50 4.46
4.50 5.00
4.50 5.00
4.50 4.48
4.50 5.00
4.50 3.63
4.50 5.00
4.50 5.00
4.50 5.00
4.50 4.51
4.50 5.00
4.50 5.00
4.50 5.00
4.50 5.00
4.50 5.00
4.50 3.61
4.50 4.93
4.50 5.00
4.50 3.65
4.50 5.00
4.50 5.00
4.50 4.57
4.50 5.00
4.50 5.00
4.50 5.00
4.50 4.85
4.50 5.00
4.50 4.54
4.50 5.00
4.50 5.00
4.50 4.48
4.50 5.00
4.50 4.85
4.50 4.93
4.50 3.58
4.50 3.58
4.50 3.58
4.50 5.00
4.50 5.00
4.50 3.63
4.50 5.00
4.50 5.00
4.50 5.00
4.50 5.00
4.50 3.65
4.50 5.00
4.50 3.61
4.50 5.00
5.00 5.00
5.00 2.18
5.00 2.94
5.00 5.00
5.00 5.00
5.00 5.00
5.00 5.00
5.00 5.00
5.00 5.00
5.00 5.00
5.00 5.00
5.00 2.31
5.00 3.35
5.00 5.00
5.00 3.14
5.00 5.00
5.00 5.00
5.00 1.93
5.00 5.00
5.00 1.10
5.00 3.14
5.00 5.00
5.00 1.99
5.00 5.00
5.00 5.00
5.00 5.00
5.00 5.00
5.00 5.00
5.00 5.00
5.00 5.00
5.00 3.43
5.00 5.00
5.00 5.00
5.00 5.00
5.00 3.06
5.00 5.00
5.00 5.00
5.00 5.00
5.00 4.60
5.00 2.44
5.00 5.00
5.00 5.00
5.00 5.00
5.00 5.00
5.00 5.00
5.00 5.00
5.00 5.00
5.00 5.00
5.00 5.00
5.00 4.85
5.00 5.00
5.00 5.00
5.00 5.00
5.00 5.00
5.00 4.33
5.00 5.00
5.00 5.00
5.00 5.00
5.00 5.00
5.00 3.51
5.00 5.00
5.00 5.00
5.00 5.00
5.00 2.28
5.00 5.00
5.00 2.48
5.00 5.00
5.00 5.00
5.00 5.00
5.00 3.10
5.00 3.03
5.00 5.00
5.00 3.06
5.00 5.00
5.00 5.00
5.00 5.00
5.00 5.00
5.00 5.00
5.00 5.00
5.00 5.00
5.00 5.00
5.00 5.00
5.00 4.30
5.00 5.00
5.00 5.00
5.00 2.85
5.00 2.08
5.00 5.00
5.00 5.00
5.00 5.00
5.00 0.72
5.00 3.16
5.00 3.59
5.00 5.00
5.00 5.00
5.00 2.14
5.00 5.00
5.00 2.16
5.00 4.75
5.00 2.16
5.00 3.10
5.00 5.00
5.00 5.00
5.00 5.00
5.00 5.00
5.00 5.00
5.00 5.00
5.00 3.74
5.00 3.08
5.00 1.46
5.00 5.00
5.00 5.00
5.00 5.00
5.00 5.00
5.00 5.00
5.00 5.00
5.00 5.00
5.00 2.26
5.00 5.00
5.00 5.00
5.00 3.11
5.00 5.00
5.00 5.00
5.00 5.00
5.00 5.00
5.00 0.66
5.00 5.00
5.00 3.82
5.00 5.00
5.00 5.00
5.00 5.00
5.00 5.00
5.00 5.00
5.00 2.56
5.00 5.00
5.00 5.00
5.00 5.00
5.00 5.00
5.00 4.46
5.00 5.00
5.00 5.00
5.00 3.80
5.00 3.59
5.00 5.00
5.00 5.00
5.00 5.00
5.00 2.89
5.00 5.00
5.00 5.00
5.00 5.00
5.00 4.52
5.00 5.00
5.00 3.28
0.00 1.02
0.00 1.72
0.00 4.41
0.00 0.84
0.00 1.18
0.00 1.22
0.00 0.99
0.00 1.30
0.00 0.82
0.00 0.82
0.00 1.08
0.00 1.08
0.00 1.42
0.00 1.42
0.00 0.82
0.00 1.42
0.00 4.08
0.00 2.08
0.00 4.24
0.00 1.02
0.00 1.32
0.00 0.82
0.00 4.24
0.00 1.72
0.00 1.08
0.00 1.18
0.00 4.41
0.00 1.32
0.00 4.30
0.00 2.76
0.00 0.95
0.00 0.84
0.00 1.12
0.00 1.42
0.00 1.12
0.00 1.30
0.00 1.18
0.00 4.08
0.00 4.08
0.00 2.76
0.00 4.30
0.00 0.95
0.00 0.99
0.00 1.18
0.00 0.91
0.00 5.00
0.00 5.00
0.00 1.22
0.00 1.06
0.00 1.08
0.00 1.27
0.50 1.91
0.50 1.50
0.50 2.06
0.50 1.77
0.50 1.63
1.00 2.99
1.00 2.77
1.00 2.40
1.00 2.99
1.00 2.22
1.50 3.42
1.50 3.66
1.50 4.20
1.50 3.20
1.50 4.20
2.00 4.19
2.00 4.17
2.00 4.17
2.00 4.19
2.00 4.17
2.50 4.19
2.50 4.18
2.50 4.18
2.50 4.17
2.50 4.17
3.00 4.22
3.00 4.27
3.00 4.22
3.00 4.23
3.00 4.26
5.00 5.00
5.00 4.70
5.00 4.89
5.00 5.00
5.00 2.02
5.00 2.99
5.00 5.00
5.00 5.00
5.00 3.65
5.00 3.81
5.00 5.00
5.00 5.00
5.00 4.87
5.00 3.07
5.00 4.95
0.00 1.28
0.00 1.38
0.00 1.38
0.00 1.08
0.00 0.99
3.50 4.29
3.50 4.33
3.50 4.31
3.50 4.32
3.50 4.30
4.00 4.36
4.00 4.34
4.00 4.35
4.00 4.36
4.00 4.35
4.50 4.33
4.50 4.35
4.50 4.34
4.50 4.35
4.50 4.36
0.50 2.05
0.50 1.40
0.50 2.05
0.50 2.23
0.50 1.71
0.50 1.65
0.50 1.29
0.50 1.65
0.50 1.77
0.50 1.29
0.50 1.88
0.50 2.23
0.50 1.52
0.50 1.54
0.50 1.77
0.50 1.40
0.50 1.54
0.50 1.52
0.50 1.71
1.00 3.10
1.00 2.87
1.00 2.48
1.00 2.34
1.00 2.42
1.00 2.03
1.00 2.18
1.00 2.34
1.00 2.87
1.00 2.64
1.00 2.64
1.00 2.03
1.00 2.18
1.00 2.48
1.00 3.35
1.00 1.90
1.00 1.90
1.00 3.10
1.00 2.42
1.50 2.63
1.50 4.16
1.50 3.15
1.50 3.15
1.50 4.25
1.50 4.16
1.50 2.97
1.50 4.20
1.50 2.79
1.50 3.92
1.50 3.63
1.50 2.79
1.50 2.97
1.50 4.25
1.50 4.20
1.50 3.92
1.50 2.63
1.50 3.08
1.50 3.08
2.00 4.10
2.00 2.79
2.00 4.06
2.00 4.13
2.00 3.01
2.00 4.10
2.00 2.95
2.00 4.07
2.00 4.04
2.00 2.84
2.00 4.07
2.00 2.79
2.00 2.84
2.00 2.90
2.00 2.90
2.00 4.06
2.00 4.04
2.00 4.13
2.00 2.95
2.50 2.71
2.50 4.05
2.50 4.04
2.50 4.04
2.50 2.67
2.50 2.75
2.50 2.60
2.50 4.04
2.50 4.04
2.50 2.63
2.50 2.60
2.50 2.63
2.50 4.05
2.50 4.04
2.50 2.71
2.50 2.75
2.50 4.03
2.50 2.67
2.50 4.03
3.00 2.53
3.00 4.10
3.00 2.56
3.00 4.12
3.00 4.06
3.00 2.48
3.00 2.51
3.00 4.08
3.00 4.12
3.00 2.46
3.00 2.51
3.00 2.48
3.00 2.53
3.00 2.56
3.00 4.10
3.00 4.14
3.00 4.14
3.00 4.06
3.00 2.46
3.50 4.21
3.50 4.23
3.50 2.40
3.50 4.16
3.50 4.16
3.50 4.18
3.50 2.42
3.50 2.39
3.50 4.26
3.50 2.44
3.50 2.38
3.50 2.39
3.50 4.26
3.50 2.40
3.50 2.44
3.50 4.21
3.50 2.38
3.50 4.18
3.50 2.42
4.00 4.31
4.00 2.35
4.00 4.36
4.00 4.35
4.00 2.34
4.00 2.35
4.00 2.34
4.00 2.37
4.00 2.35
4.00 4.36
4.00 4.28
4.00 4.35
4.00 2.36
4.00 2.35
4.00 4.33
4.00 4.31
4.00 2.37
4.00 4.33
4.00 2.36
4.50 2.34
4.50 2.34
4.50 4.38
4.50 2.35
4.50 2.34
4.50 2.35
4.50 2.35
4.50 4.38
4.50 2.34
4.50 4.38
4.50 4.25
4.50 2.36
4.50 4.25
4.50 4.38
4.50 2.36
4.50 4.38
4.50 4.38
4.50 2.35
4.50 1.92
5.00 0.67
5.00 2.38
5.00 2.48
5.00 2.28
5.00 5.00
5.00 2.18
5.00 2.29
5.00 2.40
5.00 2.24
5.00 5.00
5.00 2.63
5.00 2.03
5.00 2.14
5.00 2.42
5.00 2.34
5.00 2.19
5.00 1.32
5.00 2.18
5.00 2.48
5.00 1.90
5.00 2.36
5.00 2.11
5.00 2.35
5.00 5.00
5.00 2.90
5.00 2.97
5.00 5.00
5.00 2.60
5.00 0.65
5.00 2.37
5.00 2.56
5.00 2.46
5.00 2.36
5.00 5.00
5.00 2.22
5.00 2.33
5.00 5.00
5.00 3.01
5.00 2.84
5.00 1.35
5.00 2.36
5.00 2.39
5.00 2.35
5.00 2.23
5.00 2.95
5.00 2.71
5.00 3.08
5.00 5.00
5.00 2.67
5.00 2.34
5.00 2.79
5.00 1.31
5.00 2.27
5.00 0.56
5.00 1.29
5.00 2.37
5.00 2.36
0.00 1.08
0.00 0.97
0.00 1.08
0.00 1.39
0.00 1.39
0.00 1.12
0.00 0.85
0.00 0.87
0.00 0.97
0.00 1.12
0.00 1.25
0.00 1.25
0.00 0.98
0.00 0.77
0.00 0.85
0.00 1.18
0.00 0.77
0.00 0.87
0.00 0.98
0.50 1.70
0.50 1.22
0.50 1.70
0.50 1.56
0.50 1.56
1.00 2.17
1.00 2.00
1.00 1.85
1.00 2.32
1.00 2.48
3.00 4.41
3.00 4.51
3.00 4.37
3.00 4.57
3.00 4.46
3.50 4.75
3.50 4.63
3.50 4.69
3.50 4.69
3.50 4.63
4.00 4.95
4.00 5.00
4.00 5.00
4.00 5.00
4.00 5.00
4.50 5.00
4.50 5.00
4.50 5.00
4.50 5.00
4.50 5.00
5.00 5.00
5.00 5.00
5.00 5.00
5.00 1.72
5.00 1.64
5.00 1.63
5.00 5.00
5.00 5.00
5.00 1.75
5.00 5.00
5.00 5.00
5.00 5.00
5.00 4.79
5.00 5.00
5.00 5.00
0.00 1.12
0.00 0.91
0.00 0.92
0.00 1.02
0.00 0.92
1.50 2.82
1.50 2.65
1.50 3.21
1.50 3.42
1.50 3.01
2.00 4.16
2.00 3.64
2.00 4.14
2.00 3.87
2.00 4.12
2.50 4.28
2.50 4.32
2.50 4.19
2.50 4.21
2.50 4.24
0.50 1.60
0.50 1.44
0.50 2.10
0.50 1.60
0.50 1.59
0.50 1.22
0.50 1.22
0.50 1.64
0.50 1.76
0.50 1.48
0.50 1.54
0.50 1.64
0.50 1.93
0.50 1.34
0.50 2.28
0.50 1.59
0.50 1.34
0.50 1.48
0.50 1.31
0.50 2.28
0.50 1.93
0.50 1.24
0.50 1.76
0.50 1.39
0.50 2.10
1.00 2.48
1.00 2.69
1.00 2.04
1.00 1.74
1.00 3.39
1.00 1.92
1.00 1.94
1.00 2.48
1.00 2.92
1.00 1.81
1.00 2.14
1.00 3.15
1.00 2.69
1.00 1.69
1.00 2.04
1.00 2.18
1.00 1.94
1.00 1.69
1.00 1.84
1.00 2.92
1.00 2.18
1.00 1.81
1.00 2.14
1.00 1.92
1.00 3.39
1.50 4.27
1.50 4.27
1.50 2.48
1.50 2.82
1.50 2.33
1.50 2.24
1.50 2.64
1.50 2.24
1.50 3.66
1.50 2.33
1.50 4.21
1.50 3.95
1.50 2.48
1.50 2.44
1.50 4.21
1.50 4.24
1.50 2.82
1.50 2.64
1.50 2.34
1.50 2.54
1.50 3.66
1.50 4.24
1.50 2.65
1.50 2.65
1.50 2.44
2.00 4.16
2.00 4.16
2.00 4.17
2.00 3.09
2.00 4.66
2.00 3.14
2.00 3.57
2.00 4.16
2.00 2.74
2.00 3.51
2.00 4.16
2.00 4.02
2.00 4.19
2.00 3.37
2.00 4.17
2.00 3.08
2.00 3.19
2.00 3.03
2.00 3.09
2.00 4.16
2.00 4.02
2.00 3.77
2.00 3.51
2.00 3.19
2.00 2.74
2.50 3.20
2.50 4.18
2.50 4.20
2.50 3.21
2.50 4.18
2.50 4.20
2.50 5.00
2.50 3.20
2.50 3.75
2.50 5.00
2.50 5.00
2.50 3.70
2.50 3.21
2.50 5.00
2.50 4.17
2.50 5.00
2.50 3.72
2.50 5.00
2.50 3.71
2.50 5.00
2.50 4.17
2.50 3.20
2.50 5.00
2.50 4.19
2.50 4.16
3.00 4.22
3.00 5.00
3.00 3.69
3.00 3.24
3.00 5.00
3.00 4.24
3.00 4.31
3.00 5.00
3.00 3.23
3.00 4.26
3.00 5.00
3.00 3.66
3.00 5.00
3.00 4.24
3.00 4.31
3.00 3.67
3.00 3.68
3.00 5.00
3.00 3.26
3.00 3.65
3.00 5.00
3.00 5.00
3.00 4.26
3.00 4.22
3.00 5.00
3.50 4.37
3.50 3.63
3.50 4.33
3.50 4.37
3.50 3.32
3.50 4.33
3.50 5.00
3.50 5.00
3.50 5.00
3.50 4.40
3.50 3.34
3.50 4.35
3.50 4.39
3.50 4.39
3.50 5.00
3.50 3.65
3.50 3.28
3.50 5.00
3.50 5.00
3.50 5.00
3.50 5.00
3.50 4.35
3.50 3.63
3.50 5.00
3.50 3.30
4.00 5.00
4.00 4.41
4.00 5.00
4.00 4.41
4.00 5.00
4.00 4.40
4.00 3.47
4.00 3.60
4.00 3.60
4.00 4.41
4.00 5.00
4.00 3.51
4.00 3.43
4.00 4.40
4.00 3.61
4.00 4.41
4.00 3.40
4.00 3.56
4.00 5.00
4.00 5.00
4.00 5.00
4.00 3.60
4.00 4.41
4.00 5.00
4.00 5.00
4.50 3.60
4.50 3.60
4.50 2.38
4.50 5.00
4.50 3.61
4.50 3.60
4.50 3.71
4.50 5.00
4.50 5.00
4.50 5.00
4.50 3.60
4.50 5.00
4.50 5.00
4.50 3.61
4.50 5.00
4.50 5.00
4.50 4.10
4.50 3.62
4.50 1.49
4.50 5.00
4.50 3.60
4.50 5.00
4.50 3.62
4.50 3.60
4.50 1.80
5.00 5.00
5.00 5.00
5.00 5.00
5.00 3.19
5.00 5.00
5.00 1.99
5.00 3.34
5.00 5.00
5.00 5.00
5.00 5.00
5.00 5.00
5.00 5.00
5.00 5.00
5.00 5.00
5.00 5.00
5.00 5.00
5.00 5.00
5.00 5.00
5.00 1.90
5.00 1.91
5.00 5.00
5.00 2.89
5.00 5.00
5.00 5.00
5.00 2.02
5.00 2.00
5.00 5.00
5.00 5.00
5.00 5.00
5.00 2.45
5.00 3.60
5.00 3.02
5.00 3.21
5.00 1.05
5.00 2.48
5.00 4.63
5.00 5.00
5.00 5.00
5.00 2.41
5.00 5.00
5.00 5.00
5.00 1.31
5.00 5.00
5.00 3.62
5.00 5.00
5.00 5.00
5.00 5.00
5.00 5.00
5.00 5.00
5.00 5.00
5.00 3.64
5.00 2.82
5.00 5.00
5.00 1.39
5.00 5.00
5.00 2.66
5.00 3.43
5.00 3.62
5.00 5.00
5.00 1.91
5.00 5.00
5.00 5.00
5.00 5.00
5.00 5.00
5.00 5.00
5.00 5.00
5.00 5.00
5.00 1.93
5.00 5.00
5.00 5.00
5.00 5.00
5.00 5.00
5.00 2.00
5.00 3.64
5.00 5.00
0.00 1.18
0.00 1.07
0.00 0.94
0.00 1.29
0.00 1.05
0.00 1.05
0.00 1.73
0.00 1.31
0.00 1.05
0.00 1.13
0.00 1.31
0.00 1.29
0.00 1.73
0.00 1.07
0.00 1.05
0.00 1.49
0.00 1.24
0.00 1.13
0.00 2.14
0.00 1.18
0.00 1.45
0.00 1.05
0.00 1.05
0.00 1.49
0.00 1.24
0.50 2.31
0.50 2.09
0.50 1.77
0.50 1.48
0.50 2.31
0.50 1.62
0.50 1.83
0.50 2.12
0.50 1.93
0.50 1.97
0.50 1.69
0.50 2.12
0.50 1.83
0.50 1.97
0.50 1.69
1.00 2.72
1.00 2.64
1.00 2.51
1.00 3.23
1.00 2.26
1.00 2.44
1.00 2.72
1.00 2.96
1.00 2.51
1.00 2.85
1.00 3.49
1.00 3.49
1.00 3.06
1.00 3.23
1.00 2.96
1.50 4.44
1.50 3.83
1.50 4.83
1.50 4.09
1.50 4.09
1.50 4.13
1.50 4.66
1.50 4.79
1.50 4.44
1.50 3.55
1.50 3.77
1.50 3.77
1.50 3.30
1.50 4.62
1.50 4.14
2.00 4.19
2.00 4.19
2.00 4.70
2.00 4.17
2.00 4.43
2.00 4.23
2.00 4.43
2.00 4.21
2.00 4.21
2.00 4.43
2.00 4.52
2.00 4.23
2.00 4.53
2.00 4.17
2.00 4.60
2.50 4.67
2.50 4.26
2.50 4.65
2.50 4.27
2.50 4.28
2.50 4.28
2.50 4.26
2.50 4.33
2.50 4.32
2.50 4.24
2.50 4.65
2.50 4.19
2.50 4.27
2.50 4.30
2.50 4.66
3.00 3.99
3.00 4.05
3.00 4.49
3.00 4.38
3.00 4.12
3.00 4.69
3.00 4.74
3.00 4.49
3.00 4.38
3.00 4.41
3.00 4.41
3.00 4.09
3.00 4.02
3.00 4.71
3.00 4.35
3.50 4.57
3.50 4.67
3.50 4.53
3.50 3.93
3.50 4.98
3.50 3.91
3.50 3.88
3.50 4.67
3.50 3.96
3.50 4.72
3.50 4.94
3.50 4.86
3.50 4.90
3.50 4.83
3.50 4.57
4.00 5.00
4.00 5.00
4.00 5.00
4.00 5.00
4.00 4.95
4.00 4.89
4.00 3.80
4.00 4.78
4.00 4.95
4.00 5.00
4.00 3.77
4.00 4.89
4.00 3.82
4.00 4.83
4.00 5.00
5.00 5.00
5.00 1.94
5.00 5.00
5.00 2.88
5.00 3.45
5.00 5.00
5.00 5.00
5.00 1.78
5.00 1.92
5.00 5.00
5.00 5.00
5.00 2.27
5.00 5.00
5.00 3.25
5.00 5.00
5.00 4.39
5.00 5.00
5.00 5.00
5.00 5.00
5.00 5.00
5.00 5.00
5.00 5.00
5.00 5.00
5.00 5.00
5.00 5.00
5.00 5.00
5.00 4.90
5.00 3.35
5.00 5.00
5.00 3.21
5.00 5.00
5.00 4.68
5.00 4.49
5.00 3.11
5.00 3.76
5.00 3.65
5.00 5.00
5.00 5.00
5.00 4.20
5.00 5.00
5.00 5.00
5.00 5.00
5.00 5.00
5.00 5.00
5.00 3.64
0.00 1.33
0.00 1.34
0.00 1.56
0.00 1.13
0.00 1.34
0.00 1.11
0.00 1.56
0.00 0.92
0.00 1.13
0.00 1.22
0.00 1.11
0.00 1.44
0.00 1.33
0.00 1.01
0.00 1.01
4.50 5.00
4.50 5.00
4.50 5.00
4.50 5.00
4.50 5.00
4.50 5.00
4.50 5.00
4.50 5.00
4.50 5.00
4.50 5.00
4.50 5.00
4.50 5.00
4.50 5.00
4.50 5.00
4.50 5.00
0.50 2.11
0.50 2.30
0.50 1.94
0.50 1.76
0.50 2.51
0.50 1.94
0.50 2.11
0.50 2.51
0.50 1.76
0.50 2.30
1.00 2.74
1.00 2.99
1.00 3.81
1.00 3.51
1.00 3.24
1.00 3.51
1.00 2.99
1.00 2.74
1.00 3.24
1.00 3.81
1.50 4.37
1.50 4.53
1.50 4.44
1.50 4.31
1.50 4.37
1.50 4.15
1.50 4.44
1.50 4.31
1.50 4.53
1.50 4.15
2.00 4.20
2.00 4.10
2.00 4.13
2.00 4.20
2.00 4.10
2.00 4.16
2.00 4.16
2.00 4.25
2.00 4.25
2.00 4.13
2.50 4.03
2.50 4.04
2.50 4.06
2.50 4.04
2.50 4.06
2.50 4.07
2.50 4.07
2.50 4.03
2.50 4.03
2.50 4.03
3.00 4.02
3.00 4.03
3.00 4.04
3.00 4.03
3.00 4.02
3.00 4.03
3.00 4.02
3.00 4.04
3.00 4.03
3.00 4.02
3.50 4.05
3.50 4.06
3.50 4.05
3.50 4.06
3.50 4.07
3.50 4.08
3.50 4.08
3.50 4.09
3.50 4.09
3.50 4.07
4.00 4.12
4.00 4.15
4.00 4.11
4.00 4.17
4.00 4.11
4.00 4.12
4.00 4.15
4.00 4.14
4.00 4.17
4.00 4.14
4.50 4.24
4.50 4.22
4.50 4.21
4.50 4.24
4.50 4.18
4.50 4.18
4.50 4.19
4.50 4.21
4.50 4.19
4.50 4.22
5.00 4.82
5.00 4.69
5.00 5.00
5.00 4.19
5.00 5.00
5.00 4.25
5.00 5.00
5.00 5.00
5.00 4.40
5.00 4.25
5.00 4.47
5.00 5.00
5.00 4.84
5.00 5.00
5.00 4.51
5.00 4.54
5.00 4.47
5.00 5.00
5.00 4.33
5.00 5.00
5.00 5.00
5.00 4.87
5.00 2.95
5.00 5.00
5.00 5.00
5.00 4.38
5.00 4.38
5.00 5.00
5.00 5.00
5.00 5.00
0.00 1.44
0.00 1.59
0.00 1.59
0.00 1.44
0.00 1.04
0.00 1.16
0.00 1.16
0.00 1.30
0.00 1.30
0.00 1.04
0.50 1.78
0.50 2.11
0.50 1.94
0.50 1.50
0.50 2.00
0.50 2.06
0.50 1.37
0.50 1.64
0.50 1.94
0.50 1.97
0.50 2.02
0.50 2.00
0.50 1.37
0.50 1.50
0.50 1.78
1.00 1.96
1.00 1.95
1.00 2.43
1.00 2.80
1.00 1.95
1.00 2.60
1.00 1.95
1.00 1.95
1.00 2.60
1.00 1.95
1.00 2.10
1.00 2.80
1.00 1.96
1.00 1.96
1.00 2.10
1.50 3.91
1.50 3.20
1.50 3.66
1.50 2.03
1.50 3.00
1.50 1.98
1.50 2.00
1.50 3.42
1.50 2.06
1.50 1.98
1.50 2.03
1.50 2.06
1.50 1.97
1.50 1.97
1.50 2.00
2.00 2.16
2.00 4.17
2.00 2.24
2.00 4.27
2.00 2.24
2.00 2.12
2.00 2.09
2.00 4.24
2.00 2.12
2.00 2.20
2.00 2.20
2.00 4.27
2.00 4.24
2.00 4.19
2.00 4.21
2.50 2.42
2.50 4.39
2.50 4.35
2.50 2.37
2.50 2.47
2.50 2.33
2.50 4.44
2.50 4.50
2.50 4.50
2.50 2.28
2.50 4.44
2.50 2.28
2.50 4.31
2.50 2.33
2.50 4.31
3.00 2.61
3.00 2.70
3.00 2.57
3.00 4.62
3.00 4.77
3.00 2.48
3.00 2.51
3.00 4.69
3.00 4.85
3.00 4.62
3.00 2.52
3.00 4.56
3.00 2.54
3.00 2.52
3.00 4.56
3.50 2.45
3.50 2.33
3.50 2.43
3.50 2.37
3.50 5.00
3.50 2.40
3.50 2.81
3.50 2.74
3.50 5.00
3.50 4.94
3.50 2.79
3.50 2.81
3.50 5.00
3.50 5.00
3.50 2.77
4.00 2.74
4.00 2.23
4.00 2.32
4.00 2.29
4.00 2.42
4.00 5.00
4.00 2.40
4.00 2.74
4.00 5.00
4.00 5.00
4.00 5.00
4.00 2.84
4.00 2.56
4.00 5.00
4.00 2.78
4.50 2.51
4.50 5.00
4.50 3.37
4.50 2.93
4.50 2.45
4.50 5.00
4.50 5.00
4.50 5.00
4.50 5.00
4.50 3.02
4.50 2.59
4.50 2.48
4.50 3.12
4.50 3.21
4.50 5.00
5.00 4.95
5.00 4.99
5.00 5.00
5.00 3.55
5.00 5.00
5.00 2.57
5.00 5.00
5.00 2.28
5.00 5.00
5.00 1.93
5.00 4.71
5.00 5.00
5.00 5.00
5.00 5.00
5.00 5.00
5.00 3.86
5.00 5.00
5.00 2.58
5.00 5.00
5.00 5.00
5.00 5.00
5.00 2.76
5.00 3.75
5.00 5.00
5.00 4.03
5.00 3.12
5.00 5.00
5.00 2.49
5.00 5.00
5.00 5.00
5.00 5.00
5.00 5.00
5.00 5.00
5.00 3.65
5.00 2.19
5.00 5.00
5.00 5.00
5.00 5.00
5.00 2.92
5.00 2.97
5.00 3.51
5.00 5.00
5.00 5.00
5.00 4.53
5.00 5.00
0.00 1.26
0.00 1.86
0.00 1.06
0.00 2.34
0.00 2.25
0.00 2.34
0.00 1.16
0.00 2.17
0.00 0.86
0.00 2.25
0.00 0.96
0.00 0.96
0.00 1.26
0.00 1.06
0.00 2.46
0.50 1.47
0.50 1.78
0.50 1.95
0.50 2.11
0.50 1.62
1.00 3.12
1.00 2.24
1.00 2.68
1.00 2.90
1.00 2.19
1.50 4.15
1.50 2.45
1.50 2.37
1.50 3.36
1.50 2.41
2.00 4.03
2.00 2.42
2.00 2.30
2.00 4.04
2.00 2.33
2.50 2.25
2.50 4.00
2.50 4.00
2.50 3.99
2.50 2.16
3.00 2.11
3.00 2.14
3.00 4.00
3.00 2.04
3.00 4.01
3.50 2.01
3.50 4.03
3.50 4.02
3.50 2.03
3.50 4.02
5.00 2.04
5.00 2.04
5.00 0.76
5.00 2.11
5.00 3.60
5.00 0.83
5.00 0.22
5.00 0.25
5.00 5.00
5.00 0.25
5.00 2.08
5.00 0.22
5.00 0.75
5.00 0.21
5.00 0.40
0.00 0.99
0.00 1.09
0.00 1.09
0.00 0.99
0.00 1.20
4.00 4.04
4.00 4.05
4.00 4.05
4.00 4.05
4.00 4.05
4.50 4.03
4.50 4.04
4.50 4.05
4.50 4.02
4.50 4.04
0.50 1.84
0.50 1.94
0.50 3.33
0.50 1.59
0.50 3.93
0.50 1.78
0.50 1.36
0.50 1.63
0.50 1.47
0.50 1.49
0.50 4.20
0.50 3.31
0.50 1.36
0.50 1.47
0.50 3.46
0.50 1.63
0.50 1.84
0.50 1.71
0.50 3.30
0.50 1.49
0.50 3.29
0.50 1.59
1.00 2.44
1.00 3.04
1.00 2.84
1.00 2.27
1.00 2.12
1.00 3.28
1.00 2.98
1.00 2.63
1.00 2.44
1.00 2.12
1.00 2.84
1.00 2.98
1.00 2.76
1.00 2.27
1.00 1.97
1.00 3.12
1.00 2.60
1.00 2.76
1.00 2.44
1.00 1.97
1.00 3.12
1.00 2.87
1.50 2.78
1.50 2.59
1.50 2.40
1.50 3.74
1.50 3.74
1.50 2.45
1.50 3.49
1.50 2.67
1.50 2.78
1.50 2.97
1.50 3.39
1.50 2.40
1.50 3.39
1.50 3.41
1.50 3.18
1.50 3.18
1.50 2.97
1.50 3.26
1.50 2.52
1.50 4.00
1.50 2.59
1.50 2.67
2.00 2.23
2.00 3.98
2.00 3.33
2.00 2.28
2.00 2.28
2.00 2.35
2.00 3.99
2.00 2.35
2.00 3.31
2.00 3.30
2.00 3.98
2.00 3.34
2.00 3.98
2.00 3.34
2.00 2.31
2.00 3.98
2.00 3.36
2.00 2.25
2.00 2.31
2.00 3.33
2.00 2.25
2.00 3.98
2.50 2.98
2.50 2.20
2.50 2.20
2.50 2.22
2.50 2.21
2.50 4.02
2.50 2.21
2.50 3.26
2.50 2.21
2.50 3.99
2.50 2.20
2.50 4.01
2.50 2.20
2.50 2.22
2.50 4.00
2.50 4.02
2.50 4.04
2.50 3.29
2.50 3.12
2.50 3.28
2.50 4.00
2.50 3.27
3.00 2.25
3.00 2.67
3.00 2.27
3.00 2.76
3.00 2.22
3.00 2.87
3.00 2.52
3.00 2.22
3.00 4.05
3.00 2.59
3.00 2.29
3.00 4.12
3.00 3.26
3.00 2.25
3.00 3.26
3.00 4.09
3.00 4.11
3.00 2.29
3.00 4.07
3.00 4.12
3.00 2.23
3.00 4.07
3.50 2.44
3.50 2.34
3.50 4.19
3.50 2.31
3.50 2.35
3.50 4.21
3.50 2.41
3.50 2.31
3.50 2.31
3.50 2.34
3.50 2.42
3.50 4.16
3.50 2.41
3.50 4.19
3.50 4.14
3.50 4.14
3.50 2.40
3.50 2.37
3.50 2.28
3.50 4.18
3.50 2.45
3.50 4.21
4.00 2.32
4.00 2.37
4.00 4.24
4.00 4.24
4.00 2.60
4.00 2.52
4.00 4.24
4.00 2.64
4.00 4.23
4.00 4.24
4.00 2.22
4.00 4.22
4.00 2.21
4.00 2.27
4.00 2.56
4.00 2.25
4.00 4.24
4.00 2.48
4.00 4.24
4.00 4.23
4.00 2.19
4.00 2.23
4.50 2.80
4.50 2.83
4.50 4.23
4.50 2.21
4.50 2.20
4.50 2.68
4.50 4.24
4.50 2.72
4.50 4.24
4.50 2.16
4.50 4.23
4.50 2.76
4.50 2.08
4.50 2.22
4.50 2.23
4.50 4.25
4.50 2.04
4.50 4.26
4.50 2.12
4.50 2.25
4.50 2.01
4.50 4.27
5.00 5.00
5.00 4.15
5.00 5.00
5.00 1.82
5.00 4.17
5.00 5.00
5.00 5.00
5.00 5.00
5.00 5.00
5.00 5.00
5.00 4.64
5.00 5.00
5.00 1.99
5.00 5.00
5.00 4.06
5.00 5.00
5.00 5.00
5.00 5.00
5.00 5.00
5.00 3.15
5.00 1.45
5.00 5.00
5.00 3.42
5.00 0.80
5.00 5.00
5.00 5.00
5.00 5.00
5.00 5.00
5.00 5.00
5.00 4.04
5.00 4.35
5.00 1.82
5.00 5.00
5.00 5.00
5.00 4.04
5.00 5.00
5.00 5.00
5.00 5.00
5.00 5.00
5.00 1.92
5.00 5.00
5.00 2.39
5.00 5.00
5.00 4.26
5.00 2.75
5.00 5.00
5.00 3.76
5.00 2.89
5.00 2.34
5.00 5.00
5.00 5.00
5.00 0.97
5.00 4.07
5.00 3.92
5.00 5.00
5.00 3.19
5.00 5.00
5.00 5.00
5.00 5.00
5.00 5.00
5.00 2.78
5.00 5.00
5.00 2.87
5.00 4.03
5.00 1.75
5.00 4.11
0.00 5.00
0.00 1.22
0.00 3.36
0.00 3.41
0.00 1.35
0.00 3.34
0.00 0.90
0.00 1.11
0.00 1.25
0.00 1.15
0.00 1.25
0.00 0.89
0.00 4.81
0.00 0.90
0.00 1.22
0.00 3.18
0.00 1.07
0.00 3.39
0.00 1.00
0.00 1.07
0.00 0.99
0.00 0.99
0.50 5.00
0.50 1.51
0.50 5.00
0.50 5.00
0.50 1.41
0.50 1.93
0.50 1.39
0.50 1.65
0.50 5.00
0.50 1.80
0.50 1.93
1.00 1.95
1.00 2.60
1.00 2.41
1.00 1.60
1.00 2.77
1.00 1.49
1.00 2.24
1.00 2.60
1.00 1.95
1.00 2.77
1.00 2.41
1.50 3.16
1.50 2.36
1.50 3.38
1.50 2.51
1.50 2.21
1.50 2.96
1.50 2.96
1.50 3.54
1.50 3.38
1.50 2.21
1.50 2.07
2.00 3.25
2.00 2.86
2.00 3.03
2.00 3.60
2.00 3.41
2.00 3.40
2.00 3.41
2.00 3.35
2.00 2.86
2.00 3.40
2.00 3.25
2.50 3.16
2.50 3.77
2.50 3.80
2.50 3.78
2.50 3.80
2.50 3.04
2.50 3.16
2.50 3.81
2.50 3.78
2.50 3.08
2.50 3.20
3.00 2.94
3.00 3.73
3.00 3.72
3.00 3.74
3.00 2.91
3.00 3.74
3.00 3.73
3.00 2.88
3.00 3.75
3.00 2.88
3.00 3.71
3.50 2.82
3.50 2.82
3.50 3.64
3.50 2.85
3.50 3.66
3.50 3.67
3.50 2.80
3.50 3.67
3.50 3.68
3.50 3.66
3.50 3.68
4.00 2.65
4.00 2.68
4.00 3.56
4.00 2.70
4.00 3.56
4.00 3.63
4.00 2.70
4.00 3.63
4.00 3.58
4.00 2.65
4.00 3.58
4.50 3.47
4.50 2.62
4.50 3.51
4.50 3.51
4.50 2.62
4.50 3.49
4.50 2.58
4.50 3.49
4.50 2.63
4.50 3.44
4.50 3.53
5.00 2.72
5.00 5.00
5.00 2.77
5.00 2.77
5.00 4.16
5.00 2.57
5.00 3.00
5.00 2.75
5.00 2.57
5.00 3.48
5.00 3.01
5.00 5.00
5.00 2.77
5.00 3.39
5.00 3.93
5.00 5.00
5.00 3.08
5.00 3.19
5.00 3.32
5.00 5.00
5.00 5.00
5.00 5.00
5.00 2.55
5.00 2.99
5.00 2.97
5.00 3.67
5.00 3.09
5.00 3.02
5.00 2.98
5.00 5.00
5.00 3.42
5.00 5.00
5.00 5.00
0.00 1.15
0.00 1.27
0.00 1.27
0.00 5.00
0.00 5.00
0.00 1.15
0.00 1.35
0.00 5.00
0.00 5.00
0.00 1.14
0.00 1.09
0.50 4.34
0.50 2.45
0.50 2.87
0.50 2.87
0.50 2.45
0.50 4.34
0.50 3.47
0.50 5.00
0.50 3.47
0.50 5.00
1.00 5.00
1.00 5.00
1.00 5.00
1.00 5.00
1.00 5.00
1.00 5.00
1.00 5.00
1.00 5.00
1.00 5.00
1.00 5.00
1.50 5.00
1.50 5.00
1.50 5.00
1.50 5.00
1.50 5.00
1.50 5.00
1.50 5.00
1.50 5.00
1.50 5.00
1.50 5.00
2.00 5.00
2.00 5.00
2.00 5.00
2.00 5.00
2.00 5.00
2.00 5.00
2.00 5.00
2.00 5.00
2.00 5.00
2.00 5.00
2.50 5.00
2.50 5.00
2.50 5.00
2.50 5.00
2.50 5.00
2.50 5.00
2.50 5.00
2.50 5.00
2.50 5.00
2.50 5.00
3.00 4.57
3.00 4.57
3.00 5.00
3.00 5.00
3.00 3.98
3.00 3.98
3.00 5.00
3.00 5.00
3.00 3.55
3.00 3.55
3.50 2.99
3.50 2.80
3.50 2.99
3.50 2.80
3.50 2.54
3.50 3.23
3.50 2.54
3.50 3.23
3.50 2.66
3.50 2.66
4.00 2.25
4.00 2.31
4.00 2.21
4.00 2.21
4.00 2.45
4.00 2.37
4.00 2.31
4.00 2.25
4.00 2.45
4.00 2.37
4.50 2.15
4.50 2.14
4.50 2.18
4.50 2.18
4.50 2.12
4.50 2.15
4.50 2.11
4.50 2.11
4.50 2.12
4.50 2.14
5.00 5.00
5.00 5.00
5.00 5.00
5.00 5.00
5.00 5.00
5.00 2.52
5.00 5.00
5.00 5.00
5.00 5.00
5.00 5.00
5.00 1.70
5.00 5.00
5.00 5.00
5.00 5.00
5.00 5.00
5.00 5.00
5.00 5.00
5.00 5.00
5.00 5.00
5.00 5.00
5.00 5.00
5.00 5.00
5.00 1.96
5.00 5.00
5.00 4.44
5.00 5.00
5.00 5.00
5.00 4.90
5.00 5.00
5.00 5.00
0.00 1.90
0.00 1.26
0.00 1.90
0.00 2.14
0.00 1.72
0.00 2.14
0.00 1.26
0.00 0.91
0.00 1.72
0.00 0.91
0.50 2.21
0.50 1.47
0.50 1.60
0.50 2.21
0.50 1.87
0.50 1.74
0.50 1.70
0.50 1.87
0.50 1.87
0.50 1.74
1.00 2.48
1.00 3.63
1.00 2.64
1.00 2.16
1.00 2.31
1.00 2.63
1.00 2.16
1.00 3.35
1.00 2.01
1.00 2.01
1.50 2.81
1.50 4.29
1.50 4.16
1.50 3.17
1.50 2.81
1.50 4.29
1.50 4.16
1.50 3.37
1.50 4.04
1.50 4.04
2.00 3.16
2.00 3.74
2.00 3.21
2.00 3.58
2.00 3.08
2.00 3.66
2.00 3.08
2.00 3.12
2.00 3.51
2.00 3.26
2.50 3.27
2.50 3.38
2.50 2.97
2.50 2.97
2.50 2.91
2.50 3.04
2.50 2.94
2.50 2.91
2.50 3.44
2.50 3.01
3.00 3.06
3.00 3.13
3.00 3.02
3.00 2.84
3.00 2.82
3.00 2.88
3.00 2.80
3.00 2.86
3.00 3.09
3.00 3.17
5.00 3.07
5.00 1.18
5.00 1.09
5.00 3.44
5.00 3.33
5.00 2.52
5.00 3.18
5.00 5.00
5.00 1.80
5.00 2.57
5.00 1.61
5.00 5.00
5.00 5.00
5.00 2.86
5.00 1.94
5.00 5.00
5.00 2.34
5.00 2.78
5.00 4.23
5.00 2.33
5.00 3.02
5.00 2.26
5.00 3.74
5.00 4.62
5.00 2.64
5.00 2.56
5.00 2.05
5.00 2.14
5.00 1.72
5.00 2.04
0.00 0.81
0.00 1.23
0.00 1.39
0.00 1.13
0.00 1.01
0.00 1.39
0.00 1.01
0.00 1.13
0.00 1.12
0.00 1.54
3.50 2.93
3.50 2.77
3.50 2.78
3.50 2.96
3.50 2.87
3.50 2.74
3.50 2.99
3.50 2.90
3.50 2.73
3.50 2.76
4.00 2.71
4.00 2.72
4.00 2.71
4.00 2.69
4.00 2.85
4.00 2.70
4.00 2.83
4.00 2.77
4.00 2.79
4.00 2.81
4.50 2.68
4.50 2.75
4.50 2.68
4.50 2.70
4.50 2.68
4.50 2.73
4.50 2.72
4.50 2.68
4.50 2.70
4.50 2.73
0.50 1.87
0.50 1.87
0.50 1.69
0.50 1.69
0.50 2.03
0.50 1.57
0.50 2.20
0.50 1.57
0.50 1.71
0.50 1.39
0.50 1.49
0.50 2.20
0.50 1.29
0.50 1.49
0.50 2.03
1.00 2.20
1.00 2.10
1.00 2.81
1.00 2.39
1.00 1.79
1.00 2.59
1.00 2.39
1.00 1.99
1.00 1.89
1.00 2.20
1.00 1.89
1.00 3.06
1.00 3.30
1.00 3.06
1.00 2.81
1.50 4.52
1.50 4.17
1.50 4.47
1.50 2.41
1.50 4.47
1.50 4.17
1.50 3.56
1.50 2.52
1.50 2.41
1.50 3.85
1.50 4.52
1.50 2.31
1.50 2.31
1.50 3.22
1.50 2.84
2.00 4.35
2.00 4.93
2.00 4.35
2.00 3.23
2.00 4.37
2.00 3.36
2.00 4.40
2.00 4.43
2.00 4.34
2.00 4.26
2.00 3.69
2.00 3.30
2.00 4.43
2.00 4.37
2.00 4.87
2.50 4.32
2.50 4.32
2.50 4.58
2.50 4.32
2.50 2.82
2.50 4.32
2.50 2.66
2.50 2.74
2.50 4.81
2.50 4.33
2.50 4.32
2.50 2.91
2.50 4.33
2.50 4.32
2.50 4.32
3.00 4.37
3.00 4.38
3.00 2.58
3.00 4.38
3.00 4.35
3.00 2.28
3.00 4.35
3.00 4.39
3.00 2.43
3.00 4.49
3.00 4.33
3.00 4.34
3.00 2.35
3.00 2.50
3.00 4.37
3.50 4.45
3.50 2.13
3.50 4.40
3.50 1.97
3.50 4.47
3.50 1.89
3.50 4.47
3.50 2.05
3.50 4.44
3.50 4.42
3.50 4.44
3.50 2.20
3.50 4.42
3.50 4.45
3.50 4.40
4.00 4.52
4.00 4.49
4.00 1.60
4.00 4.49
4.00 1.52
4.00 1.82
4.00 4.54
4.00 4.54
4.00 4.51
4.00 4.55
4.00 4.52
4.00 4.51
4.00 4.55
4.00 1.74
4.00 1.67
4.50 4.58
4.50 4.60
4.50 1.26
4.50 1.32
4.50 4.59
4.50 4.60
4.50 4.57
4.50 4.59
4.50 4.58
4.50 1.38
4.50 4.57
4.50 4.59
4.50 1.45
4.50 4.59
4.50 1.20
5.00 3.82
5.00 3.94
5.00 5.00
5.00 0.54
5.00 4.60
5.00 2.48
5.00 0.44
5.00 0.66
5.00 2.99
5.00 0.45
5.00 0.40
5.00 2.28
5.00 0.96
5.00 3.96
5.00 0.69
5.00 2.44
5.00 2.63
5.00 5.00
5.00 2.82
5.00 2.16
5.00 0.43
5.00 5.00
5.00 2.90
5.00 3.14
5.00 3.54
5.00 4.34
5.00 2.90
5.00 5.00
5.00 2.85
5.00 2.94
5.00 5.00
5.00 5.00
5.00 2.69
5.00 4.37
5.00 2.52
5.00 2.84
5.00 0.71
5.00 4.00
5.00 3.22
5.00 3.00
5.00 5.00
5.00 5.00
5.00 2.40
5.00 4.50
5.00 5.00
0.00 1.31
0.00 0.98
0.00 1.21
0.00 1.21
0.00 1.18
0.00 0.98
0.00 1.31
0.00 1.01
0.00 1.02
0.00 1.18
0.00 1.01
0.00 0.98
0.00 0.98
0.00 1.08
0.00 1.44
0.50 1.73
0.50 1.85
0.50 1.85
0.50 1.35
0.50 1.47
0.50 1.47
0.50 1.59
0.50 1.59
1.00 1.99
1.00 2.29
1.00 2.29
1.00 2.62
1.00 1.99
1.00 2.46
1.00 2.62
1.00 2.14
1.50 2.96
1.50 3.36
1.50 3.27
1.50 2.78
1.50 3.27
1.50 2.78
1.50 3.15
1.50 3.36
2.00 3.06
2.00 3.00
2.00 3.12
2.00 3.20
2.00 2.94
2.00 2.94
2.00 3.00
2.00 3.20
2.50 2.72
2.50 2.80
2.50 2.76
2.50 2.80
2.50 2.84
2.50 2.72
2.50 2.89
2.50 2.84
3.00 2.60
3.00 2.58
3.00 2.60
3.00 2.69
3.00 2.63
3.00 2.58
3.00 2.66
3.00 2.63
3.50 2.52
3.50 2.49
3.50 2.53
3.50 2.55
3.50 2.53
3.50 2.52
3.50 2.55
3.50 2.49
4.00 2.45
4.00 2.47
4.00 2.46
4.00 2.45
4.00 2.45
4.00 2.47
4.00 2.47
4.00 2.47
4.50 2.44
4.50 2.44
4.50 2.44
4.50 2.45
4.50 2.45
4.50 2.43
4.50 2.44
4.50 2.44
5.00 5.00
5.00 5.00
5.00 2.08
5.00 3.39
5.00 1.90
5.00 5.00
5.00 5.00
5.00 4.06
5.00 3.15
5.00 1.97
5.00 5.00
5.00 4.54
5.00 5.00
5.00 5.00
5.00 2.58
5.00 4.02
5.00 2.12
5.00 2.06
5.00 3.37
5.00 5.00
5.00 5.00
5.00 5.00
5.00 3.15
5.00 5.00
0.00 1.03
0.00 0.94
0.00 1.13
0.00 1.24
0.00 0.85
0.00 1.24
0.00 0.85
0.00 1.13
0.50 2.52
0.50 1.92
0.50 1.67
0.50 1.83
0.50 2.76
0.50 1.67
0.50 1.40
0.50 2.01
0.50 1.83
0.50 1.64
0.50 2.18
0.50 1.19
0.50 2.11
0.50 2.11
0.50 2.37
0.50 2.17
0.50 1.29
0.50 2.30
0.50 2.52
0.50 1.92
0.50 2.01
0.50 2.14
0.50 2.30
0.50 1.52
0.50 2.76
1.00 2.02
1.00 2.31
1.00 2.57
1.00 2.31
1.00 2.21
1.00 2.80
1.00 4.34
1.00 3.33
1.00 3.03
1.00 3.96
1.00 3.04
1.00 3.03
1.00 2.30
1.00 4.34
1.00 3.54
1.00 2.35
1.00 2.02
1.00 3.63
1.00 3.63
1.00 1.89
1.00 1.77
1.00 3.96
1.00 3.28
1.00 2.25
1.00 2.41
1.50 2.53
1.50 2.93
1.50 4.99
1.50 2.46
1.50 2.47
1.50 4.78
1.50 5.00
1.50 5.00
1.50 4.45
1.50 4.15
1.50 2.76
1.50 2.76
1.50 3.10
1.50 2.93
1.50 2.61
1.50 3.10
1.50 5.00
1.50 4.50
1.50 5.00
1.50 2.60
1.50 2.61
1.50 4.99
1.50 3.83
1.50 5.00
1.50 2.61
2.00 4.80
2.00 3.18
2.00 3.13
2.00 3.18
2.00 3.23
2.00 4.76
2.00 4.43
2.00 4.91
2.00 4.45
2.00 4.91
2.00 4.85
2.00 4.73
2.00 4.76
2.00 3.13
2.00 4.46
2.00 2.64
2.00 3.23
2.00 3.29
2.00 3.09
2.00 2.62
2.00 4.80
2.00 2.67
2.00 4.73
2.00 4.85
2.00 2.61
2.50 2.69
2.50 4.71
2.50 2.93
2.50 2.90
2.50 4.67
2.50 2.93
2.50 3.05
2.50 4.68
2.50 2.97
2.50 4.56
2.50 2.72
2.50 4.67
2.50 4.68
2.50 4.68
2.50 4.69
2.50 2.75
2.50 2.90
2.50 4.71
2.50 4.66
2.50 4.49
2.50 3.01
2.50 3.01
2.50 4.69
2.50 2.82
2.50 4.68
3.00 4.74
3.00 2.91
3.00 4.80
3.00 2.77
3.00 2.75
3.00 2.83
3.00 4.76
3.00 5.00
3.00 4.71
3.00 4.68
3.00 4.76
3.00 2.77
3.00 2.83
3.00 4.70
3.00 5.00
3.00 2.80
3.00 2.86
3.00 2.96
3.00 2.86
3.00 4.70
3.00 4.71
3.00 4.73
3.00 2.80
3.00 4.74
3.00 2.75
3.50 4.90
3.50 2.70
3.50 5.00
3.50 5.00
3.50 2.63
3.50 4.86
3.50 5.00
3.50 2.67
3.50 4.82
3.50 2.70
3.50 4.90
3.50 5.00
3.50 4.94
3.50 2.63
3.50 4.82
3.50 2.67
3.50 2.72
3.50 4.86
3.50 4.79
3.50 2.72
3.50 2.65
3.50 2.65
3.50 4.79
3.50 5.00
3.50 4.94
4.00 5.00
4.00 4.90
4.00 2.59
4.00 2.61
4.00 2.59
4.00 4.98
4.00 4.79
4.00 5.00
4.00 5.00
4.00 4.98
4.00 5.00
4.00 4.79
4.00 2.55
4.00 5.00
4.00 2.56
4.00 5.00
4.00 2.57
4.00 2.55
4.00 5.00
4.00 2.61
4.00 2.56
4.00 5.00
4.00 2.57
4.00 5.00
4.00 4.90
4.50 2.52
4.50 5.00
4.50 2.50
4.50 5.00
4.50 2.53
4.50 2.52
4.50 5.00
4.50 2.53
4.50 2.51
4.50 5.00
4.50 5.00
4.50 5.00
4.50 5.00
4.50 5.00
4.50 5.00
4.50 5.00
4.50 2.54
4.50 2.50
4.50 5.00
4.50 5.00
4.50 5.00
4.50 2.54
4.50 5.00
4.50 5.00
4.50 2.51
5.00 5.00
5.00 5.00
5.00 5.00
5.00 3.76
5.00 5.00
5.00 5.00
5.00 5.00
5.00 5.00
5.00 5.00
5.00 5.00
5.00 5.00
5.00 2.59
5.00 5.00
5.00 5.00
5.00 5.00
5.00 5.00
5.00 5.00
5.00 5.00
5.00 5.00
5.00 5.00
5.00 2.33
5.00 5.00
5.00 4.82
5.00 5.00
5.00 4.97
5.00 3.27
5.00 5.00
5.00 5.00
5.00 5.00
5.00 5.00
5.00 5.00
5.00 2.65
5.00 5.00
5.00 5.00
5.00 1.98
5.00 5.00
5.00 5.00
5.00 5.00
5.00 5.00
5.00 5.00
5.00 5.00
5.00 5.00
5.00 5.00
5.00 2.24
5.00 2.45
5.00 5.00
5.00 5.00
5.00 2.58
5.00 5.00
5.00 3.15
5.00 5.00
5.00 5.00
5.00 5.00
5.00 2.38
5.00 5.00
5.00 5.00
5.00 4.65
5.00 5.00
5.00 5.00
5.00 3.92
5.00 5.00
5.00 5.00
5.00 5.00
5.00 4.46
5.00 5.00
5.00 5.00
5.00 4.19
5.00 5.00
5.00 5.00
5.00 4.59
5.00 5.00
5.00 5.00
5.00 5.00
5.00 3.43
5.00 5.00
0.00 1.43
0.00 1.58
0.00 1.51
0.00 1.51
0.00 0.87
0.00 1.23
0.00 0.80
0.00 1.13
0.00 1.19
0.00 1.74
0.00 1.74
0.00 1.19
0.00 1.03
0.00 0.95
0.00 1.29
0.00 1.37
0.00 0.87
0.00 1.23
0.00 1.11
0.00 0.95
0.00 0.80
0.00 1.43
0.00 1.03
0.00 1.58
0.00 1.13
0.50 1.75
0.50 1.49
0.50 2.14
0.50 1.49
0.50 1.89
0.50 1.59
0.50 1.75
0.50 1.62
0.50 1.85
0.50 1.72
0.50 1.99
0.50 1.37
0.50 1.59
0.50 1.37
0.50 2.14
1.00 2.31
1.00 2.70
1.00 2.72
1.00 3.16
1.00 2.31
1.00 2.70
1.00 2.89
1.00 2.50
1.00 2.92
1.00 2.54
1.00 2.36
1.00 2.19
1.00 2.36
1.00 2.19
1.00 2.50
1.50 2.97
1.50 3.39
1.50 3.13
1.50 3.09
1.50 3.25
1.50 3.34
1.50 3.57
1.50 2.93
1.50 3.34
1.50 4.24
1.50 3.93
1.50 2.93
1.50 3.81
1.50 3.57
1.50 3.81
2.00 4.06
2.00 3.82
2.00 4.06
2.00 4.54
2.00 4.08
2.00 4.07
2.00 3.44
2.00 3.34
2.00 4.56
2.00 4.55
2.00 4.06
2.00 3.55
2.00 4.55
2.00 4.55
2.00 4.06
2.50 4.38
2.50 4.06
2.50 4.13
2.50 3.84
2.50 4.08
2.50 4.59
2.50 4.60
2.50 4.07
2.50 4.06
2.50 4.60
2.50 4.09
2.50 4.14
2.50 4.09
2.50 4.51
2.50 4.39
3.00 4.11
3.00 4.69
3.00 4.13
3.00 4.81
3.00 4.12
3.00 4.66
3.00 4.69
3.00 4.12
3.00 4.77
3.00 4.10
3.00 4.66
3.00 4.73
3.00 4.10
3.00 4.15
3.00 4.11
3.50 4.19
3.50 4.20
3.50 4.16
3.50 4.85
3.50 4.18
3.50 4.94
3.50 4.17
3.50 4.19
3.50 4.94
3.50 5.00
3.50 4.99
3.50 4.16
3.50 4.85
3.50 4.89
3.50 4.89
5.00 4.70
5.00 3.18
5.00 5.00
5.00 5.00
5.00 5.00
5.00 2.30
5.00 5.00
5.00 4.08
5.00 3.39
5.00 3.87
5.00 3.67
5.00 3.69
5.00 2.87
5.00 2.33
5.00 5.00
5.00 5.00
5.00 5.00
5.00 3.83
5.00 3.98
5.00 5.00
5.00 5.00
5.00 4.53
5.00 5.00
5.00 3.61
5.00 2.24
5.00 4.04
5.00 3.67
5.00 5.00
5.00 5.00
5.00 4.11
5.00 2.42
5.00 5.00
5.00 2.61
5.00 2.00
5.00 3.46
5.00 5.00
5.00 4.59
5.00 4.75
5.00 5.00
5.00 3.11
5.00 3.05
5.00 3.77
5.00 3.72
5.00 2.15
5.00 2.65
0.00 1.08
0.00 1.17
0.00 0.89
0.00 1.27
0.00 1.26
0.00 1.46
0.00 1.06
0.00 1.17
0.00 1.27
0.00 1.36
0.00 1.36
0.00 1.26
0.00 0.98
0.00 0.89
0.00 1.16
4.00 5.00
4.00 4.23
4.00 5.00
4.00 4.21
4.00 4.23
4.00 4.22
4.00 4.22
4.00 4.22
4.00 4.23
4.00 4.21
4.00 5.00
4.00 5.00
4.00 4.22
4.00 5.00
4.00 4.23
4.50 4.21
4.50 4.23
4.50 4.23
4.50 5.00
4.50 4.21
4.50 4.22
4.50 4.22
4.50 5.00
4.50 4.23
4.50 5.00
4.50 4.23
4.50 4.23
4.50 5.00
4.50 4.23
4.50 5.00
0.50 1.39
0.50 1.49
0.50 1.59
0.50 1.59
0.50 1.11
0.50 1.29
0.50 1.39
0.50 2.06
0.50 1.39
0.50 1.91
0.50 1.39
0.50 1.49
0.50 1.29
0.50 1.47
0.50 1.29
0.50 1.11
0.50 1.76
0.50 1.49
0.50 1.49
0.50 1.20
1.00 2.23
1.00 1.60
1.00 2.25
1.00 1.72
1.00 2.11
1.00 2.23
1.00 3.00
1.00 1.70
1.00 1.60
1.00 2.41
1.00 1.97
1.00 1.72
1.00 1.92
1.00 1.97
1.00 1.70
1.00 2.25
1.00 1.81
1.00 2.04
1.00 1.92
1.00 2.61
1.50 2.57
1.50 2.74
1.50 2.17
1.50 2.29
1.50 3.11
1.50 3.63
1.50 2.53
1.50 2.92
1.50 2.40
1.50 2.53
1.50 2.41
1.50 3.55
1.50 2.17
1.50 2.74
1.50 3.63
1.50 2.67
1.50 3.11
1.50 2.40
1.50 3.72
1.50 2.67
2.00 4.17
2.00 2.70
2.00 3.50
2.00 2.75
2.00 3.27
2.00 3.47
2.00 2.61
2.00 2.70
2.00 4.17
2.00 3.47
2.00 2.65
2.00 3.40
2.00 3.50
2.00 2.65
2.00 3.22
2.00 3.33
2.00 3.22
2.00 2.61
2.00 3.71
2.00 3.93
2.50 2.42
2.50 2.99
2.50 2.42
2.50 4.18
2.50 2.46
2.50 4.18
2.50 2.56
2.50 2.49
2.50 3.07
2.50 4.18
2.50 4.18
2.50 2.52
2.50 2.52
2.50 4.18
2.50 4.17
2.50 3.03
2.50 3.17
2.50 4.18
2.50 4.17
2.50 3.17
5.00 5.00
5.00 3.20
5.00 4.28
5.00 5.00
5.00 2.12
5.00 4.48
5.00 5.00
5.00 5.00
5.00 5.00
5.00 2.05
5.00 5.00
5.00 2.57
5.00 5.00
5.00 5.00
5.00 5.00
5.00 2.25
5.00 5.00
5.00 3.24
5.00 5.00
5.00 2.25
5.00 2.39
5.00 5.00
5.00 5.00
5.00 2.24
5.00 3.15
5.00 5.00
5.00 5.00
5.00 5.00
5.00 4.30
5.00 3.12
5.00 3.48
5.00 5.00
5.00 5.00
5.00 5.00
5.00 5.00
5.00 3.11
5.00 4.30
5.00 5.00
5.00 5.00
5.00 3.44
5.00 3.05
5.00 2.66
5.00 2.40
5.00 5.00
5.00 1.59
5.00 3.64
5.00 2.59
5.00 3.16
5.00 2.25
5.00 5.00
5.00 1.84
5.00 5.00
5.00 5.00
5.00 1.85
5.00 4.17
5.00 5.00
5.00 5.00
5.00 5.00
5.00 2.74
5.00 5.00
0.00 0.79
0.00 1.09
0.00 1.09
0.00 0.95
0.00 0.86
0.00 0.87
0.00 1.14
0.00 0.87
0.00 1.09
0.00 1.34
0.00 1.21
0.00 1.14
0.00 0.79
0.00 1.03
0.00 1.21
0.00 0.60
0.00 0.72
0.00 0.62
0.00 0.95
0.00 0.97
3.00 2.89
3.00 2.35
3.00 2.86
3.00 4.22
3.00 2.37
3.00 2.32
3.00 2.37
3.00 2.96
3.00 2.40
3.00 2.96
3.00 2.83
3.00 2.83
3.00 4.20
3.00 4.28
3.00 2.30
3.00 4.26
3.00 2.92
3.00 2.35
3.00 2.86
3.00 4.24
3.50 2.25
3.50 4.39
3.50 4.30
3.50 2.76
3.50 2.81
3.50 2.74
3.50 2.24
3.50 2.25
3.50 4.34
3.50 2.29
3.50 2.76
3.50 2.78
3.50 2.23
3.50 2.81
3.50 2.78
3.50 2.72
3.50 4.36
3.50 2.72
3.50 2.29
3.50 2.24
4.00 2.20
4.00 2.65
4.00 2.67
4.00 2.20
4.00 2.69
4.00 2.66
4.00 2.67
4.00 2.19
4.00 4.45
4.00 4.42
4.00 4.44
4.00 2.21
4.00 2.20
4.00 2.71
4.00 2.22
4.00 2.21
4.00 2.71
4.00 2.69
4.00 4.46
4.00 2.65
4.50 2.64
4.50 4.49
4.50 2.18
4.50 4.50
4.50 2.62
4.50 2.62
4.50 4.48
4.50 2.19
4.50 2.62
4.50 2.18
4.50 2.62
4.50 4.50
4.50 2.18
4.50 2.18
4.50 2.63
4.50 2.61
4.50 2.61
4.50 2.64
4.50 2.63
4.50 4.47
0.50 1.21
0.50 1.21
0.50 1.31
0.50 0.87
0.50 1.31
0.50 1.56
0.50 0.87
0.50 0.88
0.50 0.89
0.50 0.90
0.50 1.43
1.00 0.95
1.00 1.69
1.00 1.69
1.00 2.26
1.00 0.99
1.00 1.05
1.00 1.01
1.00 0.97
1.00 1.83
1.00 1.11
1.00 1.83
1.50 2.42
1.50 1.48
1.50 1.17
1.50 2.94
1.50 2.59
1.50 3.12
1.50 2.76
1.50 1.17
1.50 1.32
1.50 1.23
1.50 2.94
2.00 3.74
2.00 3.52
2.00 3.72
2.00 1.65
2.00 1.15
2.00 3.31
2.00 3.72
2.00 1.91
2.00 3.73
2.00 3.74
2.00 1.56
2.50 3.71
2.50 3.71
2.50 3.71
2.50 3.71
2.50 2.28
2.50 3.70
2.50 2.19
2.50 3.71
2.50 2.37
2.50 2.01
2.50 3.71
3.00 2.65
3.00 3.70
3.00 3.70
3.00 2.46
3.00 3.70
3.00 3.70
3.00 3.70
3.00 3.70
3.00 3.70
3.00 3.70
3.00 2.56
3.50 3.68
3.50 3.69
3.50 3.12
3.50 3.02
3.50 3.69
3.50 3.69
3.50 3.67
3.50 3.70
3.50 3.31
3.50 3.69
3.50 3.70
4.00 3.60
4.00 3.64
4.00 3.66
4.00 3.50
4.00 3.62
4.00 3.70
4.00 3.65
4.00 3.80
4.00 3.41
4.00 3.62
4.00 3.64
4.50 3.57
4.50 3.54
4.50 3.55
4.50 3.56
4.50 3.58
4.50 4.00
4.50 3.57
4.50 3.58
4.50 3.85
4.50 3.90
4.50 3.27
5.00 5.00
5.00 1.39
5.00 0.77
5.00 4.44
5.00 1.56
5.00 0.68
5.00 1.44
5.00 0.80
5.00 1.53
5.00 0.77
5.00 1.35
5.00 1.57
5.00 4.42
5.00 5.00
5.00 3.65
5.00 0.67
5.00 3.89
5.00 0.87
5.00 0.77
5.00 1.79
5.00 1.29
5.00 0.70
5.00 1.46
5.00 1.78
5.00 0.81
5.00 0.71
5.00 1.30
5.00 4.24
5.00 0.69
5.00 1.46
5.00 1.78
5.00 1.21
5.00 1.72
0.00 0.81
0.00 0.92
0.00 0.98
0.00 0.91
0.00 0.85
0.00 0.82
0.00 0.94
0.00 0.92
0.00 0.84
0.00 1.02
0.00 0.93
0.50 2.00
0.50 2.38
0.50 2.38
0.50 1.81
0.50 1.81
0.50 2.61
0.50 2.18
0.50 2.18
0.50 2.61
0.50 2.00
1.00 4.02
1.00 3.69
1.00 4.02
1.00 2.85
1.00 2.85
1.00 3.39
1.00 3.39
1.00 3.69
1.00 3.13
1.00 3.13
1.50 4.62
1.50 4.39
1.50 4.71
1.50 4.54
1.50 4.80
1.50 4.80
1.50 4.71
1.50 4.54
1.50 4.39
1.50 4.62
2.00 4.30
2.00 4.30
2.00 4.42
2.00 4.42
2.00 4.37
2.00 4.37
2.00 4.33
2.00 4.33
2.00 4.48
2.00 4.48
2.50 4.25
2.50 4.27
2.50 4.22
2.50 4.22
2.50 4.23
2.50 4.22
2.50 4.27
2.50 4.22
2.50 4.25
2.50 4.23
3.00 4.22
3.00 4.21
3.00 4.23
3.00 4.21
3.00 4.24
3.00 4.22
3.00 4.22
3.00 4.24
3.00 4.23
3.00 4.22
3.50 4.27
3.50 4.30
3.50 4.25
3.50 4.30
3.50 4.32
3.50 4.28
3.50 4.25
3.50 4.27
3.50 4.28
3.50 4.32
4.00 4.34
4.00 4.36
4.00 4.42
4.00 4.40
4.00 4.34
4.00 4.42
4.00 4.38
4.00 4.40
4.00 4.36
4.00 4.38
4.50 4.44
4.50 4.49
4.50 4.51
4.50 4.49
4.50 4.46
4.50 4.51
4.50 4.47
4.50 4.44
4.50 4.47
4.50 4.46
5.00 5.00
5.00 4.37
5.00 2.23
5.00 5.00
5.00 2.32
5.00 5.00
5.00 5.00
5.00 5.00
5.00 3.66
5.00 5.00
5.00 4.69
5.00 5.00
5.00 5.00
5.00 5.00
5.00 5.00
5.00 5.00
5.00 4.26
5.00 4.07
5.00 5.00
5.00 4.52
5.00 5.00
5.00 4.54
5.00 5.00
5.00 5.00
5.00 2.79
5.00 3.52
5.00 5.00
5.00 4.09
5.00 4.55
5.00 5.00
0.00 1.07
0.00 1.63
0.00 1.19
0.00 1.47
0.00 1.19
0.00 1.47
0.00 1.07
0.00 1.32
0.00 1.63
0.00 1.32
0.50 1.88
0.50 1.89
0.50 1.88
0.50 1.90
0.50 1.88
0.50 1.92
0.50 1.90
0.50 1.88
1.00 2.00
1.00 1.97
1.00 1.94
1.00 2.00
1.00 1.94
1.00 2.03
1.00 2.02
1.00 2.03
1.50 2.02
1.50 2.03
1.50 2.11
1.50 2.02
1.50 2.29
1.50 2.03
1.50 2.24
1.50 2.15
2.00 2.04
2.00 2.35
2.00 2.07
2.00 2.52
2.00 2.46
2.00 2.59
2.00 2.05
2.00 2.09
2.50 2.65
2.50 1.84
2.50 1.98
2.50 2.87
2.50 1.93
2.50 2.96
2.50 1.88
2.50 2.72
3.00 3.33
3.00 1.80
3.00 1.70
3.00 3.22
3.00 3.04
3.00 3.13
3.00 1.72
3.00 1.74
3.50 4.12
3.50 3.55
3.50 3.96
3.50 1.69
3.50 1.69
3.50 1.68
3.50 1.68
3.50 1.68
4.00 1.71
4.00 1.73
4.00 1.73
4.00 5.00
4.00 4.95
4.00 4.71
4.00 4.30
4.00 4.49
4.50 5.00
4.50 1.88
4.50 5.00
4.50 1.88
4.50 1.67
4.50 5.00
4.50 5.00
4.50 5.00
5.00 5.00
5.00 3.72
5.00 4.53
5.00 2.41
5.00 5.00
5.00 5.00
5.00 5.00
5.00 2.01
5.00 5.00
5.00 1.61
5.00 5.00
5.00 5.00
5.00 4.09
5.00 5.00
5.00 2.00
5.00 5.00
5.00 5.00
5.00 2.99
5.00 5.00
5.00 2.00
5.00 5.00
5.00 1.96
5.00 1.55
5.00 4.75
0.00 1.56
0.00 1.89
0.00 1.92
0.00 1.88
0.00 1.88
0.00 1.90
0.00 1.90
0.00 1.56
0.50 1.82
0.50 1.38
0.50 1.32
0.50 1.69
0.50 1.38
0.50 1.06
0.50 1.56
0.50 1.43
0.50 1.50
0.50 1.06
0.50 1.27
0.50 1.16
0.50 1.27
0.50 1.50
0.50 1.16
1.00 1.76
1.00 2.04
1.00 2.41
1.00 2.41
1.00 1.95
1.00 2.56
1.00 2.56
1.00 2.24
1.00 2.04
1.00 1.62
1.00 1.62
1.00 1.89
1.00 2.09
1.00 1.76
1.00 1.95
1.50 3.27
1.50 2.72
1.50 2.64
1.50 2.98
1.50 2.98
1.50 2.89
1.50 2.89
1.50 3.20
1.50 2.72
1.50 2.32
1.50 3.27
1.50 2.48
1.50 3.07
1.50 2.48
1.50 3.07
2.00 3.56
2.00 2.95
2.00 3.01
2.00 3.78
2.00 3.17
2.00 3.07
2.00 3.13
2.00 3.13
2.00 2.95
2.00 3.07
2.00 3.77
2.00 3.17
2.00 2.90
2.00 3.56
2.00 3.01
2.50 3.81
2.50 2.81
2.50 3.87
2.50 2.73
2.50 2.86
2.50 2.77
2.50 3.83
2.50 2.77
2.50 3.81
2.50 2.70
2.50 3.87
2.50 2.86
2.50 2.81
2.50 3.83
2.50 3.79
3.00 3.90
3.00 2.63
3.00 2.66
3.00 2.66
3.00 3.99
3.00 2.60
3.00 2.60
3.00 2.57
3.00 3.92
3.00 2.57
3.00 3.90
3.00 2.63
3.00 3.95
3.00 4.02
3.00 3.92
3.50 2.50
3.50 2.48
3.50 4.13
3.50 4.13
3.50 4.18
3.50 2.48
3.50 4.06
3.50 2.46
3.50 4.22
3.50 4.09
3.50 4.18
3.50 2.52
3.50 2.52
3.50 2.50
3.50 2.46
4.00 4.31
4.00 4.47
4.00 4.31
4.00 2.41
4.00 4.27
4.00 4.41
4.00 4.36
4.00 4.27
4.00 2.40
4.00 4.47
4.00 2.43
4.00 2.39
4.00 2.39
4.00 2.40
4.00 4.41
4.50 2.38
4.50 2.38
4.50 4.76
4.50 2.38
4.50 4.64
4.50 4.70
4.50 4.52
4.50 4.58
4.50 4.52
4.50 2.38
4.50 4.76
4.50 2.38
4.50 2.38
4.50 2.38
4.50 4.58
5.00 5.00
5.00 5.00
5.00 2.03
5.00 5.00
5.00 3.52
5.00 2.72
5.00 5.00
5.00 5.00
5.00 2.22
5.00 2.25
5.00 2.24
5.00 5.00
5.00 2.28
5.00 2.29
5.00 2.05
5.00 5.00
5.00 4.04
5.00 2.18
5.00 2.38
5.00 5.00
5.00 2.26
5.00 4.40
5.00 5.00
5.00 2.47
5.00 2.66
5.00 2.24
5.00 5.00
5.00 5.00
5.00 2.40
5.00 5.00
5.00 5.00
5.00 5.00
5.00 4.47
5.00 4.35
5.00 2.22
5.00 5.00
5.00 2.25
5.00 2.27
5.00 5.00
5.00 1.84
5.00 2.08
5.00 5.00
5.00 2.24
5.00 2.27
5.00 5.00
0.00 0.85
0.00 0.85
0.00 1.21
0.00 0.85
0.00 0.83
0.00 1.04
0.00 1.00
0.00 0.96
0.00 0.83
0.00 0.82
0.00 0.95
0.00 0.82
0.00 0.80
0.00 0.85
0.00 0.95
0.50 1.30
0.50 1.30
0.50 1.70
0.50 1.39
0.50 1.70
0.50 1.59
0.50 1.48
0.50 1.48
0.50 1.39
0.50 1.59
1.00 1.92
1.00 2.35
1.00 1.81
1.00 2.19
1.00 2.19
1.00 1.92
1.00 2.35
1.00 2.04
1.00 2.04
1.00 1.81
1.50 2.89
1.50 3.28
1.50 2.89
1.50 2.52
1.50 3.08
1.50 2.70
1.50 3.08
1.50 2.52
1.50 2.70
1.50 3.28
2.00 3.49
2.00 3.94
2.00 3.72
2.00 3.97
2.00 3.49
2.00 3.97
2.00 3.94
2.00 3.92
2.00 3.72
2.00 3.92
2.50 3.82
2.50 3.83
2.50 3.82
2.50 3.89
2.50 3.89
2.50 3.87
2.50 3.85
2.50 3.83
2.50 3.85
2.50 3.87
3.00 3.79
3.00 3.79
3.00 3.77
3.00 3.76
3.00 3.76
3.00 3.77
3.00 3.80
3.00 3.74
3.00 3.80
3.00 3.74
3.50 3.70
3.50 3.73
3.50 3.70
3.50 3.68
3.50 3.73
3.50 3.68
3.50 3.71
3.50 3.71
3.50 3.66
3.50 3.66
4.00 3.62
4.00 3.62
4.00 3.60
4.00 3.56
4.00 3.60
4.00 3.56
4.00 3.64
4.00 3.58
4.00 3.64
4.00 3.58
4.50 3.51
4.50 3.54
4.50 3.54
4.50 3.51
4.50 3.49
4.50 3.45
4.50 3.49
4.50 3.45
4.50 3.47
4.50 3.47
5.00 2.77
5.00 5.00
5.00 3.09
5.00 5.00
5.00 5.00
5.00 5.00
5.00 3.68
5.00 5.00
5.00 5.00
5.00 2.63
5.00 3.00
5.00 5.00
5.00 5.00
5.00 5.00
5.00 3.22
5.00 3.63
5.00 5.00
5.00 5.00
5.00 2.87
5.00 4.86
5.00 2.86
5.00 5.00
5.00 4.75
5.00 2.69
5.00 5.00
5.00 3.38
5.00 5.00
5.00 5.00
5.00 5.00
5.00 5.00
0.00 1.04
0.00 1.13
0.00 1.07
0.00 1.04
0.00 1.04
0.00 1.13
0.00 1.22
0.00 1.04
0.00 1.07
0.00 1.22
0.50 2.08
0.50 2.47
0.50 1.73
0.50 1.91
0.50 2.47
1.00 3.46
1.00 3.19
1.00 2.70
1.00 2.95
1.00 3.75
1.50 4.37
1.50 4.31
1.50 4.26
1.50 4.08
1.50 4.44
2.00 4.21
2.00 4.21
2.00 4.10
2.00 4.12
2.00 4.15
2.50 4.09
2.50 4.08
2.50 4.07
2.50 4.08
2.50 4.09
3.00 4.08
3.00 4.10
3.00 4.08
3.00 4.09
3.00 4.09
3.50 4.13
3.50 4.15
3.50 4.14
3.50 4.15
3.50 4.12
5.00 0.76
5.00 3.21
5.00 3.09
5.00 0.77
5.00 5.00
5.00 1.67
5.00 5.00
5.00 2.40
5.00 0.33
5.00 3.71
5.00 0.72
5.00 1.00
5.00 0.52
5.00 5.00
5.00 0.30
0.00 1.13
0.00 1.26
0.00 1.13
0.00 1.26
0.00 1.41
4.00 4.20
4.00 4.19
4.00 4.22
4.00 4.23
4.00 4.17
4.50 4.24
4.50 3.67
4.50 4.06
4.50 3.00
4.50 3.36
0.50 2.07
0.50 2.05
0.50 2.23
0.50 1.05
0.50 2.04
0.50 2.05
0.50 1.89
0.50 1.60
0.50 1.46
0.50 1.73
0.50 1.89
0.50 1.46
0.50 1.15
0.50 1.59
0.50 1.89
0.50 2.21
0.50 1.73
0.50 1.24
0.50 2.23
0.50 1.59
0.50 1.74
0.50 1.46
0.50 1.74
0.50 1.76
0.50 2.04
0.50 1.34
0.50 1.89
0.50 1.05
0.50 1.24
0.50 1.60
0.50 1.60
1.00 2.11
1.00 3.10
1.00 1.58
1.00 2.80
1.00 3.04
1.00 2.81
1.00 3.10
1.00 3.34
1.00 2.39
1.00 2.61
1.00 2.81
1.00 3.04
1.00 2.11
1.00 2.61
1.00 3.02
1.00 1.84
1.00 2.39
1.00 2.62
1.00 1.98
1.00 2.24
1.00 3.34
1.00 2.62
1.00 1.58
1.00 2.42
1.00 3.02
1.00 2.59
1.00 2.80
1.00 2.59
1.00 2.85
1.00 3.27
1.00 3.27
1.50 4.10
1.50 2.40
1.50 2.25
1.50 3.80
1.50 3.52
1.50 2.56
1.50 3.97
1.50 3.72
1.50 4.58
1.50 2.56
1.50 3.80
1.50 4.40
1.50 3.52
1.50 4.53
1.50 3.61
1.50 4.53
1.50 4.22
1.50 3.90
1.50 3.97
1.50 4.43
1.50 4.10
1.50 3.47
1.50 4.58
1.50 3.47
1.50 2.88
1.50 2.72
1.50 3.23
1.50 2.72
1.50 3.61
1.50 3.99
1.50 2.25
2.00 4.36
2.00 4.35
2.00 3.96
2.00 4.38
2.00 3.96
2.00 4.41
2.00 4.35
2.00 3.24
2.00 3.62
2.00 4.35
2.00 4.46
2.00 4.41
2.00 3.96
2.00 3.96
2.00 3.96
2.00 4.35
2.00 3.63
2.00 4.36
2.00 4.49
2.00 3.96
2.00 3.96
2.00 3.06
2.00 3.43
2.00 4.43
2.00 3.24
2.00 3.96
2.00 4.46
2.00 3.96
2.00 4.37
2.00 4.43
2.00 3.62
2.50 3.99
2.50 4.38
2.50 4.38
2.50 3.97
2.50 3.61
2.50 4.38
2.50 4.41
2.50 3.61
2.50 3.98
2.50 4.39
2.50 4.39
2.50 3.99
2.50 4.36
2.50 3.61
2.50 3.98
2.50 4.03
2.50 4.39
2.50 4.38
2.50 4.38
2.50 3.61
2.50 4.38
2.50 4.01
2.50 3.61
2.50 4.01
2.50 4.38
2.50 4.39
2.50 3.62
2.50 3.97
2.50 4.36
2.50 3.61
2.50 3.62
3.00 3.65
3.00 4.51
3.00 3.64
3.00 4.39
3.00 4.51
3.00 4.45
3.00 4.53
3.00 4.04
3.00 4.11
3.00 4.07
3.00 3.63
3.00 4.43
3.00 4.41
3.00 4.45
3.00 4.09
3.00 4.42
3.00 4.42
3.00 4.45
3.00 4.39
3.00 4.48
3.00 3.64
3.00 4.41
3.00 4.45
3.00 4.13
3.00 4.43
3.00 4.48
3.00 4.53
3.00 3.63
3.00 4.13
3.00 3.62
3.00 4.09
3.50 4.55
3.50 4.24
3.50 4.47
3.50 4.22
3.50 4.15
3.50 4.24
3.50 3.66
3.50 3.68
3.50 4.20
3.50 4.63
3.50 3.68
3.50 3.66
3.50 4.51
3.50 4.49
3.50 4.56
3.50 4.55
3.50 4.69
3.50 4.22
3.50 3.67
3.50 3.70
3.50 4.60
3.50 4.53
3.50 4.66
3.50 3.70
3.50 4.66
3.50 4.18
3.50 4.69
3.50 4.60
3.50 4.20
3.50 4.47
3.50 4.53
4.00 3.73
4.00 3.78
4.00 3.75
4.00 4.26
4.00 3.73
4.00 4.56
4.00 3.75
4.00 4.60
4.00 4.79
4.00 4.79
4.00 4.73
4.00 3.78
4.00 4.31
4.00 4.28
4.00 4.76
4.00 4.85
4.00 4.58
4.00 3.72
4.00 4.85
4.00 3.72
4.00 4.62
4.00 4.56
4.00 4.82
4.00 3.76
4.00 4.82
4.00 4.73
4.00 4.29
4.00 4.31
4.00 4.29
4.00 4.63
4.00 3.76
4.50 3.86
4.50 4.91
4.50 4.67
4.50 4.65
4.50 4.37
4.50 3.80
4.50 4.96
4.50 4.40
4.50 4.88
4.50 4.32
4.50 4.68
4.50 4.66
4.50 4.35
4.50 3.80
4.50 4.99
4.50 4.94
4.50 4.91
4.50 4.99
4.50 3.82
4.50 3.84
4.50 4.96
4.50 3.86
4.50 4.32
4.50 4.42
4.50 3.84
4.50 4.68
4.50 4.88
4.50 3.82
4.50 3.89
4.50 3.89
4.50 4.94
5.00 5.00
5.00 2.66
5.00 2.10
5.00 3.18
5.00 2.15
5.00 3.19
5.00 2.29
5.00 2.55
5.00 5.00
5.00 5.00
5.00 5.00
5.00 5.00
5.00 5.00
5.00 2.66
5.00 4.50
5.00 4.57
5.00 2.14
5.00 4.13
5.00 2.68
5.00 5.00
5.00 3.94
5.00 2.45
5.00 2.24
5.00 5.00
5.00 5.00
5.00 3.69
5.00 2.16
5.00 5.00
5.00 3.20
5.00 5.00
5.00 2.01
5.00 5.00
5.00 4.75
5.00 3.37
5.00 2.42
5.00 3.84
5.00 2.48
5.00 2.59
5.00 2.10
5.00 5.00
5.00 5.00
5.00 5.00
5.00 4.67
5.00 2.01
5.00 4.54
5.00 5.00
5.00 3.22
5.00 5.00
5.00 4.57
5.00 5.00
5.00 0.58
5.00 5.00
5.00 5.00
5.00 5.00
5.00 5.00
5.00 2.58
5.00 2.52
5.00 3.67
5.00 5.00
5.00 2.01
5.00 5.00
5.00 5.00
5.00 5.00
5.00 5.00
5.00 5.00
5.00 5.00
5.00 1.81
5.00 2.31
5.00 2.82
5.00 2.94
5.00 2.86
5.00 1.91
5.00 3.67
5.00 5.00
5.00 5.00
5.00 5.00
5.00 2.18
5.00 4.63
5.00 3.30
5.00 2.80
5.00 5.00
5.00 5.00
5.00 0.62
5.00 5.00
5.00 2.65
5.00 5.00
5.00 3.97
5.00 2.91
5.00 2.51
5.00 5.00
5.00 2.62
5.00 5.00
5.00 2.47
0.00 1.47
0.00 0.96
0.00 0.95
0.00 0.84
0.00 0.95
0.00 1.22
0.00 0.96
0.00 1.24
0.00 1.20
0.00 1.45
0.00 1.14
0.00 1.32
0.00 1.20
0.00 1.12
0.00 1.14
0.00 1.02
0.00 1.05
0.00 0.96
0.00 1.24
0.00 0.85
0.00 1.07
0.00 1.05
0.00 1.22
0.00 1.32
0.00 1.32
0.00 0.96
0.00 1.47
0.00 1.32
0.00 1.07
0.00 0.84
0.00 0.87
0.50 1.48
0.50 1.63
0.50 1.94
0.50 2.10
0.50 1.94
0.50 2.10
0.50 1.79
1.00 2.69
1.00 2.48
1.00 2.69
1.00 3.11
1.00 2.89
1.00 2.48
1.00 2.28
1.50 3.68
1.50 3.35
1.50 3.79
1.50 3.79
1.50 3.35
1.50 3.61
1.50 3.61
2.00 3.42
2.00 3.59
2.00 3.27
2.00 3.59
2.00 3.42
2.00 3.27
2.00 3.34
2.50 3.09
2.50 3.14
2.50 3.09
2.50 3.04
2.50 3.21
2.50 3.14
2.50 3.04
3.00 2.94
3.00 2.87
3.00 2.90
3.00 2.80
3.00 2.94
3.00 2.83
3.00 2.80
3.50 2.66
3.50 2.76
3.50 2.76
3.50 2.74
3.50 2.68
3.50 2.71
3.50 2.68
4.00 2.61
4.00 2.62
4.00 2.61
4.00 2.62
4.00 2.58
4.00 2.64
4.00 2.59
4.50 2.54
4.50 2.54
4.50 2.54
4.50 2.56
4.50 2.55
4.50 2.57
4.50 2.55
5.00 2.75
5.00 5.00
5.00 2.74
5.00 2.62
5.00 5.00
5.00 5.00
5.00 2.69
5.00 5.00
5.00 2.54
5.00 2.75
5.00 5.00
5.00 2.65
5.00 2.65
5.00 2.75
5.00 2.55
5.00 5.00
5.00 5.00
5.00 2.75
5.00 5.00
5.00 5.00
5.00 5.00
0.00 0.86
0.00 1.10
0.00 1.35
0.00 1.22
0.00 1.10
0.00 1.22
0.00 0.98
0.50 1.39
0.50 1.12
0.50 1.21
0.50 1.30
0.50 1.12
0.50 1.48
0.50 1.21
0.50 1.48
0.50 1.39
1.00 1.95
1.00 1.82
1.00 1.82
1.00 1.70
1.00 1.59
1.00 1.70
1.00 2.07
1.00 1.95
1.00 1.59
1.50 2.84
1.50 2.51
1.50 2.21
1.50 2.21
1.50 2.67
1.50 2.84
1.50 2.67
1.50 2.36
1.50 2.36
2.00 3.78
2.00 3.01
2.00 3.78
2.00 3.19
2.00 3.37
2.00 3.37
2.00 3.19
2.00 3.01
2.00 3.57
2.50 3.77
2.50 3.75
2.50 3.76
2.50 3.74
2.50 3.76
2.50 3.75
2.50 3.77
2.50 3.74
2.50 3.74
3.00 3.71
3.00 3.73
3.00 3.72
3.00 3.73
3.00 3.73
3.00 3.72
3.00 3.72
3.00 3.71
3.00 3.72
3.50 3.69
3.50 3.68
3.50 3.67
3.50 3.67
3.50 3.69
3.50 3.66
3.50 3.66
3.50 3.68
3.50 3.70
4.00 3.63
4.00 3.59
4.00 3.64
4.00 3.59
4.00 3.61
4.00 3.57
4.00 3.57
4.00 3.61
4.00 3.64
4.50 3.45
4.50 3.45
4.50 3.44
4.50 3.51
4.50 3.54
4.50 3.49
4.50 3.49
4.50 3.54
4.50 3.51
5.00 3.50
5.00 3.25
5.00 3.37
5.00 5.00
5.00 3.43
5.00 3.24
5.00 3.29
5.00 5.00
5.00 3.45
5.00 3.40
5.00 3.84
5.00 3.36
5.00 3.41
5.00 3.31
5.00 3.49
5.00 3.30
5.00 3.38
5.00 3.58
5.00 5.00
5.00 5.00
5.00 5.00
5.00 3.39
5.00 3.48
5.00 3.50
5.00 3.42
5.00 3.45
5.00 5.00
0.00 1.03
0.00 1.37
0.00 1.03
0.00 1.03
0.00 1.24
0.00 1.03
0.00 1.37
0.00 1.05
0.00 1.05
0.50 2.10
0.50 2.75
0.50 2.75
0.50 2.10
0.50 1.90
1.00 3.31
1.00 3.60
1.00 4.30
1.00 3.01
1.00 3.31
1.50 4.72
1.50 5.00
1.50 5.00
1.50 4.72
1.50 4.93
2.00 4.71
2.00 4.75
2.00 4.86
2.00 4.68
2.00 4.75
2.50 4.63
2.50 4.63
2.50 4.66
2.50 4.63
2.50 4.66
3.00 4.64
3.00 4.72
3.00 4.72
3.00 4.66
3.00 4.68
3.50 4.91
3.50 4.79
3.50 4.83
3.50 4.87
3.50 4.72
4.00 4.96
4.00 5.00
4.00 4.59
4.00 4.49
4.00 5.00
5.00 5.00
5.00 5.00
5.00 5.00
5.00 5.00
5.00 5.00
5.00 2.95
5.00 2.79
5.00 5.00
5.00 2.54
5.00 5.00
5.00 5.00
5.00 2.49
5.00 5.00
5.00 5.00
5.00 5.00
0.00 1.39
0.00 1.55
0.00 1.71
0.00 1.14
0.00 1.25
4.50 5.00
4.50 5.00
4.50 5.00
4.50 5.00
4.50 5.00
0.50 1.97
0.50 1.72
0.50 1.72
0.50 1.90
0.50 1.54
0.50 2.07
0.50 1.68
0.50 1.83
0.50 2.25
0.50 1.90
0.50 2.25
0.50 1.97
0.50 2.45
0.50 2.45
0.50 2.07
1.00 3.80
1.00 3.17
1.00 3.17
1.00 2.67
1.00 3.47
1.00 2.13
1.00 3.47
1.00 2.67
1.00 2.67
1.00 2.91
1.00 2.29
1.00 2.13
1.00 2.86
1.00 3.80
1.00 2.67
1.50 4.40
1.50 3.51
1.50 4.61
1.50 4.17
1.50 3.27
1.50 4.40
1.50 4.33
1.50 4.61
1.50 3.05
1.50 4.48
1.50 4.17
1.50 3.05
1.50 3.68
1.50 3.68
1.50 3.77
4.50 2.56
4.50 2.54
4.50 4.34
4.50 2.58
4.50 2.51
4.50 2.54
4.50 4.41
4.50 4.41
4.50 2.56
4.50 4.31
4.50 4.37
4.50 4.37
4.50 4.27
4.50 2.58
4.50 4.31
5.00 5.00
5.00 5.00
5.00 2.83
5.00 5.00
5.00 2.50
5.00 2.45
5.00 2.97
5.00 2.46
5.00 1.90
5.00 5.00
5.00 3.95
5.00 5.00
5.00 2.37
5.00 5.00
5.00 5.00
5.00 5.00
5.00 1.91
5.00 3.34
5.00 5.00
5.00 5.00
5.00 5.00
5.00 3.87
5.00 5.00
5.00 1.89
5.00 2.45
5.00 4.18
5.00 3.19
5.00 2.32
5.00 5.00
5.00 2.03
5.00 4.81
5.00 5.00
5.00 2.64
5.00 2.37
5.00 2.42
5.00 5.00
5.00 2.45
5.00 3.03
5.00 2.63
5.00 3.56
5.00 5.00
5.00 5.00
5.00 4.56
5.00 2.39
5.00 5.00
0.00 1.01
0.00 1.15
0.00 1.41
0.00 1.08
0.00 0.98
0.00 0.89
0.00 1.56
0.00 0.98
0.00 1.28
0.00 1.41
0.00 1.08
0.00 1.01
0.00 0.89
0.00 1.28
0.00 1.17
2.00 3.46
2.00 4.15
2.00 4.27
2.00 3.53
2.00 4.22
2.00 3.60
2.00 3.46
2.00 4.12
2.00 4.18
2.00 3.33
2.00 3.53
2.00 3.60
2.00 3.39
2.00 3.33
2.00 3.39
2.50 3.27
2.50 3.22
2.50 4.00
2.50 3.17
2.50 3.17
2.50 4.08
2.50 3.12
2.50 3.08
2.50 4.02
2.50 3.22
2.50 3.12
2.50 4.05
2.50 3.08
2.50 4.10
2.50 3.27
3.00 2.99
3.00 2.96
3.00 3.97
3.00 3.97
3.00 2.99
3.00 3.97
3.00 3.03
3.00 2.88
3.00 2.96
3.00 2.88
3.00 3.97
3.00 2.92
3.00 3.98
3.00 2.92
3.00 3.03
3.50 4.09
3.50 2.81
3.50 2.85
3.50 2.81
3.50 2.75
3.50 4.00
3.50 4.03
3.50 2.72
3.50 2.72
3.50 4.06
3.50 2.85
3.50 3.98
3.50 2.75
3.50 2.78
3.50 2.78
4.00 2.62
4.00 2.62
4.00 4.21
4.00 2.65
4.00 2.67
4.00 4.18
4.00 2.67
4.00 2.65
4.00 4.12
4.00 2.70
4.00 2.70
4.00 4.24
4.00 2.60
4.00 2.60
4.00 4.15
0.50 2.10
0.50 2.10
0.50 1.95
0.50 1.68
0.50 1.68
0.50 1.81
0.50 1.81
0.50 2.28
0.50 2.28
0.50 1.95
1.00 3.43
1.00 3.17
1.00 3.43
1.00 3.17
1.00 2.92
1.00 2.92
1.00 2.47
1.00 2.69
1.00 2.69
1.00 2.47
1.50 4.70
1.50 4.73
1.50 4.01
1.50 4.35
1.50 4.35
1.50 4.70
1.50 4.01
1.50 4.73
1.50 3.71
1.50 3.71
2.00 4.62
2.00 4.62
2.00 4.62
2.00 4.62
2.00 4.64
2.00 4.63
2.00 4.66
2.00 4.66
2.00 4.64
2.00 4.63
2.50 4.64
2.50 4.68
2.50 4.66
2.50 4.62
2.50 4.63
2.50 4.62
2.50 4.64
2.50 4.66
2.50 4.63
2.50 4.68
3.00 4.74
3.00 4.85
3.00 4.74
3.00 4.71
3.00 4.77
3.00 4.85
3.00 4.81
3.00 4.71
3.00 4.81
3.00 4.77
3.50 4.94
3.50 5.00
3.50 4.89
3.50 4.99
3.50 4.94
3.50 4.99
3.50 5.00
3.50 5.00
3.50 5.00
3.50 4.89
4.00 5.00
4.00 5.00
4.00 5.00
4.00 5.00
4.00 5.00
4.00 5.00
4.00 5.00
4.00 5.00
4.00 5.00
4.00 5.00
4.50 5.00
4.50 5.00
4.50 5.00
4.50 5.00
4.50 5.00
4.50 5.00
4.50 5.00
4.50 5.00
4.50 5.00
4.50 5.00
5.00 5.00
5.00 5.00
5.00 5.00
5.00 5.00
5.00 3.14
5.00 5.00
5.00 5.00
5.00 5.00
5.00 3.16
5.00 5.00
5.00 4.09
5.00 5.00
5.00 5.00
5.00 3.99
5.00 4.13
5.00 4.26
5.00 5.00
5.00 5.00
5.00 3.63
5.00 4.13
5.00 5.00
5.00 5.00
5.00 5.00
5.00 5.00
5.00 4.43
5.00 4.11
5.00 5.00
5.00 5.00
5.00 5.00
5.00 4.22
0.00 1.42
0.00 1.32
0.00 1.42
0.00 1.55
0.00 1.32
0.00 1.22
0.00 1.12
0.00 1.12
0.00 1.55
0.00 1.22
0.50 2.19
0.50 1.51
0.50 2.61
0.50 2.39
0.50 2.39
0.50 1.38
0.50 1.92
0.50 2.61
0.50 1.65
0.50 1.81
0.50 1.79
0.50 2.00
0.50 1.92
0.50 2.00
0.50 1.81
0.50 2.19
1.00 2.86
1.00 2.22
1.00 3.70
1.00 2.57
1.00 3.13
1.00 3.40
1.00 2.86
1.00 3.13
1.00 2.39
1.00 4.03
1.00 3.70
1.00 2.07
1.00 2.22
1.00 2.74
1.00 2.07
1.00 2.39
1.50 4.60
1.50 4.84
1.50 3.48
1.50 3.11
1.50 4.75
1.50 4.41
1.50 3.32
1.50 2.92
1.50 3.32
1.50 4.67
1.50 2.92
1.50 4.60
1.50 3.48
1.50 4.67
1.50 4.41
1.50 3.11
2.00 3.37
2.00 4.54
2.00 4.43
2.00 3.23
2.00 3.23
2.00 3.27
2.00 3.27
2.00 4.40
2.00 4.50
2.00 4.54
2.00 3.32
2.00 3.42
2.00 3.37
2.00 4.43
2.00 4.46
2.00 3.42
2.50 4.39
2.50 3.11
2.50 4.37
2.50 3.04
2.50 4.37
2.50 4.38
2.50 3.11
2.50 3.19
2.50 3.04
2.50 4.37
2.50 4.37
2.50 3.19
2.50 4.37
2.50 4.38
2.50 4.39
2.50 3.15
3.00 4.42
3.00 2.98
3.00 4.39
3.00 4.42
3.00 2.98
3.00 4.44
3.00 3.01
3.00 2.95
3.00 4.40
3.00 2.90
3.00 4.47
3.00 4.44
3.00 2.95
3.00 2.92
3.00 3.01
3.00 4.39
3.50 2.87
3.50 4.66
3.50 2.85
3.50 2.78
3.50 2.87
3.50 4.42
3.50 2.80
3.50 2.83
3.50 2.78
3.50 2.85
3.50 2.80
3.50 4.42
3.50 4.66
3.50 4.50
3.50 2.83
3.50 4.57
4.00 2.69
4.00 4.65
4.00 2.74
4.00 4.80
4.00 4.85
4.00 4.80
4.00 2.71
4.00 4.85
4.00 4.75
4.00 2.71
4.00 2.76
4.00 4.71
4.00 4.71
4.00 2.69
4.00 4.65
4.00 4.75
4.50 5.00
4.50 4.96
4.50 5.00
4.50 4.96
4.50 5.00
4.50 4.90
4.50 5.00
4.50 5.00
4.50 2.68
4.50 2.66
4.50 2.65
4.50 2.67
4.50 4.90
4.50 2.68
4.50 2.64
4.50 2.64
5.00 5.00
5.00 5.00
5.00 5.00
5.00 5.00
5.00 2.63
5.00 5.00
5.00 5.00
5.00 2.74
5.00 5.00
5.00 5.00
5.00 5.00
5.00 4.17
5.00 5.00
5.00 5.00
5.00 5.00
5.00 5.00
5.00 5.00
5.00 5.00
5.00 5.00
5.00 5.00
5.00 5.00
5.00 2.74
5.00 5.00
5.00 5.00
5.00 5.00
5.00 5.00
5.00 5.00
5.00 5.00
5.00 5.00
5.00 3.43
5.00 5.00
5.00 2.72
5.00 5.00
5.00 5.00
5.00 4.75
5.00 5.00
5.00 5.00
5.00 4.36
5.00 5.00
5.00 5.00
5.00 5.00
5.00 5.00
5.00 5.00
5.00 5.00
5.00 5.00
5.00 5.00
5.00 2.62
5.00 5.00
0.00 1.06
0.00 1.15
0.00 1.64
0.00 0.96
0.00 1.27
0.00 1.33
0.00 1.27
0.00 1.48
0.00 1.04
0.00 0.87
0.00 1.07
0.00 1.48
0.00 1.33
0.00 1.19
0.00 1.19
0.00 1.06
0.50 1.75
0.50 1.34
0.50 1.60
0.50 1.64
0.50 1.34
0.50 1.24
0.50 2.07
0.50 1.44
0.50 1.54
0.50 1.91
0.50 1.44
0.50 1.45
0.50 1.91
0.50 1.24
0.50 1.60
1.00 1.73
1.00 2.08
1.00 2.08
1.00 2.19
1.00 2.61
1.00 2.41
1.00 2.61
1.00 2.81
1.00 2.81
1.00 1.73
1.00 1.85
1.00 1.96
1.00 3.02
1.00 3.02
1.00 1.96
1.50 2.47
1.50 2.64
1.50 3.72
1.50 3.72
1.50 3.02
1.50 3.47
1.50 3.99
1.50 3.47
1.50 3.23
1.50 3.93
1.50 2.47
1.50 2.31
1.50 2.82
1.50 2.31
1.50 3.99
2.00 3.43
2.00 3.22
2.00 4.13
2.00 3.80
2.00 3.88
2.00 3.84
2.00 3.76
2.00 3.88
2.00 3.73
2.00 3.43
2.00 3.80
2.00 3.76
2.00 3.65
2.00 3.22
2.00 4.13
2.50 3.58
2.50 3.58
2.50 4.49
2.50 3.66
2.50 3.64
2.50 3.66
2.50 3.64
2.50 4.40
2.50 3.61
2.50 3.61
2.50 4.40
2.50 3.70
2.50 4.44
2.50 4.46
2.50 4.42
3.00 4.59
3.00 3.55
3.00 3.43
3.00 3.47
3.00 4.55
3.00 4.55
3.00 3.52
3.00 4.59
3.00 3.43
3.00 3.49
3.00 4.66
3.00 4.52
3.00 3.49
3.00 4.62
3.00 3.47
5.00 1.48
5.00 1.45
5.00 5.00
5.00 5.00
5.00 1.44
5.00 5.00
5.00 1.44
5.00 5.00
5.00 5.00
5.00 5.00
5.00 5.00
5.00 2.33
5.00 1.45
5.00 2.77
5.00 5.00
5.00 3.22
5.00 5.00
5.00 5.00
5.00 5.00
5.00 5.00
5.00 5.00
5.00 5.00
5.00 5.00
5.00 5.00
5.00 1.48
5.00 1.44
5.00 5.00
5.00 1.44
5.00 1.45
5.00 5.00
5.00 5.00
5.00 5.00
5.00 5.00
5.00 5.00
5.00 5.00
5.00 5.00
5.00 3.21
5.00 5.00
5.00 5.00
5.00 4.54
5.00 5.00
5.00 5.00
5.00 5.00
5.00 5.00
5.00 1.46
0.00 1.24
0.00 2.18
0.00 1.76
0.00 2.18
0.00 1.51
0.00 1.32
0.00 1.76
0.00 1.09
0.00 0.98
0.00 0.88
0.00 1.29
0.00 1.51
0.00 0.88
0.00 0.98
0.00 1.19
3.50 4.70
3.50 3.40
3.50 3.38
3.50 4.87
3.50 4.83
3.50 3.42
3.50 4.78
3.50 4.74
3.50 3.39
3.50 4.70
3.50 3.36
3.50 4.87
3.50 4.74
3.50 4.78
3.50 4.83
4.00 4.91
4.00 5.00
4.00 5.00
4.00 5.00
4.00 3.30
4.00 3.31
4.00 3.32
4.00 4.95
4.00 3.34
4.00 4.91
4.00 5.00
4.00 5.00
4.00 5.00
4.00 4.95
4.00 3.35
4.50 5.00
4.50 5.00
4.50 5.00
4.50 3.28
4.50 5.00
4.50 5.00
4.50 3.24
4.50 5.00
4.50 5.00
4.50 5.00
4.50 3.27
4.50 5.00
4.50 5.00
4.50 3.25
4.50 3.29
0.50 1.46
0.50 1.57
0.50 1.66
0.50 1.91
0.50 2.04
0.50 1.11
0.50 1.93
0.50 1.90
0.50 1.02
0.50 1.90
0.50 1.65
0.50 1.66
0.50 2.02
0.50 1.81
0.50 2.02
0.50 1.77
0.50 2.15
0.50 2.04
0.50 1.46
0.50 1.65
0.50 1.31
0.50 1.78
0.50 1.78
0.50 1.93
0.50 1.54
0.50 1.54
0.50 1.69
0.50 1.69
0.50 1.77
0.50 1.81
1.00 2.72
1.00 2.33
1.00 2.72
1.00 2.52
1.00 2.38
1.00 1.76
1.00 2.06
1.00 3.18
1.00 2.38
1.00 2.74
1.00 2.33
1.00 2.55
1.00 1.53
1.00 2.52
1.00 2.55
1.00 2.20
1.00 3.18
1.00 2.94
1.00 2.97
1.00 2.75
1.00 2.74
1.00 2.37
1.00 2.94
1.00 2.55
1.00 2.75
1.00 2.00
1.00 2.06
1.00 2.55
1.00 2.20
1.00 1.88
1.50 3.14
1.50 3.14
1.50 3.94
1.50 4.23
1.50 4.29
1.50 3.41
1.50 3.82
1.50 3.66
1.50 2.73
1.50 3.43
1.50 4.64
1.50 3.98
1.50 4.29
1.50 3.18
1.50 3.66
1.50 3.35
1.50 2.56
1.50 2.26
1.50 3.82
1.50 2.94
1.50 3.41
1.50 2.40
1.50 4.64
1.50 3.57
1.50 3.43
1.50 3.94
1.50 2.13
1.50 3.69
1.50 3.35
1.50 3.18
2.00 3.35
2.00 2.91
2.00 4.63
2.00 4.02
2.00 4.03
2.00 3.11
2.00 4.20
2.00 4.08
2.00 4.08
2.00 4.13
2.00 4.04
2.00 4.18
2.00 4.02
2.00 4.14
2.00 4.13
2.00 4.20
2.00 4.18
2.00 4.62
2.00 4.62
2.00 4.06
2.00 4.63
2.00 4.16
2.00 3.32
2.00 4.14
2.00 4.62
2.00 4.63
2.00 4.62
2.00 4.62
2.00 4.62
2.00 4.04
2.50 4.46
2.50 4.40
2.50 4.11
2.50 4.00
2.50 4.12
2.50 4.12
2.50 4.11
2.50 4.12
2.50 3.99
2.50 4.73
2.50 4.71
2.50 4.71
2.50 4.73
2.50 4.11
2.50 4.67
2.50 3.32
2.50 4.12
2.50 4.11
2.50 4.11
2.50 4.00
2.50 4.01
2.50 3.37
2.50 3.32
2.50 4.46
2.50 4.40
2.50 3.99
2.50 3.99
2.50 4.67
2.50 4.11
2.50 3.41
3.00 3.98
3.00 4.13
3.00 4.97
3.00 3.99
3.00 3.99
3.00 4.13
3.00 4.91
3.00 4.91
3.00 3.98
3.00 4.12
3.00 3.55
3.00 3.61
3.00 3.98
3.00 3.46
3.00 4.76
3.00 4.12
3.00 4.14
3.00 3.99
3.00 3.66
3.00 4.81
3.00 3.98
3.00 4.13
3.00 4.14
3.00 4.76
3.00 4.15
3.00 4.15
3.00 3.99
3.00 4.85
3.00 3.50
3.00 4.85
3.50 3.97
3.50 3.96
3.50 4.20
3.50 3.96
3.50 3.95
3.50 5.00
3.50 5.00
3.50 4.17
3.50 5.00
3.50 5.00
3.50 3.91
3.50 4.18
3.50 4.16
3.50 3.84
3.50 4.19
3.50 4.18
3.50 4.17
3.50 4.16
3.50 4.20
3.50 3.95
3.50 4.19
3.50 3.96
3.50 3.97
3.50 3.97
3.50 3.97
3.50 3.96
3.50 3.78
3.50 3.97
3.50 3.72
3.50 5.00
4.00 4.27
4.00 3.93
4.00 5.00
4.00 4.19
4.00 4.22
4.00 5.00
4.00 4.23
4.00 3.93
4.00 4.22
4.00 4.23
4.00 4.22
4.00 4.23
4.00 4.21
4.00 5.00
4.00 3.94
4.00 5.00
4.00 3.89
4.00 5.00
4.00 3.89
4.00 4.22
4.00 4.12
4.00 4.23
4.00 4.04
4.00 3.91
4.00 3.91
4.00 3.94
4.00 4.36
4.00 3.92
4.00 3.92
4.00 4.21
4.50 3.82
4.50 3.84
4.50 4.24
4.50 4.23
4.50 3.87
4.50 5.00
4.50 4.23
4.50 3.80
4.50 4.54
4.50 5.00
4.50 4.24
4.50 4.24
4.50 4.23
4.50 4.45
4.50 4.24
4.50 4.23
4.50 3.86
4.50 4.74
4.50 3.82
4.50 3.87
4.50 4.24
4.50 5.00
4.50 5.00
4.50 3.86
4.50 5.00
4.50 3.80
4.50 4.63
4.50 4.84
4.50 3.84
4.50 4.24
5.00 5.00
5.00 5.00
5.00 5.00
5.00 5.00
5.00 5.00
5.00 2.45
5.00 2.27
5.00 2.30
5.00 2.20
5.00 5.00
5.00 5.00
5.00 4.52
5.00 5.00
5.00 1.16
5.00 3.28
5.00 4.04
5.00 2.05
5.00 5.00
5.00 5.00
5.00 5.00
5.00 5.00
5.00 2.16
5.00 4.12
5.00 5.00
5.00 5.00
5.00 1.39
5.00 3.33
5.00 2.00
5.00 5.00
5.00 1.07
5.00 5.00
5.00 2.58
5.00 2.29
5.00 5.00
5.00 2.78
5.00 5.00
5.00 1.24
5.00 2.13
5.00 5.00
5.00 4.27
5.00 5.00
5.00 5.00
5.00 2.47
5.00 3.19
5.00 5.00
5.00 4.06
5.00 4.41
5.00 5.00
5.00 2.96
5.00 5.00
5.00 2.59
5.00 2.09
5.00 1.02
5.00 2.50
5.00 3.68
5.00 3.03
5.00 2.57
5.00 3.65
5.00 5.00
5.00 2.45
5.00 5.00
5.00 5.00
5.00 5.00
5.00 5.00
5.00 5.00
5.00 4.15
5.00 5.00
5.00 5.00
5.00 2.36
5.00 5.00
5.00 5.00
5.00 4.72
5.00 5.00
5.00 5.00
5.00 1.05
5.00 5.00
5.00 5.00
5.00 2.21
5.00 5.00
5.00 5.00
5.00 5.00
5.00 1.79
5.00 5.00
5.00 4.41
5.00 3.14
5.00 5.00
5.00 2.28
5.00 5.00
5.00 5.00
5.00 2.79
0.00 1.15
0.00 1.34
0.00 1.09
0.00 0.99
0.00 0.93
0.00 1.27
0.00 0.74
0.00 1.36
0.00 1.43
0.00 1.15
0.00 1.14
0.00 0.84
0.00 1.54
0.00 1.06
0.00 0.75
0.00 1.34
0.00 1.43
0.00 1.34
0.00 0.84
0.00 1.34
0.00 1.18
0.00 0.99
0.00 0.75
0.00 1.14
0.00 1.36
0.00 1.54
0.00 1.24
0.00 1.09
0.00 1.44
0.00 1.27
0.50 1.63
0.50 1.85
0.50 2.44
0.50 2.05
0.50 2.08
0.50 2.05
0.50 1.87
0.50 1.63
0.50 1.74
0.50 1.70
1.00 2.20
1.00 3.76
1.00 3.19
1.00 2.06
1.00 3.19
1.00 2.38
1.00 2.91
1.00 3.00
1.00 3.46
1.00 2.05
1.50 2.19
1.50 4.84
1.50 3.49
1.50 4.92
1.50 4.49
1.50 4.10
1.50 3.75
1.50 2.34
1.50 4.92
1.50 4.78
2.00 4.64
2.00 4.68
2.00 4.70
2.00 4.62
2.00 4.72
2.00 2.46
2.00 4.70
2.00 2.45
2.00 2.48
2.00 4.72
2.50 2.51
2.50 4.77
2.50 2.56
2.50 4.59
2.50 4.80
2.50 4.59
2.50 4.58
2.50 4.83
2.50 4.59
2.50 4.74
3.00 4.73
3.00 4.73
3.00 4.66
3.00 2.68
3.00 4.87
3.00 2.72
3.00 4.96
3.00 4.66
3.00 4.78
3.00 5.00
3.50 4.83
3.50 5.00
3.50 2.81
3.50 5.00
3.50 5.00
3.50 5.00
3.50 4.89
3.50 5.00
3.50 5.00
3.50 4.83
5.00 5.00
5.00 2.41
5.00 5.00
5.00 2.77
5.00 5.00
5.00 5.00
5.00 4.34
5.00 5.00
5.00 5.00
5.00 5.00
5.00 5.00
5.00 5.00
5.00 5.00
5.00 4.57
5.00 5.00
5.00 5.00
5.00 5.00
5.00 5.00
5.00 5.00
5.00 5.00
5.00 2.41
5.00 5.00
5.00 4.41
5.00 5.00
5.00 2.59
5.00 5.00
5.00 5.00
5.00 2.99
5.00 5.00
5.00 5.00
0.00 1.23
0.00 1.33
0.00 1.40
0.00 1.53
0.00 1.06
0.00 1.54
0.00 1.16
0.00 1.13
0.00 1.26
0.00 1.26
4.00 5.00
4.00 5.00
4.00 5.00
4.00 5.00
4.00 5.00
4.00 5.00
4.00 5.00
4.00 5.00
4.00 5.00
4.00 5.00
4.50 5.00
4.50 5.00
4.50 5.00
4.50 5.00
4.50 5.00
4.50 5.00
4.50 5.00
4.50 5.00
4.50 5.00
4.50 5.00
0.50 1.77
0.50 1.49
0.50 1.77
0.50 2.08
0.50 1.63
1.00 2.43
1.00 2.06
1.00 2.16
1.00 3.06
1.00 2.12
1.50 2.25
1.50 2.46
1.50 3.30
1.50 4.11
1.50 3.55
2.00 2.48
2.00 2.46
2.00 2.47
2.00 2.50
2.00 2.52
2.50 2.56
2.50 4.61
2.50 4.46
2.50 4.57
2.50 2.62
3.00 5.00
3.00 2.70
3.00 5.00
3.00 2.74
3.00 4.81
5.00 5.00
5.00 5.00
5.00 5.00
5.00 5.00
5.00 1.91
5.00 2.68
5.00 2.42
5.00 5.00
5.00 5.00
5.00 5.00
5.00 5.00
5.00 5.00
5.00 4.14
5.00 5.00
5.00 2.44
0.00 1.37
0.00 1.07
0.00 0.97
0.00 0.97
0.00 1.17
3.50 5.00
3.50 5.00
3.50 5.00
3.50 5.00
3.50 5.00
4.00 5.00
4.00 5.00
4.00 5.00
4.00 5.00
4.00 5.00
4.50 5.00
4.50 5.00
4.50 5.00
4.50 5.00
4.50 5.00
0.50 1.17
0.50 1.49
0.50 1.61
0.50 1.38
0.50 1.27
1.00 1.84
1.00 2.24
1.00 1.72
1.00 1.84
1.00 2.10
1.50 2.51
1.50 2.80
1.50 2.37
1.50 2.37
1.50 2.97
2.00 2.90
2.00 2.78
2.00 2.67
2.00 2.84
2.00 2.90
2.50 2.58
2.50 2.54
2.50 2.46
2.50 2.54
2.50 2.50
3.00 2.32
3.00 2.40
3.00 2.43
3.00 2.35
3.00 2.37
3.50 2.26
3.50 2.30
3.50 2.29
3.50 2.27
3.50 2.25
4.00 2.22
4.00 2.24
4.00 2.23
4.00 2.22
4.00 2.22
4.50 2.22
4.50 2.22
4.50 2.23
4.50 2.23
4.50 2.23
5.00 2.79
5.00 5.00
5.00 5.00
5.00 2.92
5.00 5.00
5.00 2.85
5.00 2.87
5.00 5.00
5.00 5.00
5.00 5.00
5.00 2.49
5.00 5.00
5.00 2.63
5.00 2.31
5.00 2.60
0.00 0.97
0.00 1.08
0.00 0.69
0.00 0.78
0.00 0.78
0.50 1.48
0.50 1.37
0.50 1.86
0.50 1.60
0.50 1.73
1.00 2.30
1.00 2.00
1.00 2.00
1.00 2.30
1.00 2.14
1.50 3.00
1.50 3.40
1.50 3.19
1.50 3.00
1.50 2.81
2.00 3.57
2.00 3.46
2.00 3.42
2.00 3.57
2.00 3.51
2.50 3.22
2.50 3.33
2.50 3.19
2.50 3.19
2.50 3.33
3.00 3.03
3.00 3.13
3.00 3.06
3.00 3.16
3.00 3.16
3.50 2.93
3.50 2.95
3.50 2.98
3.50 2.95
3.50 2.90
4.00 2.85
4.00 2.87
4.00 2.78
4.00 2.80
4.00 2.80
4.50 2.70
4.50 2.70
4.50 2.76
4.50 2.72
4.50 2.69
5.00 2.62
5.00 5.00
5.00 2.76
5.00 5.00
5.00 2.64
5.00 5.00
5.00 5.00
5.00 5.00
5.00 5.00
5.00 2.75
5.00 5.00
5.00 5.00
5.00 2.73
5.00 2.63
5.00 5.00
0.00 1.18
0.00 0.93
0.00 0.93
0.00 1.26
0.00 1.10
0.50 1.37
0.50 2.25
0.50 1.16
0.50 1.64
0.50 1.26
0.50 1.37
0.50 1.47
0.50 1.92
0.50 1.47
0.50 1.16
0.50 1.92
0.50 1.78
0.50 1.78
0.50 1.60
0.50 1.26
1.00 2.85
1.00 1.88
1.00 2.85
1.00 2.43
1.00 3.32
1.00 2.43
1.00 2.03
1.00 2.63
1.00 1.74
1.00 2.63
1.00 3.32
1.00 1.88
1.00 1.74
1.00 3.09
1.00 2.19
3.00 4.44
3.00 4.56
3.00 4.73
3.00 4.50
3.00 4.62
3.00 4.62
3.00 4.65
3.00 4.73
3.00 4.65
3.00 4.69
3.00 4.56
3.00 4.78
3.00 4.34
3.00 4.39
3.00 4.50
3.50 4.81
3.50 4.82
3.50 4.88
3.50 4.74
3.50 4.74
3.50 4.88
3.50 4.88
3.50 4.68
3.50 4.74
3.50 4.80
3.50 4.80
3.50 4.76
3.50 4.62
3.50 4.62
3.50 4.93
4.00 4.89
4.00 5.00
4.00 4.68
4.00 4.73
4.00 4.66
4.00 4.96
4.00 5.00
4.00 5.00
4.00 5.00
4.00 4.71
4.00 4.69
4.00 5.00
4.00 5.00
4.00 5.00
4.00 5.00
4.50 5.00
4.50 4.61
4.50 5.00
4.50 4.62
4.50 4.60
4.50 5.00
4.50 4.98
4.50 4.76
4.50 5.00
4.50 5.00
4.50 5.00
4.50 5.00
4.50 5.00
4.50 4.87
4.50 4.65
5.00 5.00
5.00 5.00
5.00 5.00
5.00 5.00
5.00 5.00
5.00 5.00
5.00 3.93
5.00 5.00
5.00 5.00
5.00 4.57
5.00 2.28
5.00 1.02
5.00 5.00
5.00 2.63
5.00 5.00
5.00 5.00
5.00 1.39
5.00 5.00
5.00 5.00
5.00 2.39
5.00 5.00
5.00 5.00
5.00 5.00
5.00 2.25
5.00 5.00
5.00 2.52
5.00 5.00
5.00 2.79
5.00 4.02
5.00 5.00
5.00 5.00
5.00 5.00
5.00 4.52
5.00 0.75
5.00 3.77
5.00 3.70
5.00 0.80
5.00 5.00
5.00 5.00
5.00 5.00
5.00 4.54
5.00 2.43
5.00 2.47
5.00 1.96
5.00 4.45
0.00 0.95
0.00 0.96
0.00 1.28
0.00 1.06
0.00 0.96
0.00 0.96
0.00 1.18
0.00 0.96
0.00 1.51
0.00 1.18
0.00 0.95
0.00 0.95
0.00 1.08
0.00 1.38
0.00 1.38
1.50 4.47
1.50 2.84
1.50 4.16
1.50 4.16
1.50 2.66
1.50 3.85
1.50 3.03
1.50 4.49
1.50 2.49
1.50 3.85
1.50 3.58
1.50 4.49
1.50 3.58
1.50 3.22
1.50 4.47
2.00 4.09
2.00 4.46
2.00 3.63
2.00 4.45
2.00 4.45
2.00 4.45
2.00 4.46
2.00 4.46
2.00 3.85
2.00 4.46
2.00 4.12
2.00 3.42
2.00 4.45
2.00 4.47
2.00 4.47
2.50 4.50
2.50 4.58
2.50 4.55
2.50 4.30
2.50 4.50
2.50 4.58
2.50 4.52
2.50 4.21
2.50 4.55
2.50 4.14
2.50 4.48
2.50 4.48
2.50 4.25
2.50 4.52
2.50 4.18
0.50 2.33
0.50 1.64
0.50 2.02
0.50 2.10
0.50 2.15
0.50 1.96
0.50 2.06
0.50 1.99
0.50 2.15
0.50 1.98
0.50 1.80
0.50 1.64
0.50 2.33
0.50 1.99
0.50 1.80
1.00 2.14
1.00 2.53
1.00 2.74
1.00 3.21
1.00 2.30
1.00 3.21
1.00 2.22
1.00 2.98
1.00 2.26
1.00 2.18
1.00 2.98
1.00 3.46
1.00 2.22
1.00 2.30
1.00 2.14
1.50 2.48
1.50 3.74
1.50 2.35
1.50 2.52
1.50 4.31
1.50 4.34
1.50 4.34
1.50 2.48
1.50 4.37
1.50 2.44
1.50 4.37
1.50 4.04
1.50 2.39
1.50 3.74
1.50 2.35
2.00 2.71
2.00 4.27
2.00 2.62
2.00 4.27
2.00 2.76
2.00 4.27
2.00 4.27
2.00 4.27
2.00 4.29
2.00 4.28
2.00 2.57
2.00 2.57
2.00 2.62
2.00 2.76
2.00 4.28
2.50 4.17
2.50 2.96
2.50 2.96
2.50 4.32
2.50 2.81
2.50 2.91
2.50 4.32
2.50 4.09
2.50 2.86
2.50 2.91
2.50 2.81
2.50 4.32
2.50 2.86
2.50 3.02
2.50 4.30
3.00 4.37
3.00 4.44
3.00 3.14
3.00 3.19
3.00 4.47
3.00 4.47
3.00 3.21
3.00 4.40
3.00 3.12
3.00 4.35
3.00 3.14
3.00 4.35
3.00 3.35
3.00 3.08
3.00 3.08
3.50 4.58
3.50 3.65
3.50 3.58
3.50 4.66
3.50 4.54
3.50 3.42
3.50 4.54
3.50 4.51
3.50 4.62
3.50 3.76
3.50 4.62
3.50 4.66
3.50 2.89
3.50 2.79
3.50 2.84
4.00 4.74
4.00 4.86
4.00 3.35
4.00 3.54
4.00 2.61
4.00 4.78
4.00 2.64
4.00 4.82
4.00 4.82
4.00 2.71
4.00 4.70
4.00 2.75
4.00 4.74
4.00 4.70
4.00 2.67
4.50 4.96
4.50 5.00
4.50 5.00
4.50 4.99
4.50 4.99
4.50 4.96
4.50 4.89
4.50 2.55
4.50 2.59
4.50 4.89
4.50 2.53
4.50 2.57
4.50 2.54
4.50 4.93
4.50 4.93
5.00 5.00
5.00 2.82
5.00 5.00
5.00 4.25
5.00 5.00
5.00 5.00
5.00 5.00
5.00 2.87
5.00 4.68
5.00 5.00
5.00 5.00
5.00 1.95
5.00 5.00
5.00 3.47
5.00 5.00
5.00 5.00
5.00 5.00
5.00 3.96
5.00 5.00
5.00 5.00
5.00 1.73
5.00 4.15
5.00 5.00
5.00 5.00
5.00 4.75
5.00 4.18
5.00 4.20
5.00 5.00
5.00 4.02
5.00 5.00
5.00 5.00
5.00 4.02
5.00 4.81
5.00 4.59
5.00 5.00
5.00 4.26
5.00 5.00
5.00 2.53
5.00 4.77
5.00 4.68
5.00 5.00
5.00 4.28
5.00 4.61
5.00 5.00
5.00 5.00
0.00 1.90
0.00 1.93
0.00 1.87
0.00 1.93
0.00 1.87
0.00 1.83
0.00 1.85
0.00 1.34
0.00 1.49
0.00 1.90
0.00 1.21
0.00 1.21
0.00 1.10
0.00 1.10
0.00 1.83
0.50 1.39
0.50 1.39
0.50 1.22
0.50 1.29
0.50 1.29
0.50 1.33
0.50 1.44
0.50 1.18
0.50 1.56
0.50 1.52
0.50 1.52
0.50 1.65
0.50 1.68
0.50 1.65
0.50 1.18
1.00 1.80
1.00 2.10
1.00 1.95
1.00 2.42
1.00 2.06
1.00 2.42
1.00 1.92
1.00 1.80
1.00 1.80
1.00 1.95
1.00 2.35
1.00 2.20
1.00 2.10
1.00 2.26
1.00 2.35
1.50 2.59
1.50 2.48
1.50 2.78
1.50 2.77
1.50 3.36
1.50 2.95
1.50 3.36
1.50 2.63
1.50 2.77
1.50 2.59
1.50 3.12
1.50 2.96
1.50 2.95
1.50 2.96
1.50 2.48
2.00 3.80
2.00 3.07
2.00 2.89
2.00 2.93
2.00 3.57
2.00 2.97
2.00 2.97
2.00 2.89
2.00 4.06
2.00 3.02
2.00 4.08
2.00 3.57
2.00 4.08
2.00 2.93
2.00 3.02
2.50 2.76
2.50 2.82
2.50 4.09
2.50 4.12
2.50 4.17
2.50 4.14
2.50 2.79
2.50 2.76
2.50 4.14
2.50 2.86
2.50 2.86
2.50 2.73
2.50 4.12
2.50 2.79
2.50 4.17
3.00 4.25
3.00 2.62
3.00 2.63
3.00 4.28
3.00 4.22
3.00 4.32
3.00 2.65
3.00 2.65
3.00 2.68
3.00 2.70
3.00 4.32
3.00 2.70
3.00 2.68
3.00 4.35
3.00 4.22
3.50 2.55
3.50 2.57
3.50 2.60
3.50 4.41
3.50 4.45
3.50 2.60
3.50 4.38
3.50 2.57
3.50 4.38
3.50 2.58
3.50 4.48
3.50 4.45
3.50 2.58
3.50 4.41
3.50 4.51
4.00 2.53
4.00 4.58
4.00 2.53
4.00 2.52
4.00 2.52
4.00 4.60
4.00 2.51
4.00 2.53
4.00 4.62
4.00 2.52
4.00 4.56
4.00 2.52
4.00 4.58
4.00 4.60
4.00 4.62
5.00 5.00
5.00 2.04
5.00 5.00
5.00 5.00
5.00 2.69
5.00 5.00
5.00 2.72
5.00 2.25
5.00 2.74
5.00 5.00
5.00 5.00
5.00 5.00
5.00 2.41
5.00 5.00
5.00 2.56
5.00 5.00
5.00 2.69
5.00 5.00
5.00 2.60
5.00 5.00
5.00 5.00
5.00 5.00
5.00 5.00
5.00 5.00
5.00 2.75
5.00 5.00
5.00 2.68
5.00 2.22
5.00 2.76
5.00 5.00
5.00 5.00
5.00 5.00
5.00 5.00
5.00 5.00
5.00 2.06
5.00 5.00
5.00 5.00
5.00 5.00
5.00 5.00
5.00 5.00
5.00 5.00
5.00 5.00
5.00 5.00
5.00 5.00
5.00 5.00
0.00 0.86
0.00 1.08
0.00 1.02
0.00 0.98
0.00 0.64
0.00 0.98
0.00 0.59
0.00 0.84
0.00 0.93
0.00 0.86
0.00 0.88
0.00 0.88
0.00 0.88
0.00 0.56
0.00 0.70
4.50 4.78
4.50 2.51
4.50 4.82
4.50 4.70
4.50 2.51
4.50 4.66
4.50 2.51
4.50 2.51
4.50 2.51
4.50 4.74
4.50 2.51
4.50 2.51
4.50 2.52
4.50 2.51
4.50 2.52
0.50 1.85
0.50 1.61
0.50 1.86
0.50 2.15
0.50 1.74
0.50 1.86
0.50 1.61
0.50 1.87
0.50 1.88
0.50 1.74
0.50 1.88
0.50 1.86
0.50 2.01
0.50 2.15
0.50 2.01
1.00 1.91
1.00 3.18
1.00 2.94
1.00 1.89
1.00 2.51
1.00 1.91
1.00 1.91
1.00 2.94
1.00 2.72
1.00 1.94
1.00 2.32
1.00 2.72
1.00 1.99
1.00 1.94
1.00 2.51
1.50 3.67
1.50 1.86
1.50 1.80
1.50 3.67
1.50 1.81
1.50 3.41
1.50 2.07
1.50 4.13
1.50 2.15
1.50 1.83
1.50 3.41
1.50 4.27
1.50 4.07
1.50 3.96
1.50 4.61
2.00 4.04
2.00 1.78
2.00 2.37
2.00 1.79
2.00 2.51
2.00 4.59
2.00 1.78
2.00 4.58
2.00 4.08
2.00 1.78
2.00 2.25
2.00 2.44
2.00 4.58
2.00 4.58
2.00 1.78
5.00 4.91
5.00 2.16
5.00 4.79
5.00 1.89
5.00 5.00
5.00 5.00
5.00 5.00
5.00 5.00
5.00 5.00
5.00 5.00
5.00 5.00
5.00 5.00
5.00 5.00
5.00 5.00
5.00 2.08
5.00 4.86
5.00 2.53
5.00 5.00
5.00 2.25
5.00 5.00
5.00 4.67
5.00 1.98
5.00 5.00
5.00 4.41
5.00 5.00
5.00 5.00
5.00 4.67
5.00 5.00
5.00 4.68
5.00 5.00
5.00 2.62
5.00 5.00
5.00 4.94
5.00 4.25
5.00 5.00
5.00 3.95
5.00 5.00
5.00 4.45
5.00 2.13
5.00 2.96
5.00 3.62
5.00 5.00
5.00 5.00
5.00 5.00
5.00 5.00
0.00 1.18
0.00 1.28
0.00 1.48
0.00 1.89
0.00 1.48
0.00 1.92
0.00 1.38
0.00 1.55
0.00 1.89
0.00 1.88
0.00 1.18
0.00 1.55
0.00 1.08
0.00 1.88
0.00 1.86
2.50 1.80
2.50 4.67
2.50 4.60
2.50 4.62
2.50 4.70
2.50 2.95
2.50 2.85
2.50 4.64
2.50 1.79
2.50 2.75
2.50 1.78
2.50 1.82
2.50 2.58
2.50 2.66
2.50 1.78
3.00 4.77
3.00 1.72
3.00 1.68
3.00 4.80
3.00 1.74
3.00 3.19
3.00 3.32
3.00 4.89
3.00 1.70
3.00 4.73
3.00 1.69
3.00 3.63
3.00 4.85
3.00 3.06
3.00 3.47
3.50 1.72
3.50 4.75
3.50 4.93
3.50 1.79
3.50 4.47
3.50 1.69
3.50 1.70
3.50 5.00
3.50 4.23
3.50 5.00
3.50 1.75
3.50 5.00
3.50 4.01
3.50 3.81
3.50 4.98
4.00 5.00
4.00 1.91
4.00 5.00
4.00 1.84
4.00 5.00
4.00 5.00
4.00 5.00
4.00 5.00
4.00 1.93
4.00 5.00
4.00 5.00
4.00 1.99
4.00 1.96
4.00 5.00
4.00 5.00
4.50 2.07
4.50 2.18
4.50 5.00
4.50 2.03
4.50 5.00
4.50 5.00
4.50 5.00
4.50 5.00
4.50 5.00
4.50 2.24
4.50 5.00
4.50 5.00
4.50 5.00
4.50 5.00
4.50 2.12
0.50 1.07
0.50 0.84
0.50 1.16
0.50 1.00
0.50 1.07
1.00 1.33
1.00 1.33
1.00 1.62
1.00 1.52
1.00 1.24
3.00 2.72
3.00 2.65
3.00 2.68
3.00 2.70
3.00 2.67
3.50 2.63
3.50 2.64
3.50 2.60
3.50 2.63
3.50 2.61
4.00 2.57
4.00 2.56
4.00 2.57
4.00 2.57
4.00 2.55
4.50 2.54
4.50 2.54
4.50 2.54
4.50 2.55
4.50 2.54
5.00 5.00
5.00 5.00
5.00 2.07
5.00 2.45
5.00 5.00
5.00 5.00
5.00 2.46
5.00 3.65
5.00 1.48
5.00 5.00
5.00 5.00
5.00 5.00
5.00 3.48
5.00 5.00
5.00 5.00
0.00 1.08
0.00 1.08
0.00 1.04
0.00 0.84
0.00 1.04
1.50 1.92
1.50 1.72
1.50 2.03
1.50 2.14
1.50 1.82
2.00 2.71
2.00 2.36
2.00 2.47
2.00 2.25
2.00 2.59
2.50 2.80
2.50 2.78
2.50 2.83
2.50 2.76
2.50 2.74
0.50 1.69
0.50 1.49
0.50 1.40
0.50 1.69
0.50 1.58
1.00 2.02
1.00 2.29
1.00 1.91
1.00 2.14
1.00 2.14
1.50 2.82
1.50 3.22
1.50 2.63
1.50 2.63
1.50 3.22
2.00 1.84
2.00 1.97
2.00 1.93
2.00 1.73
2.00 4.16
2.50 4.16
2.50 4.17
2.50 1.26
2.50 4.16
2.50 4.18
3.00 1.11
3.00 4.20
3.00 4.24
3.00 1.04
3.00 4.29
5.00 5.00
5.00 3.58
5.00 5.00
5.00 5.00
5.00 5.00
5.00 3.29
5.00 3.35
5.00 5.00
5.00 5.00
5.00 5.00
5.00 5.00
5.00 5.00
5.00 5.00
5.00 3.90
5.00 5.00
0.00 1.22
0.00 1.25
0.00 1.12
0.00 1.25
0.00 1.17
3.50 4.46
3.50 4.39
3.50 4.53
3.50 4.69
3.50 4.60
4.00 5.00
4.00 5.00
4.00 4.78
4.00 4.97
4.00 4.87
4.50 5.00
4.50 4.84
4.50 5.00
4.50 5.00
4.50 5.00
0.50 2.11
0.50 1.72
0.50 2.11
0.50 1.27
0.50 1.85
0.50 1.36
0.50 1.36
0.50 1.98
0.50 1.72
0.50 1.46
0.50 1.27
0.50 1.27
0.50 1.56
0.50 1.27
0.50 1.60
0.50 1.85
0.50 1.60
0.50 1.46
0.50 1.98
0.50 1.56
1.00 1.66
1.00 2.28
1.00 2.87
1.00 3.10
1.00 2.66
1.00 2.47
1.00 1.66
1.00 2.28
1.00 2.09
1.00 1.76
1.00 3.10
1.00 1.87
1.00 2.87
1.00 1.98
1.00 1.87
1.00 2.66
1.00 1.76
1.00 1.98
1.00 2.47
1.00 2.09
1.50 3.58
1.50 2.49
1.50 3.33
1.50 2.49
1.50 2.84
1.50 3.85
1.50 3.85
1.50 3.58
1.50 2.32
1.50 2.66
1.50 2.66
1.50 4.46
1.50 2.21
1.50 3.33
1.50 2.21
1.50 4.14
1.50 2.84
1.50 4.46
1.50 2.32
1.50 4.14
2.00 3.24
2.00 4.43
2.00 4.43
2.00 3.67
2.00 3.45
2.00 3.90
2.00 4.43
2.00 4.43
2.00 4.45
2.00 4.43
2.00 4.43
2.00 3.90
2.00 4.43
2.00 4.43
2.00 4.45
2.00 3.67
2.00 3.03
2.00 3.45
2.00 3.24
2.00 3.03
2.50 4.46
2.50 4.48
2.50 4.50
2.50 4.46
2.50 4.48
2.50 4.15
2.50 4.45
2.50 4.42
2.50 4.48
2.50 4.44
2.50 4.44
2.50 4.46
2.50 4.44
2.50 4.44
2.50 4.46
2.50 4.45
2.50 4.15
2.50 4.50
2.50 4.42
2.50 4.48
3.00 4.63
3.00 4.54
3.00 4.60
3.00 4.52
3.00 4.54
3.00 4.51
3.00 4.60
3.00 4.63
3.00 4.57
3.00 4.52
3.00 4.51
3.00 4.57
3.00 4.54
3.00 4.54
3.00 4.63
3.00 4.57
3.00 4.63
3.00 4.60
3.00 4.60
3.00 4.57
3.50 4.82
3.50 4.66
3.50 4.66
3.50 4.78
3.50 4.71
3.50 4.78
3.50 4.78
3.50 4.71
3.50 4.67
3.50 4.67
3.50 4.69
3.50 4.78
3.50 4.72
3.50 4.74
3.50 4.69
3.50 4.75
3.50 4.75
3.50 4.82
3.50 4.72
3.50 4.74
4.00 4.81
4.00 4.81
4.00 4.92
4.00 4.90
4.00 4.96
4.00 4.89
4.00 4.85
4.00 4.87
4.00 4.92
4.00 4.96
4.00 4.93
4.00 4.93
4.00 4.99
4.00 4.90
4.00 4.99
4.00 4.85
4.00 4.87
4.00 4.89
4.00 4.84
4.00 4.84
4.50 4.95
4.50 5.00
4.50 5.00
4.50 5.00
4.50 5.00
4.50 5.00
4.50 5.00
4.50 5.00
4.50 5.00
4.50 5.00
4.50 5.00
4.50 5.00
4.50 5.00
4.50 5.00
4.50 4.98
4.50 4.95
4.50 5.00
4.50 4.98
4.50 5.00
4.50 5.00
5.00 5.00
5.00 5.00
5.00 5.00
5.00 5.00
5.00 5.00
5.00 1.66
5.00 5.00
5.00 4.01
5.00 5.00
5.00 5.00
5.00 3.78
5.00 4.14
5.00 3.13
5.00 5.00
5.00 5.00
5.00 5.00
5.00 5.00
5.00 5.00
5.00 5.00
5.00 2.86
5.00 3.83
5.00 2.63
5.00 4.62
5.00 3.67
5.00 4.10
5.00 4.59
5.00 5.00
5.00 5.00
5.00 3.68
5.00 5.00
5.00 5.00
5.00 4.99
5.00 5.00
5.00 4.20
5.00 5.00
5.00 5.00
5.00 4.62
5.00 5.00
5.00 2.95
5.00 5.00
5.00 5.00
5.00 2.77
5.00 5.00
5.00 5.00
5.00 5.00
5.00 1.40
5.00 4.18
5.00 4.88
5.00 2.56
5.00 2.75
5.00 5.00
5.00 4.28
5.00 5.00
5.00 3.55
5.00 5.00
5.00 5.00
5.00 1.75
5.00 5.00
5.00 5.00
5.00 5.00
0.00 2.29
0.00 1.38
0.00 1.82
0.00 1.32
0.00 1.32
0.00 1.09
0.00 1.19
0.00 1.82
0.00 1.09
0.00 3.23
0.00 3.23
0.00 1.55
0.00 1.38
0.00 1.48
0.00 2.29
0.00 1.55
0.00 1.28
0.00 1.19
0.00 1.28
0.00 1.48
0.50 1.70
0.50 1.92
0.50 1.48
0.50 1.81
0.50 1.92
0.50 1.70
0.50 1.48
0.50 1.58
0.50 1.58
0.50 1.81
1.00 2.74
1.00 2.20
1.00 2.04
1.00 2.37
1.00 2.74
1.00 2.37
1.00 2.55
1.00 2.20
1.00 2.04
1.00 2.55
1.50 3.37
1.50 3.61
1.50 3.37
1.50 3.86
1.50 3.61
1.50 3.15
1.50 2.95
1.50 3.86
1.50 2.95
1.50 3.15
2.00 4.04
2.00 4.01
2.00 4.14
2.00 4.10
2.00 4.04
2.00 4.07
2.00 4.14
2.00 4.07
2.00 4.10
2.00 4.01
2.50 3.92
2.50 3.94
2.50 3.92
2.50 3.96
2.50 3.90
2.50 3.98
2.50 3.96
2.50 3.94
2.50 3.90
2.50 3.98
3.00 3.84
3.00 3.82
3.00 3.89
3.00 3.85
3.00 3.85
3.00 3.87
3.00 3.84
3.00 3.82
3.00 3.87
3.00 3.89
3.50 3.75
3.50 3.73
3.50 3.81
3.50 3.79
3.50 3.81
3.50 3.79
3.50 3.75
3.50 3.77
3.50 3.73
3.50 3.77
4.00 3.62
4.00 3.65
4.00 3.67
4.00 3.69
4.00 3.69
4.00 3.62
4.00 3.71
4.00 3.71
4.00 3.67
4.00 3.65
4.50 3.53
4.50 3.57
4.50 3.55
4.50 3.53
4.50 3.57
4.50 3.60
4.50 3.55
4.50 3.50
4.50 3.60
4.50 3.50
5.00 5.00
5.00 1.98
5.00 5.00
5.00 5.00
5.00 2.43
5.00 2.00
5.00 5.00
5.00 5.00
5.00 5.00
5.00 5.00
5.00 3.29
5.00 5.00
5.00 5.00
5.00 5.00
5.00 5.00
5.00 3.21
5.00 2.28
5.00 3.21
5.00 5.00
5.00 3.25
5.00 5.00
5.00 2.23
5.00 2.18
5.00 5.00
5.00 5.00
5.00 5.00
5.00 3.68
5.00 3.24
5.00 5.00
5.00 5.00
0.00 1.03
0.00 1.03
0.00 1.30
0.00 1.12
0.00 1.39
0.00 1.21
0.00 1.30
0.00 1.12
0.00 1.21
0.00 1.39
0.50 1.91
0.50 2.06
0.50 2.06
0.50 1.10
0.50 1.48
0.50 0.86
0.50 1.18
0.50 1.91
0.50 1.01
0.50 1.77
0.50 1.62
0.50 0.93
1.00 1.66
1.00 1.27
1.00 1.46
1.00 1.27
1.00 1.57
1.00 2.79
1.00 2.61
1.00 2.61
1.00 1.37
1.00 2.79
1.00 2.98
1.00 1.46
1.50 3.43
1.50 3.20
1.50 3.20
1.50 2.10
1.50 3.69
1.50 3.49
1.50 1.98
1.50 1.76
1.50 2.10
1.50 3.49
1.50 1.76
1.50 2.20
2.00 2.64
2.00 3.40
2.00 3.32
2.00 3.40
2.00 3.25
2.00 2.43
2.00 2.55
2.00 2.31
2.00 2.68
2.00 2.43
2.00 3.18
2.00 3.11
2.50 2.60
2.50 2.52
2.50 2.84
2.50 2.93
2.50 2.52
2.50 2.60
2.50 2.46
2.50 2.93
2.50 2.99
2.50 2.49
2.50 2.99
2.50 2.88
3.00 2.71
3.00 2.75
3.00 2.75
3.00 2.79
3.00 2.64
3.00 2.31
3.00 2.36
3.00 2.42
3.00 2.33
3.00 2.68
3.00 2.64
3.00 2.31
3.50 2.58
3.50 2.28
3.50 2.61
3.50 2.28
3.50 2.53
3.50 2.55
3.50 2.50
3.50 2.23
3.50 2.18
3.50 2.21
3.50 2.25
3.50 2.55
4.00 2.41
4.00 2.13
4.00 2.11
4.00 2.46
4.00 2.16
4.00 2.46
4.00 2.14
4.00 2.11
4.00 2.09
4.00 2.16
4.00 2.14
4.00 2.44
4.50 2.08
4.50 2.40
4.50 2.37
4.50 2.38
4.50 2.06
4.50 2.05
4.50 2.37
4.50 2.37
4.50 2.04
4.50 2.08
4.50 2.07
4.50 2.37
5.00 2.97
5.00 5.00
5.00 2.65
5.00 2.76
5.00 5.00
5.00 2.69
5.00 5.00
5.00 4.36
5.00 4.69
5.00 2.02
5.00 2.37
5.00 2.54
5.00 5.00
5.00 5.00
5.00 4.01
5.00 4.28
5.00 4.84
5.00 2.84
5.00 5.00
5.00 4.09
5.00 5.00
5.00 2.41
5.00 4.48
5.00 4.97
5.00 5.00
5.00 2.39
5.00 2.02
5.00 4.52
5.00 5.00
5.00 5.00
5.00 4.04
5.00 5.00
5.00 2.84
5.00 5.00
5.00 5.00
5.00 2.61
0.00 0.71
0.00 1.12
0.00 0.64
0.00 1.12
0.00 0.71
0.00 0.66
0.00 0.78
0.00 0.66
0.00 0.99
0.00 1.35
0.00 1.23
0.00 1.35
0.50 1.55
0.50 1.70
0.50 2.00
0.50 1.27
0.50 1.50
0.50 1.38
0.50 1.42
0.50 1.76
0.50 1.85
0.50 1.38
0.50 1.55
0.50 1.62
0.50 1.70
0.50 2.00
0.50 1.50
0.50 1.76
0.50 1.85
0.50 1.42
0.50 1.62
1.00 2.46
1.00 1.88
1.00 2.71
1.00 2.30
1.00 2.71
1.00 2.15
1.00 2.90
1.00 2.01
1.00 1.88
1.00 2.16
1.00 2.90
1.00 2.46
1.00 2.16
1.00 2.51
1.00 2.33
1.00 2.01
1.00 2.51
1.00 2.33
1.00 2.30
1.50 3.81
1.50 3.30
1.50 3.11
1.50 2.93
1.50 3.55
1.50 3.11
1.50 2.93
1.50 3.55
1.50 3.30
1.50 3.81
1.50 2.61
1.50 3.10
1.50 3.10
1.50 3.32
1.50 3.32
1.50 2.77
1.50 2.61
1.50 3.77
1.50 3.77
2.00 3.64
2.00 3.68
2.00 3.25
2.00 3.71
2.00 3.19
2.00 3.05
2.00 3.10
2.00 3.66
2.00 3.66
2.00 3.19
2.00 3.14
2.00 3.10
2.00 3.05
2.00 3.64
2.00 3.25
2.00 3.14
2.00 3.71
2.00 3.68
2.00 3.74
2.50 3.56
2.50 2.90
2.50 2.90
2.50 3.59
2.50 3.56
2.50 3.60
2.50 3.59
2.50 2.94
2.50 3.62
2.50 3.58
2.50 2.97
2.50 2.94
2.50 2.97
2.50 2.87
2.50 3.01
2.50 3.60
2.50 3.62
2.50 2.87
2.50 3.01
3.00 3.54
3.00 3.52
3.00 2.81
3.00 3.55
3.00 2.84
3.00 2.78
3.00 3.55
3.00 2.75
3.00 3.53
3.00 2.84
3.00 3.54
3.00 2.75
3.00 2.81
3.00 2.78
3.00 3.52
3.00 3.53
3.00 3.53
3.00 2.72
3.00 3.53
3.50 3.51
3.50 3.46
3.50 2.63
3.50 2.65
3.50 3.51
3.50 2.63
3.50 2.67
3.50 2.70
3.50 3.46
3.50 3.47
3.50 3.48
3.50 3.50
3.50 3.48
3.50 2.70
3.50 3.47
3.50 2.61
3.50 2.61
3.50 2.65
3.50 3.50
4.00 3.38
4.00 2.57
4.00 2.53
4.00 2.54
4.00 2.56
4.00 3.40
4.00 3.45
4.00 3.38
4.00 2.56
4.00 2.57
4.00 2.53
4.00 2.59
4.00 3.43
4.00 2.59
4.00 3.43
4.00 2.54
4.00 3.42
4.00 3.42
4.00 3.40
4.50 2.49
4.50 2.51
4.50 3.29
4.50 2.49
4.50 3.34
4.50 2.51
4.50 3.34
4.50 2.48
4.50 3.31
4.50 2.50
4.50 2.48
4.50 3.36
4.50 3.31
4.50 3.28
4.50 2.47
4.50 2.50
4.50 3.29
4.50 2.47
4.50 3.36
5.00 4.11
5.00 4.63
5.00 4.14
5.00 3.16
5.00 5.00
5.00 5.00
5.00 2.38
5.00 3.44
5.00 5.00
5.00 4.03
5.00 5.00
5.00 5.00
5.00 4.07
5.00 3.42
5.00 5.00
5.00 2.56
5.00 5.00
5.00 1.86
5.00 3.37
5.00 4.54
5.00 1.93
5.00 3.95
5.00 3.94
5.00 1.97
5.00 3.18
5.00 3.53
5.00 4.10
5.00 3.98
5.00 3.11
5.00 3.21
5.00 3.99
5.00 2.25
5.00 4.42
5.00 2.42
5.00 3.96
5.00 1.82
5.00 4.19
5.00 2.97
5.00 4.55
5.00 3.82
5.00 2.42
5.00 4.41
5.00 1.84
5.00 5.00
5.00 2.46
5.00 5.00
5.00 5.00
5.00 5.00
5.00 3.40
5.00 3.57
5.00 4.93
5.00 5.00
5.00 4.17
5.00 3.32
5.00 3.17
5.00 5.00
5.00 3.95
0.00 1.00
0.00 1.29
0.00 0.84
0.00 0.84
0.00 0.92
0.00 1.05
0.00 1.17
0.00 1.29
0.00 1.05
0.00 1.17
0.00 0.92
0.00 1.09
0.00 1.17
0.00 1.09
0.00 1.17
0.00 0.94
0.00 0.84
0.00 0.84
0.00 1.00
0.50 1.63
0.50 1.79
0.50 2.34
0.50 2.34
0.50 2.15
0.50 2.15
0.50 1.98
0.50 1.63
0.50 1.79
0.50 1.98
1.00 3.29
1.00 3.04
1.00 3.56
1.00 2.55
1.00 3.04
1.00 2.78
1.00 3.56
1.00 3.29
1.00 2.78
1.00 2.55
1.50 4.50
1.50 4.58
1.50 4.58
1.50 4.43
1.50 4.20
1.50 4.20
1.50 3.87
1.50 3.87
1.50 4.50
1.50 4.43
2.00 4.27
2.00 4.37
2.00 4.32
2.00 4.37
2.00 4.19
2.00 4.23
2.00 4.19
2.00 4.23
2.00 4.27
2.00 4.32
2.50 4.14
2.50 4.12
2.50 4.17
2.50 4.10
2.50 4.12
2.50 4.10
2.50 4.11
2.50 4.17
2.50 4.11
2.50 4.14
3.00 4.08
3.00 4.08
3.00 4.08
3.00 4.08
3.00 4.09
3.00 4.09
3.00 4.08
3.00 4.09
3.00 4.08
3.00 4.09
3.50 4.09
3.50 4.09
3.50 4.09
3.50 4.09
3.50 4.09
3.50 4.10
3.50 4.09
3.50 4.10
3.50 4.10
3.50 4.10
4.00 4.12
4.00 4.11
4.00 4.11
4.00 4.12
4.00 4.11
4.00 4.11
4.00 4.11
4.00 4.12
4.00 4.11
4.00 4.12
4.50 4.12
4.50 4.10
4.50 4.12
4.50 4.11
4.50 4.11
4.50 4.12
4.50 4.10
4.50 4.11
4.50 4.11
4.50 4.12
5.00 5.00
5.00 5.00
5.00 5.00
5.00 5.00
5.00 5.00
5.00 5.00
5.00 5.00
5.00 5.00
5.00 5.00
5.00 5.00
5.00 5.00
5.00 5.00
5.00 3.64
5.00 3.30
5.00 2.16
5.00 5.00
5.00 5.00
5.00 5.00
5.00 5.00
5.00 5.00
5.00 5.00
5.00 2.26
5.00 5.00
5.00 3.37
5.00 2.30
5.00 3.02
5.00 5.00
5.00 2.64
5.00 3.15
5.00 5.00
0.00 1.19
0.00 1.33
0.00 1.19
0.00 1.09
0.00 0.98
0.00 0.98
0.00 1.47
0.00 1.09
0.00 1.33
0.00 1.47
0.50 1.71
0.50 1.31
0.50 1.57
0.50 1.31
0.50 1.41
0.50 1.51
0.50 1.43
0.50 1.43
0.50 1.41
0.50 1.86
0.50 1.71
0.50 1.86
0.50 1.51
0.50 1.57
1.00 2.50
1.00 1.73
1.00 2.33
1.00 2.50
1.00 2.02
1.00 2.17
1.00 1.60
1.00 1.73
1.00 2.17
1.00 2.68
1.00 2.02
1.00 2.11
1.00 1.98
1.00 1.98
1.50 2.40
1.50 2.91
1.50 3.07
1.50 2.91
1.50 2.73
1.50 2.40
1.50 2.25
1.50 3.51
1.50 2.73
1.50 3.75
1.50 3.07
1.50 2.56
1.50 2.25
1.50 3.28
2.00 3.91
2.00 3.48
2.00 3.91
2.00 3.28
2.00 4.03
2.00 3.28
2.00 4.09
2.00 3.09
2.00 4.09
2.00 4.07
2.00 3.09
2.00 4.11
2.00 4.07
2.00 4.00
2.50 4.23
2.50 4.23
2.50 4.29
2.50 4.17
2.50 4.21
2.50 4.25
2.50 4.17
2.50 4.19
2.50 4.19
2.50 4.15
2.50 4.21
2.50 4.21
2.50 4.14
2.50 4.25
3.00 4.26
3.00 4.43
3.00 4.38
3.00 4.33
3.00 4.33
3.00 4.34
3.00 4.49
3.00 4.54
3.00 4.28
3.00 4.34
3.00 4.31
3.00 4.49
3.00 4.26
3.00 4.38
3.50 4.63
3.50 4.67
3.50 4.89
3.50 4.45
3.50 4.47
3.50 4.61
3.50 4.74
3.50 4.50
3.50 4.61
3.50 4.42
3.50 4.43
3.50 4.81
3.50 4.53
3.50 4.42
4.00 5.00
4.00 5.00
4.00 4.57
4.00 4.05
4.00 4.57
4.00 5.00
4.00 3.85
4.00 4.55
4.00 3.95
4.00 4.14
4.00 4.57
4.00 5.00
4.00 4.52
4.00 4.54
4.50 3.45
4.50 5.00
4.50 4.58
4.50 4.63
4.50 5.00
4.50 4.58
4.50 4.58
4.50 3.55
4.50 4.58
4.50 3.75
4.50 3.65
4.50 4.60
4.50 3.36
4.50 4.65
5.00 2.71
5.00 4.36
5.00 1.79
5.00 3.49
5.00 5.00
5.00 4.45
5.00 5.00
5.00 1.57
5.00 5.00
5.00 4.58
5.00 5.00
5.00 5.00
5.00 4.36
5.00 5.00
5.00 5.00
5.00 5.00
5.00 5.00
5.00 5.00
5.00 3.26
5.00 5.00
5.00 4.62
5.00 5.00
5.00 5.00
5.00 5.00
5.00 5.00
5.00 5.00
5.00 5.00
5.00 5.00
5.00 5.00
5.00 5.00
5.00 5.00
5.00 4.58
5.00 5.00
5.00 5.00
5.00 5.00
5.00 5.00
5.00 1.35
5.00 5.00
5.00 5.00
5.00 5.00
5.00 5.00
5.00 2.73
0.00 1.12
0.00 1.09
0.00 0.98
0.00 1.27
0.00 1.61
0.00 1.40
0.00 0.78
0.00 0.88
0.00 1.12
0.00 0.88
0.00 1.09
0.00 1.20
0.00 1.20
0.00 0.78
0.50 2.45
0.50 2.05
0.50 2.05
0.50 2.45
0.50 2.13
0.50 1.96
0.50 1.27
0.50 1.85
0.50 1.45
0.50 1.85
0.50 1.53
0.50 1.96
0.50 1.36
0.50 1.65
0.50 1.81
0.50 2.24
0.50 1.50
0.50 2.13
0.50 2.24
0.50 1.19
0.50 2.69
0.50 2.69
1.00 4.24
1.00 1.85
1.00 2.96
1.00 3.54
1.00 1.64
1.00 2.92
1.00 2.31
1.00 2.51
1.00 3.54
1.00 3.25
1.00 2.07
1.00 3.25
1.00 2.31
1.00 3.14
1.00 2.72
1.00 2.51
1.00 3.87
1.00 4.24
1.00 2.72
1.00 1.96
1.00 3.87
1.00 2.92
1.50 4.90
1.50 3.94
1.50 5.00
1.50 4.80
1.50 3.38
1.50 3.83
1.50 2.22
1.50 4.90
1.50 2.89
1.50 5.00
1.50 3.65
1.50 3.38
1.50 2.71
1.50 2.37
1.50 4.66
1.50 5.00
1.50 3.94
1.50 4.66
1.50 4.80
1.50 5.00
1.50 3.65
1.50 3.83
2.00 3.40
2.00 3.74
2.00 3.08
2.00 4.22
2.00 3.64
2.00 3.48
2.00 4.52
2.00 4.71
2.00 4.30
2.00 3.55
2.00 3.34
2.00 3.55
2.00 4.52
2.00 3.40
2.00 3.48
2.00 3.34
2.00 4.63
2.00 4.22
2.00 4.63
2.00 3.64
2.00 4.30
2.00 3.29
2.50 3.16
2.50 3.06
2.50 4.02
2.50 4.31
2.50 4.14
2.50 3.16
2.50 4.34
2.50 3.11
2.50 3.21
2.50 4.44
2.50 3.06
2.50 3.27
2.50 4.36
2.50 4.06
2.50 3.27
2.50 3.21
2.50 4.19
2.50 4.44
2.50 4.34
2.50 4.32
2.50 4.36
2.50 4.32
3.00 2.90
3.00 4.29
3.00 2.90
3.00 2.94
3.00 4.35
3.00 2.97
3.00 2.97
3.00 4.30
3.00 3.01
3.00 4.30
3.00 2.94
3.00 4.32
3.00 4.30
3.00 4.24
3.00 4.30
3.00 4.30
3.00 4.40
3.00 4.30
3.00 2.87
3.00 4.31
3.00 4.32
3.00 4.31
3.50 2.83
3.50 4.35
3.50 2.80
3.50 4.37
3.50 4.71
3.50 4.35
3.50 4.37
3.50 4.39
3.50 2.77
3.50 4.52
3.50 2.72
3.50 4.41
3.50 2.77
3.50 4.71
3.50 4.78
3.50 2.83
3.50 4.33
3.50 2.80
3.50 4.41
3.50 2.75
3.50 4.58
3.50 4.78
4.00 4.44
4.00 4.47
4.00 2.66
4.00 5.00
4.00 2.62
4.00 2.64
4.00 4.44
4.00 4.85
4.00 2.70
4.00 2.64
4.00 2.68
4.00 4.53
4.00 5.00
4.00 4.50
4.00 4.47
4.00 2.70
4.00 4.50
4.00 2.62
4.00 2.68
4.00 4.92
4.00 4.85
4.00 4.53
5.00 4.87
5.00 2.91
5.00 5.00
5.00 2.56
5.00 3.84
5.00 2.48
5.00 5.00
5.00 5.00
5.00 5.00
5.00 5.00
5.00 4.47
5.00 5.00
5.00 2.74
5.00 1.93
5.00 2.57
5.00 3.89
5.00 5.00
5.00 1.63
5.00 4.09
5.00 5.00
5.00 2.50
5.00 2.38
5.00 5.00
5.00 4.27
5.00 5.00
5.00 2.46
5.00 3.79
5.00 2.48
5.00 5.00
5.00 3.60
5.00 3.58
5.00 2.48
5.00 5.00
5.00 5.00
5.00 5.00
5.00 2.55
5.00 5.00
5.00 1.29
5.00 4.93
5.00 2.57
5.00 2.52
5.00 2.51
5.00 2.47
5.00 2.52
5.00 2.52
5.00 4.73
5.00 5.00
5.00 4.71
5.00 5.00
5.00 5.00
5.00 2.56
5.00 2.58
5.00 5.00
5.00 2.48
5.00 2.58
5.00 5.00
5.00 5.00
5.00 2.47
5.00 2.68
5.00 5.00
5.00 4.03
5.00 2.52
5.00 2.58
5.00 2.88
5.00 5.00
5.00 5.00
0.00 0.87
0.00 1.12
0.00 1.10
0.00 1.12
0.00 1.66
0.00 1.10
0.00 1.10
0.00 1.34
0.00 1.39
0.00 1.14
0.00 1.20
0.00 1.20
0.00 0.99
0.00 1.50
0.00 1.34
0.00 0.87
0.00 1.23
0.00 1.06
0.00 1.24
0.00 1.50
0.00 1.24
0.00 1.66
4.50 2.56
4.50 5.00
4.50 5.00
4.50 2.57
4.50 5.00
4.50 4.66
4.50 5.00
4.50 5.00
4.50 2.56
4.50 5.00
4.50 4.70
4.50 2.58
4.50 2.61
4.50 4.73
4.50 4.63
4.50 2.61
4.50 5.00
4.50 5.00
4.50 5.00
4.50 2.58
4.50 4.60
4.50 2.59
0.50 1.68
0.50 1.68
0.50 1.85
0.50 1.85
0.50 2.21
1.00 2.86
1.00 3.12
1.00 2.86
1.00 3.37
1.00 2.62
1.50 3.97
1.50 4.57
1.50 4.09
1.50 4.63
1.50 3.89
2.00 4.42
2.00 4.40
2.00 3.98
2.00 4.01
2.00 3.97
2.50 3.96
2.50 3.95
2.50 3.96
2.50 4.37
2.50 4.39
3.00 4.38
3.00 3.89
3.00 4.40
3.00 3.96
3.00 4.39
3.50 3.65
3.50 4.54
3.50 4.49
3.50 4.45
3.50 4.52
4.00 3.57
4.00 4.58
4.00 3.61
4.00 4.56
4.00 4.63
5.00 2.00
5.00 5.00
5.00 3.44
5.00 3.23
5.00 5.00
5.00 3.82
5.00 4.78
5.00 5.00
5.00 5.00
5.00 2.84
5.00 5.00
5.00 5.00
5.00 5.00
5.00 3.63
5.00 4.96
0.00 1.23
0.00 1.52
0.00 1.03
0.00 1.37
0.00 1.13
4.50 4.72
4.50 4.70
4.50 4.73
4.50 4.69
4.50 4.67
0.50 4.30
0.50 1.74
0.50 2.16
0.50 2.87
0.50 2.16
0.50 1.46
0.50 2.87
0.50 4.30
1.00 5.00
1.00 5.00
1.00 5.00
1.00 5.00
1.00 5.00
1.00 5.00
1.00 5.00
1.00 5.00
1.50 5.00
1.50 5.00
1.50 5.00
1.50 5.00
1.50 5.00
1.50 5.00
1.50 5.00
1.50 5.00
2.00 5.00
2.00 5.00
2.00 5.00
2.00 5.00
2.00 5.00
2.00 5.00
2.00 5.00
2.00 5.00
2.50 5.00
2.50 5.00
2.50 5.00
2.50 5.00
2.50 5.00
2.50 5.00
2.50 5.00
2.50 5.00
3.00 5.00
3.00 5.00
3.00 5.00
3.00 5.00
3.00 5.00
3.00 5.00
3.00 5.00
3.00 5.00
3.50 5.00
3.50 5.00
3.50 5.00
3.50 5.00
3.50 5.00
3.50 5.00
3.50 5.00
3.50 5.00
4.00 5.00
4.00 5.00
4.00 5.00
4.00 5.00
4.00 5.00
4.00 5.00
4.00 5.00
4.00 5.00
4.50 3.40
4.50 4.66
4.50 3.92
4.50 3.40
4.50 4.66
4.50 5.00
4.50 5.00
4.50 3.00
5.00 2.95
5.00 5.00
5.00 4.04
5.00 2.23
5.00 3.94
5.00 0.95
5.00 5.00
5.00 5.00
5.00 5.00
5.00 5.00
5.00 5.00
5.00 3.56
5.00 3.85
5.00 5.00
5.00 5.00
5.00 3.14
5.00 5.00
5.00 3.62
5.00 1.81
5.00 2.62
5.00 5.00
5.00 2.41
5.00 5.00
5.00 5.00
0.00 1.25
0.00 0.90
0.00 1.10
0.00 1.25
0.00 0.99
0.00 0.82
0.00 1.10
0.00 0.90
0.50 1.14
0.50 2.47
0.50 2.71
0.50 1.22
0.50 2.06
0.50 2.71
0.50 2.26
0.50 1.06
0.50 2.06
0.50 0.99
1.00 1.50
1.00 3.57
1.00 4.13
1.00 1.85
1.00 3.27
1.00 1.40
1.00 1.73
1.00 3.90
1.00 2.97
1.00 1.61
1.50 4.69
1.50 4.89
1.50 4.89
1.50 5.00
1.50 4.76
1.50 4.39
1.50 2.52
1.50 2.10
1.50 4.98
1.50 4.84
2.00 4.68
2.00 4.60
2.00 4.60
2.00 4.64
2.00 4.81
2.00 3.33
2.00 2.67
2.00 4.68
2.00 4.74
2.00 2.98
2.50 4.57
2.50 4.55
2.50 4.55
2.50 4.54
2.50 4.57
2.50 3.34
2.50 4.53
2.50 3.51
2.50 4.53
2.50 3.42
3.00 3.56
3.00 4.55
3.00 4.54
3.00 4.54
3.00 3.66
3.00 4.60
3.00 4.57
3.00 4.60
3.00 4.63
3.00 4.57
3.50 4.67
3.50 3.89
3.50 4.83
3.50 4.77
3.50 4.02
3.50 4.89
3.50 4.67
3.50 4.72
3.50 4.72
3.50 3.83
4.00 4.39
4.00 5.00
4.00 4.31
4.00 5.00
4.00 5.00
4.00 4.96
4.00 5.00
4.00 4.24
4.00 4.96
4.00 4.16
4.50 5.00
4.50 4.54
4.50 5.00
4.50 4.63
4.50 5.00
4.50 5.00
4.50 4.80
4.50 5.00
4.50 4.89
4.50 4.71
5.00 5.00
5.00 2.76
5.00 5.00
5.00 5.00
5.00 5.00
5.00 5.00
5.00 3.68
5.00 5.00
5.00 4.83
5.00 4.47
5.00 1.50
5.00 5.00
5.00 2.34
5.00 5.00
5.00 5.00
5.00 5.00
5.00 2.98
5.00 4.98
5.00 5.00
5.00 3.23
5.00 5.00
5.00 4.60
5.00 3.09
5.00 5.00
5.00 2.18
5.00 5.00
5.00 2.17
5.00 5.00
5.00 2.33
5.00 5.00
0.00 1.10
0.00 1.68
0.00 0.91
0.00 0.95
0.00 1.22
0.00 0.91
0.00 1.10
0.00 0.91
0.00 0.92
0.00 1.00
0.50 1.40
0.50 1.50
0.50 1.60
0.50 1.40
0.50 1.30
1.00 1.81
1.00 2.17
1.00 2.05
1.00 2.09
1.00 2.05
1.50 2.20
1.50 2.47
1.50 2.31
1.50 2.12
1.50 2.83
2.00 4.26
2.00 2.70
2.00 3.98
2.00 2.37
2.00 2.60
2.50 2.83
2.50 4.73
2.50 4.79
2.50 2.87
2.50 4.68
3.00 5.00
3.00 5.00
3.00 2.97
3.00 5.00
3.00 2.92
5.00 5.00
5.00 2.41
5.00 5.00
5.00 5.00
5.00 5.00
5.00 3.87
5.00 1.94
5.00 5.00
5.00 5.00
5.00 5.00
5.00 5.00
5.00 5.00
5.00 5.00
5.00 5.00
5.00 5.00
0.00 1.20
0.00 1.20
0.00 1.20
0.00 1.33
0.00 1.33
3.50 5.00
3.50 5.00
3.50 5.00
3.50 5.00
3.50 5.00
4.00 5.00
4.00 5.00
4.00 5.00
4.00 5.00
4.00 5.00
4.50 5.00
4.50 5.00
4.50 5.00
4.50 5.00
4.50 5.00
0.50 1.55
0.50 1.98
0.50 2.00
0.50 1.42
0.50 1.69
0.50 1.61
0.50 2.24
0.50 1.59
0.50 1.98
0.50 2.05
0.50 2.70
0.50 1.84
0.50 1.84
0.50 1.55
0.50 2.24
0.50 1.71
0.50 2.05
0.50 2.70
0.50 1.86
0.50 1.99
0.50 1.74
0.50 2.13
0.50 1.99
0.50 1.42
0.50 1.86
1.00 2.85
1.00 2.71
1.00 2.93
1.00 4.24
1.00 2.15
1.00 3.18
1.00 2.48
1.00 2.93
1.00 2.50
1.00 3.55
1.00 2.96
1.00 2.48
1.00 3.18
1.00 2.31
1.00 3.87
1.00 2.90
1.00 4.24
1.00 2.66
1.00 2.24
1.00 2.50
1.00 2.29
1.00 2.31
1.00 3.26
1.00 2.71
1.00 2.12
1.50 4.81
1.50 2.34
1.50 3.64
1.50 3.38
1.50 3.92
1.50 3.73
1.50 3.99
1.50 4.90
1.50 3.06
1.50 5.00
1.50 4.90
1.50 3.49
1.50 3.42
1.50 5.00
1.50 3.27
1.50 4.66
1.50 3.42
1.50 4.66
1.50 2.52
1.50 2.59
1.50 2.39
1.50 3.69
1.50 3.27
1.50 4.58
1.50 4.31
2.00 2.61
2.00 4.56
2.00 4.36
2.00 2.66
2.00 4.41
2.00 4.32
2.00 4.33
2.00 4.26
2.00 4.61
2.00 4.41
2.00 4.64
2.00 4.26
2.00 4.62
2.00 4.36
2.00 4.57
2.00 4.32
2.00 4.64
2.00 2.62
2.00 2.60
2.00 4.60
2.00 4.56
2.00 4.66
2.00 4.60
2.00 4.56
2.00 2.64
2.50 4.36
2.50 2.74
2.50 4.33
2.50 4.62
2.50 4.63
2.50 4.51
2.50 4.61
2.50 4.47
2.50 4.36
2.50 4.75
2.50 4.44
2.50 4.66
2.50 4.62
2.50 4.62
2.50 2.71
2.50 2.81
2.50 4.43
2.50 4.35
2.50 4.64
2.50 4.39
2.50 4.42
2.50 2.68
2.50 4.64
2.50 4.61
2.50 4.70
3.00 4.66
3.00 4.72
3.00 4.59
3.00 2.89
3.00 4.33
3.00 4.33
3.00 5.00
3.00 4.69
3.00 4.86
3.00 4.69
3.00 4.79
3.00 4.33
3.00 4.76
3.00 4.35
3.00 4.64
3.00 4.55
3.00 4.92
3.00 4.76
3.00 4.79
3.00 4.80
3.00 4.35
3.00 4.74
3.00 2.85
3.00 4.33
3.00 4.33
3.50 4.79
3.50 5.00
3.50 4.42
3.50 4.40
3.50 5.00
3.50 4.95
3.50 5.00
3.50 4.95
3.50 4.87
3.50 4.83
3.50 5.00
3.50 4.83
3.50 4.40
3.50 4.36
3.50 4.38
3.50 4.96
3.50 4.85
3.50 4.91
3.50 4.87
3.50 4.91
3.50 4.38
3.50 4.44
3.50 4.36
3.50 4.99
3.50 4.42
4.00 5.00
4.00 5.00
4.00 4.56
4.00 5.00
4.00 5.00
4.00 5.00
4.00 5.00
4.00 4.47
4.00 4.59
4.00 5.00
4.00 4.53
4.00 5.00
4.00 4.47
4.00 5.00
4.00 4.50
4.00 5.00
4.00 5.00
4.00 5.00
4.00 4.50
4.00 4.53
4.00 4.59
4.00 4.56
4.00 5.00
4.00 5.00
4.00 5.00
5.00 5.00
5.00 3.20
5.00 1.99
5.00 1.86
5.00 1.81
5.00 4.17
5.00 5.00
5.00 5.00
5.00 2.09
5.00 1.90
5.00 5.00
5.00 5.00
5.00 1.97
5.00 5.00
5.00 4.36
5.00 5.00
5.00 5.00
5.00 5.00
5.00 2.04
5.00 0.61
5.00 2.58
5.00 0.51
5.00 4.70
5.00 3.14
5.00 0.89
5.00 5.00
5.00 5.00
5.00 5.00
5.00 5.00
5.00 2.91
5.00 2.24
5.00 4.76
5.00 5.00
5.00 5.00
5.00 2.52
5.00 3.54
5.00 4.16
5.00 5.00
5.00 5.00
5.00 3.24
5.00 5.00
5.00 4.66
5.00 1.91
5.00 0.71
5.00 5.00
5.00 1.72
5.00 1.90
5.00 5.00
5.00 5.00
5.00 1.90
5.00 5.00
5.00 5.00
5.00 5.00
5.00 3.12
5.00 5.00
5.00 5.00
5.00 2.97
5.00 5.00
5.00 5.00
5.00 5.00
5.00 1.90
5.00 2.05
5.00 0.74
5.00 4.28
5.00 1.54
5.00 3.50
5.00 5.00
5.00 5.00
5.00 3.84
5.00 2.51
5.00 5.00
5.00 5.00
5.00 5.00
5.00 5.00
5.00 1.72
0.00 1.27
0.00 1.11
0.00 1.07
0.00 1.49
0.00 1.19
0.00 1.09
0.00 1.37
0.00 0.91
0.00 1.47
0.00 1.49
0.00 1.22
0.00 1.11
0.00 1.09
0.00 1.29
0.00 1.17
0.00 1.32
0.00 1.67
0.00 1.29
0.00 1.39
0.00 0.91
0.00 1.47
0.00 1.21
0.00 1.67
0.00 1.07
0.00 1.21
4.50 5.00
4.50 5.00
4.50 5.00
4.50 5.00
4.50 5.00
4.50 5.00
4.50 4.72
4.50 5.00
4.50 5.00
4.50 5.00
4.50 4.66
4.50 5.00
4.50 5.00
4.50 5.00
4.50 5.00
4.50 5.00
4.50 5.00
4.50 5.00
4.50 5.00
4.50 5.00
4.50 4.62
4.50 5.00
4.50 4.75
4.50 5.00
4.50 4.69
0.50 2.10
0.50 1.49
0.50 1.94
0.50 2.10
0.50 1.52
0.50 1.41
0.50 1.79
0.50 1.23
0.50 1.32
0.50 1.79
0.50 1.63
0.50 5.00
0.50 1.49
0.50 1.94
0.50 1.63
1.00 2.47
1.00 3.08
1.00 2.87
1.00 1.89
1.00 3.08
1.00 1.76
1.00 2.47
1.00 2.87
1.00 2.03
1.00 2.28
1.00 2.28
1.00 2.16
1.00 2.16
1.00 1.89
1.00 2.03
1.50 3.72
1.50 3.31
1.50 2.31
1.50 2.97
1.50 3.56
1.50 3.84
1.50 2.63
1.50 2.63
1.50 2.80
1.50 3.31
1.50 2.80
1.50 3.77
1.50 2.97
1.50 2.31
1.50 3.84
2.00 3.74
2.00 3.34
2.00 3.62
2.00 3.34
2.00 3.76
2.00 3.51
2.00 3.54
2.00 3.58
2.00 3.58
2.00 3.62
2.00 3.76
2.00 3.67
2.00 3.54
2.00 3.74
2.00 3.54
2.50 3.40
2.50 3.40
2.50 3.42
2.50 3.45
2.50 3.38
2.50 3.69
2.50 3.48
2.50 3.48
2.50 3.70
2.50 3.69
2.50 3.71
2.50 3.70
2.50 3.71
2.50 3.42
2.50 3.38
3.00 3.33
3.00 3.29
3.00 3.64
3.00 3.65
3.00 3.29
3.00 3.31
3.00 3.36
3.00 3.33
3.00 3.65
3.00 3.68
3.00 3.66
3.00 3.67
3.00 3.67
3.00 3.68
3.00 3.34
3.50 3.59
3.50 3.28
3.50 3.60
3.50 3.58
3.50 3.22
3.50 3.25
3.50 3.22
3.50 3.58
3.50 3.24
3.50 3.59
3.50 3.60
3.50 3.24
3.50 3.63
3.50 3.61
3.50 3.28
4.00 3.55
4.00 3.14
4.00 3.55
4.00 3.18
4.00 3.51
4.00 3.49
4.00 3.21
4.00 3.53
4.00 3.56
4.00 3.49
4.00 3.18
4.00 3.19
4.00 3.51
4.00 3.14
4.00 3.53
4.50 3.47
4.50 3.47
4.50 3.40
4.50 3.07
4.50 3.11
4.50 3.11
4.50 3.05
4.50 3.45
4.50 3.12
4.50 3.09
4.50 3.38
4.50 3.05
4.50 3.07
4.50 3.42
4.50 3.12
5.00 2.19
5.00 5.00
5.00 3.31
5.00 5.00
5.00 2.36
5.00 3.10
5.00 5.00
5.00 5.00
5.00 3.28
5.00 3.01
5.00 2.07
5.00 3.02
5.00 3.41
5.00 2.02
5.00 3.01
5.00 4.74
5.00 4.14
5.00 5.00
5.00 5.00
5.00 2.98
5.00 3.79
5.00 5.00
5.00 2.07
5.00 3.17
5.00 5.00
5.00 5.00
5.00 3.21
5.00 2.71
5.00 3.33
5.00 3.86
5.00 3.00
5.00 4.22
5.00 2.42
5.00 3.55
5.00 3.12
5.00 5.00
5.00 5.00
5.00 4.61
5.00 2.13
5.00 2.92
5.00 5.00
5.00 5.00
5.00 5.00
5.00 3.22
5.00 3.55
0.00 0.97
0.00 5.00
0.00 0.99
0.00 5.00
0.00 1.06
0.00 1.10
0.00 1.02
0.00 1.35
0.00 0.98
0.00 5.00
0.00 0.85
0.00 1.22
0.00 1.10
0.00 0.97
0.00 1.35
0.50 1.48
0.50 1.73
0.50 1.86
0.50 1.28
0.50 1.61
0.50 1.38
0.50 2.13
0.50 2.13
0.50 1.61
0.50 1.99
0.50 1.28
0.50 1.74
0.50 1.74
0.50 1.61
0.50 1.38
0.50 1.99
0.50 1.61
0.50 1.86
0.50 1.48
0.50 1.73
1.00 2.49
1.00 2.49
1.00 2.50
1.00 1.88
1.00 3.14
1.00 2.91
1.00 2.69
1.00 2.02
1.00 2.69
1.00 2.33
1.00 3.14
1.00 2.02
1.00 2.33
1.00 2.17
1.00 2.30
1.00 2.30
1.00 1.88
1.00 2.91
1.00 2.17
1.00 2.50
1.50 3.63
1.50 3.48
1.50 2.86
1.50 3.26
1.50 4.55
1.50 3.26
1.50 4.55
1.50 3.38
1.50 2.67
1.50 4.22
1.50 4.22
1.50 3.91
1.50 3.63
1.50 3.38
1.50 2.67
1.50 3.06
1.50 3.06
1.50 3.91
1.50 3.48
1.50 2.86
2.00 4.53
2.00 4.29
2.00 4.23
2.00 4.53
2.00 4.26
2.00 4.53
2.00 3.95
2.00 4.21
2.00 4.52
2.00 4.21
2.00 4.31
2.00 4.23
2.00 4.29
2.00 4.52
2.00 3.95
2.00 4.53
2.00 4.31
2.00 4.26
2.00 3.71
2.00 3.71
2.50 4.31
2.50 4.42
2.50 4.28
2.50 4.42
2.50 4.60
2.50 4.57
2.50 4.56
2.50 4.52
2.50 4.52
2.50 4.57
2.50 4.56
2.50 4.38
2.50 4.31
2.50 4.55
2.50 4.38
2.50 4.60
2.50 4.34
2.50 4.34
2.50 4.28
2.50 4.55
3.00 4.65
3.00 4.46
3.00 4.51
3.00 4.56
3.00 4.62
3.00 4.51
3.00 4.72
3.00 4.76
3.00 4.76
3.00 4.69
3.00 4.62
3.00 4.61
3.00 4.72
3.00 4.66
3.00 4.66
3.00 4.65
3.00 4.69
3.00 4.56
3.00 4.61
3.00 4.46
3.50 4.80
3.50 4.88
3.50 4.72
3.50 4.88
3.50 4.83
3.50 4.96
3.50 4.97
3.50 4.84
3.50 4.93
3.50 4.90
3.50 4.97
3.50 4.83
3.50 4.77
3.50 4.80
3.50 4.72
3.50 4.93
3.50 4.77
3.50 4.96
3.50 4.84
3.50 4.90
4.00 5.00
4.00 5.00
4.00 5.00
4.00 5.00
4.00 5.00
4.00 5.00
4.00 5.00
4.00 5.00
4.00 5.00
4.00 5.00
4.00 5.00
4.00 5.00
4.00 5.00
4.00 5.00
4.00 5.00
4.00 5.00
4.00 5.00
4.00 5.00
4.00 5.00
4.00 5.00
4.50 5.00
4.50 5.00
4.50 5.00
4.50 5.00
4.50 5.00
4.50 5.00
4.50 5.00
4.50 5.00
4.50 5.00
4.50 5.00
4.50 5.00
4.50 5.00
4.50 5.00
4.50 5.00
4.50 5.00
4.50 5.00
4.50 5.00
4.50 5.00
4.50 5.00
4.50 5.00
5.00 5.00
5.00 5.00
5.00 5.00
5.00 5.00
5.00 5.00
5.00 5.00
5.00 5.00
5.00 5.00
5.00 1.36
5.00 5.00
5.00 5.00
5.00 1.46
5.00 4.16
5.00 5.00
5.00 2.61
5.00 5.00
5.00 1.35
5.00 4.41
5.00 2.51
5.00 5.00
5.00 3.07
5.00 5.00
5.00 4.59
5.00 5.00
5.00 5.00
5.00 2.78
5.00 5.00
5.00 5.00
5.00 2.43
5.00 4.89
5.00 5.00
5.00 5.00
5.00 5.00
5.00 5.00
5.00 5.00
5.00 5.00
5.00 5.00
5.00 4.56
5.00 5.00
5.00 5.00
5.00 2.99
5.00 2.84
5.00 2.52
5.00 5.00
5.00 2.69
5.00 5.00
5.00 4.63
5.00 5.00
5.00 5.00
5.00 5.00
5.00 5.00
5.00 5.00
5.00 5.00
5.00 5.00
5.00 5.00
5.00 5.00
5.00 5.00
5.00 5.00
5.00 5.00
5.00 4.84
0.00 1.49
0.00 1.09
0.00 0.99
0.00 1.39
0.00 0.99
0.00 1.49
0.00 1.29
0.00 0.99
0.00 1.09
0.00 0.99
0.00 0.99
0.00 1.19
0.00 1.19
0.00 1.39
0.00 1.09
0.00 1.29
0.00 1.19
0.00 1.19
0.00 1.09
0.00 0.99
0.50 1.15
0.50 1.02
0.50 1.73
0.50 1.15
0.50 1.22
0.50 1.08
0.50 1.22
0.50 1.53
0.50 1.08
0.50 0.95
1.00 2.25
1.00 1.29
1.00 1.46
1.00 1.83
1.00 2.04
1.00 2.04
1.00 1.83
1.00 1.93
1.00 1.93
1.00 1.65
1.50 1.96
1.50 3.11
1.50 1.75
1.50 2.19
1.50 1.85
1.50 2.90
1.50 2.71
1.50 2.71
1.50 1.85
1.50 2.90
2.00 4.35
2.00 3.56
2.00 3.56
2.00 2.80
2.00 2.32
2.00 3.34
2.00 4.35
2.00 3.34
2.00 2.67
2.00 2.43
2.50 2.77
2.50 4.71
2.50 4.66
2.50 2.89
2.50 4.68
2.50 2.81
2.50 2.94
2.50 4.74
2.50 4.78
2.50 4.71
3.00 4.99
3.00 4.83
3.00 2.70
3.00 2.60
3.00 4.93
3.00 4.88
3.00 4.93
3.00 4.88
3.00 5.00
3.00 2.73
5.00 3.76
5.00 3.38
5.00 5.00
5.00 5.00
5.00 5.00
5.00 4.20
5.00 2.38
5.00 5.00
5.00 1.16
5.00 3.11
5.00 4.45
5.00 5.00
5.00 5.00
5.00 5.00
5.00 5.00
5.00 5.00
5.00 5.00
5.00 3.84
5.00 5.00
5.00 5.00
5.00 3.73
5.00 5.00
5.00 1.92
5.00 2.19
5.00 3.42
5.00 2.40
5.00 5.00
5.00 5.00
5.00 3.09
5.00 5.00
0.00 1.33
0.00 1.18
0.00 1.50
0.00 1.70
0.00 0.95
0.00 1.77
0.00 2.08
0.00 2.08
0.00 0.95
0.00 0.97
3.50 2.47
3.50 5.00
3.50 2.57
3.50 2.54
3.50 5.00
3.50 2.52
3.50 5.00
3.50 2.49
3.50 5.00
3.50 5.00
4.00 2.38
4.00 2.42
4.00 5.00
4.00 2.45
4.00 5.00
4.00 2.38
4.00 2.36
4.00 5.00
4.00 5.00
4.00 2.40
4.50 2.28
4.50 2.28
4.50 5.00
4.50 2.31
4.50 5.00
4.50 2.29
4.50 2.31
4.50 2.29
4.50 5.00
4.50 2.34
0.50 1.78
0.50 2.01
0.50 2.32
0.50 2.03
0.50 1.77
0.50 2.03
0.50 1.81
0.50 2.13
0.50 2.53
0.50 2.12
0.50 1.89
0.50 2.53
0.50 2.32
0.50 2.17
0.50 1.77
0.50 1.97
0.50 1.90
0.50 2.17
0.50 1.90
0.50 2.13
1.00 3.13
1.00 2.77
1.00 3.53
1.00 2.68
1.00 2.77
1.00 3.94
1.00 3.13
1.00 2.90
1.00 2.30
1.00 2.90
1.00 3.94
1.00 2.48
1.00 3.03
1.00 3.03
1.00 2.77
1.00 3.27
1.00 2.55
1.00 3.01
1.00 3.32
1.00 3.61
1.50 5.00
1.50 4.31
1.50 4.88
1.50 3.82
1.50 4.14
1.50 4.41
1.50 5.00
1.50 4.22
1.50 3.91
1.50 3.63
1.50 5.00
1.50 3.63
1.50 4.49
1.50 4.46
1.50 3.82
1.50 4.84
1.50 4.31
1.50 4.49
1.50 4.72
1.50 5.00
2.00 4.67
2.00 4.77
2.00 4.84
2.00 4.69
2.00 4.69
2.00 4.77
2.00 4.54
2.00 4.81
2.00 4.84
2.00 4.53
2.00 4.78
2.00 4.67
2.00 4.42
2.00 4.27
2.00 4.79
2.00 4.35
2.00 4.55
2.00 4.39
2.00 4.55
2.00 4.55
2.50 4.61
2.50 4.78
2.50 4.09
2.50 4.23
2.50 4.71
2.50 4.70
2.50 4.66
2.50 4.58
2.50 4.70
2.50 4.77
2.50 4.81
2.50 4.70
2.50 4.70
2.50 4.16
2.50 4.12
2.50 4.59
2.50 4.70
2.50 4.71
2.50 4.56
2.50 4.79
3.00 4.76
3.00 4.97
3.00 4.87
3.00 4.82
3.00 4.71
3.00 4.74
3.00 4.70
3.00 4.74
3.00 4.92
3.00 4.75
3.00 4.69
3.00 4.70
3.00 3.94
3.00 4.65
3.00 4.94
3.00 4.76
3.00 4.72
3.00 4.02
3.00 4.72
3.00 4.71
3.50 5.00
3.50 5.00
3.50 4.91
3.50 5.00
3.50 5.00
3.50 4.95
3.50 5.00
3.50 5.00
3.50 4.89
3.50 3.86
3.50 4.78
3.50 4.86
3.50 4.83
3.50 3.83
3.50 4.78
3.50 4.80
3.50 3.76
3.50 4.86
3.50 4.89
3.50 3.79
4.00 4.96
4.00 5.00
4.00 5.00
4.00 5.00
4.00 3.64
4.00 5.00
4.00 5.00
4.00 5.00
4.00 5.00
4.00 4.92
4.00 5.00
4.00 5.00
4.00 4.99
4.00 3.67
4.00 4.96
4.00 4.92
4.00 5.00
4.00 3.70
4.00 5.00
4.00 5.00
5.00 5.00
5.00 4.46
5.00 5.00
5.00 5.00
5.00 5.00
5.00 5.00
5.00 2.88
5.00 5.00
5.00 3.67
5.00 4.99
5.00 5.00
5.00 5.00
5.00 4.93
5.00 5.00
5.00 5.00
5.00 5.00
5.00 5.00
5.00 4.14
5.00 5.00
5.00 5.00
5.00 5.00
5.00 3.08
5.00 5.00
5.00 3.10
5.00 5.00
5.00 5.00
5.00 5.00
5.00 5.00
5.00 5.00
5.00 5.00
5.00 5.00
5.00 5.00
5.00 5.00
5.00 5.00
5.00 5.00
5.00 3.19
5.00 5.00
5.00 5.00
5.00 4.08
5.00 5.00
5.00 5.00
5.00 5.00
5.00 5.00
5.00 3.99
5.00 1.87
5.00 1.70
5.00 5.00
5.00 5.00
5.00 5.00
5.00 5.00
5.00 5.00
5.00 1.77
5.00 5.00
5.00 5.00
5.00 4.28
5.00 5.00
5.00 5.00
5.00 5.00
5.00 5.00
5.00 3.80
0.00 1.65
0.00 1.46
0.00 1.65
0.00 1.56
0.00 1.36
0.00 1.30
0.00 1.16
0.00 1.53
0.00 1.67
0.00 1.53
0.00 1.53
0.00 1.46
0.00 1.26
0.00 1.22
0.00 1.56
0.00 1.43
0.00 1.43
0.00 1.26
0.00 1.16
0.00 1.22
4.50 4.81
4.50 4.91
4.50 5.00
4.50 5.00
4.50 4.71
4.50 5.00
4.50 5.00
4.50 5.00
4.50 4.61
4.50 5.00
4.50 5.00
4.50 5.00
4.50 5.00
4.50 5.00
4.50 5.00
4.50 5.00
4.50 5.00
4.50 5.00
4.50 5.00
4.50 5.00
0.50 1.57
0.50 1.47
0.50 1.11
0.50 1.79
0.50 1.11
0.50 2.28
0.50 2.09
0.50 1.22
0.50 1.91
0.50 1.32
0.50 2.49
0.50 1.11
0.50 1.37
0.50 1.11
0.50 2.28
1.00 3.49
1.00 3.49
1.00 2.28
1.00 2.15
1.00 2.03
1.00 1.52
1.00 1.63
1.00 1.52
1.00 1.89
1.00 1.76
1.00 2.72
1.00 1.91
1.00 2.44
1.00 2.28
1.00 2.03
1.50 2.62
1.50 1.96
1.50 3.21
1.50 3.00
1.50 4.51
1.50 3.43
1.50 4.51
1.50 4.13
1.50 2.18
1.50 2.04
1.50 4.13
1.50 4.36
1.50 4.30
1.50 3.21
1.50 2.49
2.00 3.65
2.00 4.20
2.00 1.87
2.00 3.65
2.00 3.17
2.00 4.16
2.00 4.16
2.00 2.81
2.00 4.44
2.00 1.56
2.00 4.16
2.00 4.45
2.00 4.44
2.00 4.13
2.00 4.16
2.50 1.48
2.50 4.07
2.50 1.28
2.50 4.47
2.50 3.98
2.50 4.54
2.50 4.57
2.50 4.51
2.50 4.08
2.50 1.25
2.50 4.22
2.50 4.02
2.50 4.05
2.50 4.02
2.50 4.54
3.00 4.63
3.00 3.99
3.00 4.63
3.00 4.59
3.00 4.70
3.00 1.21
3.00 4.46
3.00 4.70
3.00 4.66
3.00 1.22
3.00 4.00
3.00 1.23
3.00 4.01
3.00 4.41
3.00 4.66
3.50 4.86
3.50 1.28
3.50 3.98
3.50 4.66
3.50 4.90
3.50 4.89
3.50 1.25
3.50 3.97
3.50 4.97
3.50 3.98
3.50 3.97
3.50 4.81
3.50 1.35
3.50 4.94
3.50 3.97
5.00 5.00
5.00 0.67
5.00 4.47
5.00 5.00
5.00 5.00
5.00 3.08
5.00 5.00
5.00 5.00
5.00 4.63
5.00 5.00
5.00 5.00
5.00 5.00
5.00 5.00
5.00 0.62
5.00 0.68
5.00 0.73
5.00 0.40
5.00 3.27
5.00 2.89
5.00 1.28
5.00 0.39
5.00 3.14
5.00 5.00
5.00 4.26
5.00 2.91
5.00 1.26
5.00 3.06
5.00 5.00
5.00 4.08
5.00 5.00
5.00 2.12
5.00 0.33
5.00 4.07
5.00 5.00
5.00 5.00
5.00 3.99
5.00 0.56
5.00 5.00
5.00 5.00
5.00 5.00
5.00 4.94
5.00 5.00
5.00 1.89
5.00 5.00
5.00 0.60
0.00 1.38
0.00 1.38
0.00 1.19
0.00 1.56
0.00 1.13
0.00 1.41
0.00 1.17
0.00 1.21
0.00 0.98
0.00 1.87
0.00 1.57
0.00 1.17
0.00 1.41
0.00 1.56
0.00 1.27
4.00 4.03
4.00 5.00
4.00 5.00
4.00 5.00
4.00 5.00
4.00 5.00
4.00 4.00
4.00 4.01
4.00 5.00
4.00 5.00
4.00 5.00
4.00 5.00
4.00 4.98
4.00 5.00
4.00 5.00
4.50 5.00
4.50 5.00
4.50 4.04
4.50 5.00
4.50 5.00
4.50 5.00
4.50 4.07
4.50 5.00
4.50 4.07
4.50 5.00
4.50 4.05
4.50 5.00
4.50 4.06
4.50 5.00
4.50 5.00
0.50 2.50
0.50 1.93
0.50 2.29
0.50 1.76
0.50 1.76
0.50 2.29
0.50 2.11
0.50 2.11
0.50 1.93
0.50 2.50
1.00 2.73
1.00 2.73
1.00 2.98
1.00 3.79
1.00 3.49
1.00 3.22
1.00 3.22
1.00 3.49
1.00 2.98
1.00 3.79
1.50 4.12
1.50 4.20
1.50 4.39
1.50 4.50
1.50 4.20
1.50 4.29
1.50 4.50
1.50 4.12
1.50 4.39
1.50 4.29
2.00 3.86
2.00 4.12
2.00 3.98
2.00 3.92
2.00 3.92
2.00 4.04
2.00 4.04
2.00 4.12
2.00 3.98
2.00 3.86
2.50 3.70
2.50 3.73
2.50 3.77
2.50 3.77
2.50 3.82
2.50 3.73
2.50 3.66
2.50 3.66
2.50 3.82
2.50 3.70
3.00 3.58
3.00 3.56
3.00 3.63
3.00 3.63
3.00 3.61
3.00 3.56
3.00 3.53
3.00 3.58
3.00 3.53
3.00 3.61
3.50 3.49
3.50 3.45
3.50 3.51
3.50 3.49
3.50 3.51
3.50 3.47
3.50 3.43
3.50 3.43
3.50 3.45
3.50 3.47
4.00 3.39
4.00 3.33
4.00 3.41
4.00 3.35
4.00 3.37
4.00 3.35
4.00 3.37
4.00 3.39
4.00 3.41
4.00 3.33
4.50 3.22
4.50 3.29
4.50 3.31
4.50 3.24
4.50 3.26
4.50 3.22
4.50 3.24
4.50 3.29
4.50 3.31
4.50 3.26
5.00 3.14
5.00 2.88
5.00 3.64
5.00 3.54
5.00 5.00
5.00 3.09
5.00 5.00
5.00 3.19
5.00 2.96
5.00 3.45
5.00 2.80
5.00 3.18
5.00 2.79
5.00 3.00
5.00 5.00
5.00 2.79
5.00 3.05
5.00 3.16
5.00 2.92
5.00 2.83
5.00 2.81
5.00 2.80
5.00 3.06
5.00 2.96
5.00 2.79
5.00 3.24
5.00 2.79
5.00 3.14
5.00 2.81
5.00 3.08
0.00 1.44
0.00 1.59
0.00 1.04
0.00 1.17
0.00 1.04
0.00 1.17
0.00 1.59
0.00 1.30
0.00 1.44
0.00 1.30
0.50 1.59
0.50 1.90
0.50 1.45
0.50 2.05
0.50 1.74
0.50 2.05
0.50 1.70
0.50 1.98
0.50 1.42
0.50 1.84
0.50 1.84
0.50 1.98
0.50 1.56
0.50 1.74
0.50 1.90
0.50 1.59
1.00 2.50
1.00 2.67
1.00 2.50
1.00 2.95
1.00 2.14
1.00 2.76
1.00 2.38
1.00 2.56
1.00 2.95
1.00 2.21
1.00 2.14
1.00 2.76
1.00 2.31
1.00 2.85
1.00 2.67
1.00 2.56
1.50 3.61
1.50 3.37
1.50 3.41
1.50 3.26
1.50 3.82
1.50 3.15
1.50 3.50
1.50 3.37
1.50 3.05
1.50 3.15
1.50 3.87
1.50 3.50
1.50 3.05
1.50 3.61
1.50 3.32
1.50 3.82
2.00 3.78
2.00 3.67
2.00 3.04
2.00 3.64
2.00 3.25
2.00 3.17
2.00 3.17
2.00 2.98
2.00 3.64
2.00 2.98
2.00 3.74
2.00 3.10
2.00 3.04
2.00 3.10
2.00 3.74
2.00 3.70
2.50 3.57
2.50 2.83
2.50 2.93
2.50 3.62
2.50 2.75
2.50 3.55
2.50 3.57
2.50 3.53
2.50 2.93
2.50 2.79
2.50 3.55
2.50 3.62
2.50 2.88
2.50 2.75
2.50 2.83
2.50 2.79
3.00 3.49
3.00 2.62
3.00 2.65
3.00 3.47
3.00 2.59
3.00 2.71
3.00 2.71
3.00 3.51
3.00 3.49
3.00 2.59
3.00 3.45
3.00 3.51
3.00 3.43
3.00 2.62
3.00 2.68
3.00 3.47
3.50 3.41
3.50 2.51
3.50 3.39
3.50 3.37
3.50 3.32
3.50 3.39
3.50 2.52
3.50 3.35
3.50 2.49
3.50 3.41
3.50 2.51
3.50 2.54
3.50 2.52
3.50 3.35
3.50 2.49
3.50 2.56
4.00 2.46
4.00 3.21
4.00 2.48
4.00 3.26
4.00 3.30
4.00 2.48
4.00 2.45
4.00 2.45
4.00 2.45
4.00 2.44
4.00 2.44
4.00 2.45
4.00 3.21
4.00 3.28
4.00 3.24
4.00 3.26
4.50 3.12
4.50 2.44
4.50 3.14
4.50 2.44
4.50 2.44
4.50 3.09
4.50 2.44
4.50 3.19
4.50 2.44
4.50 3.16
4.50 2.44
4.50 3.19
4.50 3.14
4.50 2.44
4.50 2.44
4.50 2.44
5.00 5.00
5.00 3.30
5.00 5.00
5.00 2.97
5.00 3.18
5.00 5.00
5.00 5.00
5.00 2.82
5.00 3.53
5.00 3.75
5.00 2.48
5.00 2.50
5.00 2.86
5.00 5.00
5.00 3.93
5.00 2.77
5.00 2.77
5.00 3.34
5.00 5.00
5.00 2.73
5.00 5.00
5.00 5.00
5.00 3.99
5.00 2.57
5.00 3.09
5.00 2.88
5.00 3.22
5.00 2.90
5.00 2.47
5.00 3.26
5.00 5.00
5.00 2.72
5.00 3.39
5.00 4.58
5.00 3.48
5.00 5.00
5.00 3.58
5.00 3.05
5.00 2.85
5.00 2.60
5.00 5.00
5.00 2.83
5.00 5.00
5.00 2.73
5.00 5.00
5.00 3.11
5.00 5.00
5.00 2.67
0.00 1.11
0.00 1.20
0.00 1.30
0.00 1.07
0.00 1.18
0.00 1.02
0.00 1.32
0.00 0.84
0.00 5.00
0.00 1.30
0.00 1.20
0.00 0.84
0.00 1.32
0.00 0.95
0.00 1.02
0.00 1.18
0.50 1.73
0.50 1.74
0.50 1.74
0.50 1.79
0.50 1.79
0.50 1.76
1.00 1.83
1.00 1.86
1.00 1.81
1.00 1.81
1.00 1.86
1.00 1.91
1.50 2.09
1.50 2.01
1.50 1.98
1.50 2.05
1.50 1.95
1.50 2.01
2.00 2.21
2.00 2.12
2.00 2.25
2.00 2.30
2.00 2.21
2.00 2.16
2.50 2.50
2.50 2.44
2.50 2.34
2.50 2.50
2.50 2.44
2.50 2.34
3.00 2.61
3.00 2.79
3.00 2.79
3.00 2.86
3.00 2.73
3.00 2.73
3.50 3.00
3.50 3.07
3.50 3.14
3.50 3.21
3.50 2.93
3.50 3.14
4.00 3.24
4.00 3.45
4.00 3.24
4.00 3.28
4.00 3.34
4.00 3.15
4.50 2.88
4.50 2.83
4.50 2.94
4.50 3.00
4.50 3.07
4.50 3.07
5.00 5.00
5.00 5.00
5.00 5.00
5.00 5.00
5.00 1.47
5.00 5.00
5.00 5.00
5.00 5.00
5.00 5.00
5.00 5.00
5.00 5.00
5.00 5.00
5.00 4.09
5.00 5.00
5.00 4.13
5.00 5.00
5.00 5.00
5.00 5.00
0.00 1.73
0.00 1.73
0.00 1.73
0.00 1.46
0.00 1.73
0.00 1.73
0.50 1.81
0.50 2.14
0.50 1.97
0.50 1.97
0.50 2.32
0.50 1.65
0.50 2.14
0.50 2.32
1.00 2.95
1.00 3.42
1.00 3.42
1.00 3.17
1.00 2.95
1.00 3.17
1.00 2.74
1.00 2.74
1.50 4.00
1.50 3.88
1.50 3.67
1.50 3.77
1.50 4.00
1.50 3.88
1.50 3.67
1.50 3.77
2.00 3.42
2.00 3.28
2.00 3.35
2.00 3.58
2.00 3.42
2.00 3.50
2.00 3.28
2.00 3.35
2.50 3.01
2.50 3.06
2.50 3.11
2.50 3.16
2.50 3.06
2.50 3.16
2.50 3.11
2.50 3.01
3.00 2.89
3.00 2.97
3.00 2.82
3.00 2.86
3.00 2.97
3.00 2.82
3.00 2.86
3.00 2.89
3.50 2.69
3.50 2.79
3.50 2.76
3.50 2.71
3.50 2.74
3.50 2.76
3.50 2.71
3.50 2.69
4.00 2.65
4.00 2.63
4.00 2.60
4.00 2.65
4.00 2.67
4.00 2.63
4.00 2.62
4.00 2.62
4.50 2.57
4.50 2.57
4.50 2.56
4.50 2.59
4.50 2.58
4.50 2.56
4.50 2.58
4.50 2.56
5.00 5.00
5.00 5.00
5.00 2.58
5.00 5.00
5.00 2.57
5.00 2.71
5.00 2.56
5.00 2.69
5.00 2.69
5.00 5.00
5.00 5.00
5.00 5.00
5.00 2.69
5.00 2.75
5.00 2.75
5.00 2.65
5.00 5.00
5.00 2.55
5.00 2.64
5.00 2.75
5.00 2.64
5.00 5.00
5.00 5.00
5.00 2.74
0.00 0.99
0.00 1.37
0.00 1.12
0.00 1.50
0.00 0.99
0.00 1.12
0.00 1.24
0.00 1.37
0.50 1.86
0.50 2.02
0.50 1.70
0.50 1.56
0.50 1.42
1.00 2.71
1.00 2.92
1.00 2.18
1.00 2.52
1.00 2.35
1.50 3.57
1.50 3.82
1.50 3.82
1.50 3.57
1.50 4.09
2.00 4.09
2.00 4.11
2.00 4.09
2.00 4.11
2.00 4.13
2.50 4.17
2.50 4.15
2.50 4.24
2.50 4.15
2.50 4.19
3.00 4.33
3.00 4.33
3.00 4.31
3.00 4.29
3.00 4.29
5.00 1.98
5.00 5.00
5.00 5.00
5.00 2.81
5.00 2.62
5.00 3.85
5.00 5.00
5.00 5.00
5.00 2.86
5.00 2.24
5.00 2.92
5.00 4.85
5.00 5.00
5.00 5.00
5.00 5.00
0.00 1.29
0.00 1.18
0.00 1.29
0.00 0.97
0.00 1.07
3.50 4.57
3.50 4.52
3.50 4.42
3.50 4.62
3.50 4.47
4.00 4.68
4.00 4.91
4.00 4.73
4.00 4.85
4.00 4.79
4.50 5.00
4.50 5.00
4.50 5.00
4.50 4.97
4.50 5.00
0.50 1.24
0.50 1.13
0.50 1.75
0.50 1.59
0.50 2.08
0.50 1.13
0.50 1.92
0.50 2.26
0.50 1.22
0.50 1.13
0.50 1.24
0.50 1.13
0.50 1.22
0.50 2.26
0.50 1.13
1.00 2.65
1.00 3.09
1.00 3.33
1.00 1.51
1.00 1.42
1.00 2.45
1.00 2.65
1.00 1.74
1.00 1.51
1.00 1.61
1.00 2.87
1.00 1.61
1.00 1.42
1.00 2.87
1.00 1.32
1.50 2.00
1.50 4.14
1.50 4.14
1.50 1.87
1.50 3.58
1.50 4.12
1.50 4.16
1.50 2.29
1.50 3.86
1.50 2.00
1.50 2.43
1.50 2.29
1.50 3.58
1.50 1.87
1.50 2.14
2.00 3.08
2.00 4.10
2.00 4.10
2.00 3.25
2.00 3.08
2.00 4.12
2.00 4.12
2.00 2.90
2.00 4.11
2.00 2.58
2.00 4.11
2.00 2.90
2.00 2.58
2.00 3.93
2.00 3.25
2.50 3.44
2.50 4.14
2.50 4.17
2.50 3.63
2.50 3.96
2.50 4.14
2.50 4.06
2.50 4.20
2.50 4.16
2.50 4.06
2.50 3.83
2.50 3.44
2.50 4.20
2.50 3.63
2.50 4.17
3.00 4.15
3.00 4.10
3.00 4.27
3.00 4.10
3.00 4.13
3.00 4.15
3.00 4.23
3.00 4.35
3.00 4.17
3.00 4.13
3.00 4.31
3.00 4.17
3.00 4.40
3.00 4.08
3.00 4.27
3.50 4.22
3.50 4.55
3.50 4.61
3.50 4.55
3.50 4.26
3.50 4.45
3.50 4.24
3.50 4.26
3.50 4.61
3.50 4.45
3.50 4.20
3.50 4.20
3.50 4.24
3.50 4.68
3.50 4.68
4.00 4.97
4.00 4.75
4.00 4.31
4.00 4.89
4.00 4.31
4.00 4.75
4.00 4.97
4.00 4.29
4.00 4.31
4.00 4.82
4.00 4.34
4.00 4.89
4.00 5.00
4.00 5.00
4.00 4.37
5.00 5.00
5.00 5.00
5.00 5.00
5.00 5.00
5.00 5.00
5.00 5.00
5.00 5.00
5.00 5.00
5.00 5.00
5.00 5.00
5.00 5.00
5.00 5.00
5.00 4.37
5.00 5.00
5.00 5.00
5.00 5.00
5.00 5.00
5.00 5.00
5.00 5.00
5.00 5.00
5.00 5.00
5.00 5.00
5.00 2.71
5.00 5.00
5.00 4.27
5.00 4.50
5.00 5.00
5.00 1.13
5.00 5.00
5.00 5.00
5.00 5.00
5.00 4.54
5.00 5.00
5.00 5.00
5.00 5.00
5.00 5.00
5.00 4.61
5.00 5.00
5.00 4.89
5.00 5.00
5.00 5.00
5.00 4.26
5.00 5.00
5.00 4.65
5.00 3.35
0.00 1.46
0.00 1.46
0.00 1.05
0.00 1.68
0.00 1.30
0.00 1.44
0.00 0.92
0.00 0.92
0.00 1.05
0.00 2.04
0.00 1.30
0.00 2.71
0.00 2.71
0.00 1.17
0.00 1.33
4.50 5.00
4.50 5.00
4.50 4.50
4.50 5.00
4.50 5.00
4.50 4.43
4.50 5.00
4.50 4.48
4.50 4.40
4.50 5.00
4.50 4.45
4.50 5.00
4.50 5.00
4.50 5.00
4.50 5.00
0.50 2.65
0.50 1.17
0.50 1.38
0.50 2.01
0.50 1.33
0.50 1.82
0.50 2.42
0.50 2.65
0.50 1.28
0.50 2.42
0.50 1.23
0.50 1.82
0.50 1.56
0.50 1.62
0.50 2.21
0.50 1.50
0.50 2.01
0.50 1.69
0.50 2.21
0.50 1.44
1.00 1.86
1.00 2.26
1.00 2.12
1.00 2.92
1.00 1.81
1.00 3.42
1.00 1.99
1.00 3.21
1.00 3.52
1.00 3.21
1.00 2.06
1.00 2.26
1.00 2.12
1.00 4.24
1.00 3.32
1.00 1.99
1.00 1.74
1.00 2.36
1.00 2.92
1.00 3.85
1.50 3.18
1.50 3.27
1.50 4.83
1.50 4.67
1.50 2.55
1.50 5.00
1.50 2.41
1.50 3.12
1.50 3.19
1.50 4.93
1.50 2.65
1.50 3.23
1.50 2.69
1.50 2.82
1.50 2.85
1.50 3.01
1.50 3.01
1.50 2.85
1.50 2.50
1.50 2.99
2.00 4.51
2.00 3.23
2.00 3.02
2.00 3.18
2.00 4.67
2.00 3.06
2.00 4.74
2.00 3.09
2.00 3.30
2.00 3.20
2.00 3.10
2.00 4.61
2.00 4.55
2.00 3.00
2.00 3.03
2.00 3.10
2.00 3.14
2.00 3.01
2.00 3.26
2.00 3.02
2.50 2.93
2.50 3.41
2.50 4.47
2.50 2.96
2.50 3.50
2.50 3.33
2.50 2.98
2.50 4.42
2.50 2.90
2.50 2.87
2.50 2.96
2.50 2.96
2.50 4.41
2.50 4.40
2.50 2.99
2.50 4.44
2.50 2.96
2.50 3.45
2.50 2.87
2.50 2.97
3.00 2.96
3.00 4.41
3.00 2.84
3.00 2.84
3.00 4.44
3.00 3.54
3.00 2.76
3.00 3.75
3.00 2.77
3.00 3.59
3.00 2.82
3.00 4.46
3.00 3.00
3.00 4.40
3.00 3.64
3.00 2.98
3.00 2.76
3.00 2.80
3.00 2.97
3.00 2.80
3.50 2.69
3.50 2.74
3.50 4.07
3.50 2.70
3.50 2.70
3.50 4.00
3.50 3.09
3.50 3.81
3.50 2.72
3.50 4.49
3.50 2.67
3.50 2.67
3.50 3.87
3.50 2.72
3.50 4.65
3.50 4.60
3.50 3.04
3.50 2.69
3.50 3.02
3.50 2.74
4.00 4.21
4.00 4.45
4.00 4.29
4.00 2.64
4.00 2.65
4.00 4.14
4.00 4.37
4.00 2.63
4.00 2.65
4.00 3.19
4.00 2.64
4.00 4.82
4.00 4.70
4.00 2.63
4.00 3.23
4.00 3.27
4.00 2.63
4.00 2.66
4.00 2.66
4.00 2.63
4.50 2.62
4.50 2.62
4.50 2.62
4.50 2.61
4.50 2.62
4.50 4.63
4.50 3.03
4.50 3.36
4.50 4.63
4.50 2.45
4.50 4.92
4.50 4.72
4.50 2.80
4.50 2.62
4.50 2.61
4.50 4.72
4.50 4.92
4.50 2.61
4.50 4.82
4.50 4.82
5.00 5.00
5.00 2.00
5.00 5.00
5.00 5.00
5.00 1.89
5.00 2.08
5.00 5.00
5.00 5.00
5.00 2.36
5.00 5.00
5.00 5.00
5.00 4.33
5.00 2.65
5.00 5.00
5.00 5.00
5.00 5.00
5.00 2.55
5.00 5.00
5.00 5.00
5.00 4.67
5.00 5.00
5.00 5.00
5.00 5.00
5.00 5.00
5.00 5.00
5.00 5.00
5.00 5.00
5.00 5.00
5.00 5.00
5.00 5.00
5.00 5.00
5.00 5.00
5.00 5.00
5.00 5.00
5.00 4.20
5.00 5.00
5.00 5.00
5.00 2.30
5.00 5.00
5.00 5.00
5.00 5.00
5.00 2.62
5.00 5.00
5.00 5.00
5.00 5.00
5.00 3.48
5.00 5.00
5.00 5.00
5.00 5.00
5.00 5.00
5.00 4.20
5.00 5.00
5.00 5.00
5.00 4.15
5.00 5.00
5.00 5.00
5.00 5.00
5.00 5.00
5.00 5.00
5.00 1.98
0.00 0.82
0.00 1.13
0.00 1.05
0.00 1.18
0.00 1.64
0.00 0.82
0.00 1.47
0.00 1.32
0.00 1.47
0.00 0.75
0.00 1.02
0.00 1.64
0.00 0.83
0.00 0.91
0.00 1.09
0.00 0.83
0.00 0.72
0.00 1.05
0.00 0.72
0.00 1.00
0.50 1.45
0.50 2.36
0.50 1.65
0.50 1.88
0.50 2.15
0.50 2.36
0.50 1.33
0.50 1.99
0.50 1.57
0.50 1.23
0.50 2.11
0.50 2.15
0.50 1.14
0.50 2.11
0.50 1.76
0.50 1.33
0.50 1.96
0.50 2.59
0.50 1.65
0.50 2.84
0.50 1.76
0.50 2.59
0.50 1.45
0.50 1.88
0.50 1.23
1.00 2.40
1.00 4.08
1.00 2.03
1.00 4.08
1.00 4.48
1.00 2.78
1.00 3.41
1.00 2.25
1.00 3.13
1.00 3.13
1.00 3.41
1.00 2.40
1.00 2.11
1.00 2.58
1.00 1.83
1.00 3.00
1.00 2.10
1.00 1.96
1.00 4.48
1.00 1.98
1.00 2.22
1.00 3.72
1.00 3.72
1.00 3.00
1.00 2.78
1.50 4.80
1.50 3.47
1.50 3.07
1.50 3.47
1.50 4.68
1.50 4.68
1.50 4.47
1.50 3.24
1.50 3.73
1.50 4.94
1.50 2.17
1.50 2.56
1.50 4.47
1.50 4.94
1.50 2.33
1.50 4.57
1.50 2.48
1.50 4.57
1.50 4.01
1.50 3.73
1.50 2.73
1.50 3.24
1.50 4.01
1.50 4.31
1.50 2.25
2.00 4.14
2.00 3.65
2.00 4.31
2.00 3.25
2.00 4.68
2.00 3.65
2.00 3.45
2.00 4.68
2.00 3.25
2.00 4.65
2.00 4.64
2.00 4.14
2.00 4.64
2.00 4.65
2.00 4.66
2.00 3.65
2.00 4.18
2.00 3.65
2.00 4.38
2.00 4.64
2.00 4.18
2.00 4.64
2.00 4.38
2.00 3.45
2.00 4.24
2.50 3.66
2.50 3.66
2.50 4.09
2.50 4.09
2.50 4.85
2.50 3.66
2.50 3.61
2.50 4.01
2.50 4.73
2.50 4.73
2.50 4.03
2.50 4.70
2.50 3.68
2.50 3.99
2.50 3.69
2.50 3.99
2.50 3.63
2.50 4.06
2.50 4.85
2.50 4.06
2.50 4.70
2.50 4.01
2.50 3.67
2.50 4.80
2.50 4.03
3.00 4.90
3.00 5.00
3.00 3.97
3.00 3.56
3.00 5.00
3.00 3.97
3.00 3.72
3.00 3.70
3.00 5.00
3.00 3.74
3.00 3.98
3.00 3.54
3.00 3.58
3.00 3.75
3.00 4.95
3.00 4.95
3.00 3.59
3.00 3.97
3.00 3.97
3.00 3.71
3.00 5.00
3.00 3.53
3.00 3.97
3.00 3.98
3.00 3.82
3.50 4.01
3.50 4.02
3.50 5.00
3.50 5.00
3.50 3.80
3.50 3.87
3.50 3.99
3.50 5.00
3.50 5.00
3.50 3.99
3.50 3.78
3.50 4.04
3.50 3.76
3.50 3.77
3.50 3.49
3.50 5.00
3.50 3.79
3.50 3.52
3.50 3.87
3.50 4.02
3.50 3.48
3.50 3.50
3.50 3.51
3.50 4.04
3.50 4.01
4.00 4.06
4.00 3.47
4.00 4.12
4.00 3.48
4.00 5.00
4.00 4.14
4.00 5.00
4.00 3.47
4.00 4.09
4.00 5.00
4.00 4.14
4.00 5.00
4.00 3.82
4.00 4.12
4.00 4.09
4.00 3.82
4.00 4.06
4.00 3.48
4.00 3.81
4.00 3.82
4.00 4.17
4.00 3.47
4.00 5.00
4.00 3.81
4.00 4.17
4.50 4.34
4.50 3.82
4.50 5.00
4.50 3.82
4.50 4.21
4.50 4.27
4.50 4.24
4.50 3.82
4.50 5.00
4.50 4.24
4.50 5.00
4.50 5.00
4.50 3.48
4.50 4.31
4.50 3.48
4.50 3.82
4.50 3.47
4.50 3.49
4.50 4.31
4.50 4.34
4.50 4.27
4.50 5.00
4.50 3.81
4.50 4.21
4.50 3.49
5.00 4.44
5.00 5.00
5.00 5.00
5.00 5.00
5.00 4.09
5.00 3.51
5.00 5.00
5.00 3.33
5.00 5.00
5.00 3.68
5.00 5.00
5.00 5.00
5.00 5.00
5.00 5.00
5.00 3.64
5.00 5.00
5.00 4.66
5.00 5.00
5.00 4.10
5.00 4.92
5.00 5.00
5.00 5.00
5.00 4.10
5.00 5.00
5.00 5.00
5.00 5.00
5.00 5.00
5.00 5.00
5.00 3.41
5.00 5.00
5.00 3.41
5.00 5.00
5.00 5.00
5.00 3.41
5.00 5.00
5.00 5.00
5.00 5.00
5.00 4.51
5.00 5.00
5.00 5.00
5.00 4.10
5.00 5.00
5.00 4.42
5.00 5.00
5.00 5.00
5.00 3.41
5.00 5.00
5.00 5.00
5.00 5.00
5.00 5.00
5.00 5.00
5.00 5.00
5.00 5.00
5.00 5.00
5.00 5.00
5.00 3.21
5.00 5.00
5.00 5.00
5.00 5.00
5.00 5.00
5.00 5.00
5.00 5.00
5.00 5.00
5.00 3.88
5.00 5.00
5.00 4.09
5.00 5.00
5.00 5.00
5.00 5.00
5.00 5.00
5.00 5.00
5.00 5.00
5.00 5.00
5.00 5.00
5.00 4.25
0.00 1.14
0.00 1.25
0.00 1.15
0.00 0.85
0.00 1.45
0.00 0.85
0.00 1.35
0.00 1.04
0.00 1.43
0.00 1.59
0.00 1.14
0.00 1.28
0.00 0.94
0.00 1.55
0.00 0.85
0.00 1.45
0.00 1.35
0.00 0.94
0.00 1.15
0.00 1.59
0.00 1.25
0.00 0.85
0.00 1.28
0.00 1.43
0.00 0.79
0.50 1.62
0.50 1.98
0.50 1.82
0.50 1.44
0.50 1.44
0.50 1.57
0.50 1.84
0.50 1.62
0.50 1.72
0.50 1.82
0.50 1.70
0.50 1.43
0.50 1.72
0.50 1.57
1.00 2.84
1.00 2.13
1.00 2.42
1.00 2.25
1.00 2.46
1.00 2.25
1.00 2.46
1.00 1.93
1.00 1.93
1.00 2.64
1.00 2.42
1.00 2.13
1.00 2.64
1.00 2.29
1.50 2.99
1.50 2.60
1.50 2.79
1.50 3.05
1.50 3.49
1.50 3.99
1.50 3.26
1.50 2.60
1.50 3.21
1.50 3.73
1.50 3.73
1.50 2.79
1.50 3.21
1.50 3.45
2.00 3.72
2.00 4.28
2.00 4.27
2.00 4.67
2.00 4.01
2.00 4.32
2.00 4.65
2.00 3.72
2.00 4.26
2.00 4.01
2.00 4.26
2.00 4.27
2.00 4.28
2.00 4.65
2.50 4.66
2.50 4.33
2.50 4.67
2.50 4.32
2.50 4.68
2.50 4.70
2.50 4.30
2.50 4.66
2.50 4.34
2.50 4.33
2.50 4.72
2.50 4.34
2.50 4.34
2.50 4.68
3.00 4.41
3.00 4.74
3.00 4.74
3.00 4.39
3.00 4.86
3.00 4.34
3.00 4.77
3.00 4.80
3.00 4.34
3.00 4.83
3.00 4.86
3.00 4.36
3.00 4.77
3.00 4.34
5.00 0.42
5.00 5.00
5.00 3.58
5.00 0.52
5.00 3.52
5.00 3.60
5.00 3.95
5.00 5.00
5.00 0.53
5.00 4.45
5.00 0.54
5.00 4.15
5.00 0.35
5.00 3.58
5.00 5.00
5.00 5.00
5.00 0.56
5.00 3.55
5.00 2.14
5.00 3.76
5.00 2.13
5.00 5.00
5.00 0.59
5.00 0.43
5.00 5.00
5.00 4.34
5.00 2.31
5.00 0.37
5.00 3.60
5.00 0.58
5.00 2.53
5.00 0.40
5.00 0.31
5.00 4.09
5.00 0.58
5.00 3.53
5.00 3.28
5.00 0.59
5.00 0.44
5.00 4.64
5.00 0.47
5.00 5.00
0.00 1.31
0.00 0.94
0.00 0.17
0.00 0.13
0.00 0.19
0.00 0.15
0.00 1.24
0.00 0.13
0.00 0.17
0.00 1.63
0.00 1.24
0.00 1.63
0.00 1.31
0.00 1.24
3.50 4.49
3.50 5.00
3.50 4.51
3.50 4.47
3.50 4.43
3.50 5.00
3.50 4.97
3.50 4.79
3.50 4.45
3.50 4.84
3.50 4.84
3.50 4.84
3.50 4.90
3.50 4.94
4.00 4.56
4.00 4.59
4.00 5.00
4.00 5.00
4.00 5.00
4.00 4.58
4.00 4.80
4.00 5.00
4.00 4.55
4.00 5.00
4.00 4.53
4.00 0.29
4.00 0.27
4.00 0.28
4.50 0.29
4.50 0.28
4.50 0.27
4.50 5.00
4.50 5.00
4.50 5.00
4.50 4.64
4.50 4.62
4.50 0.29
4.50 4.63
4.50 0.28
4.50 0.28
4.50 0.27
4.50 0.28
0.50 1.26
0.50 1.36
0.50 1.55
0.50 1.45
1.00 1.84
1.00 1.93
1.00 1.74
1.00 2.03
1.50 2.14
1.50 2.27
1.50 2.14
1.50 2.15
2.00 2.55
2.00 2.85
2.00 2.40
2.00 2.88
2.50 2.78
2.50 2.79
2.50 2.83
2.50 2.81
5.00 2.20
5.00 4.61
5.00 2.29
5.00 2.04
5.00 2.07
5.00 2.10
5.00 2.52
5.00 4.43
5.00 2.21
5.00 2.30
5.00 1.96
5.00 5.00
0.00 1.16
0.00 1.07
0.00 1.27
0.00 1.07
0.50 2.01
0.50 2.35
0.50 2.56
0.50 2.01
0.50 2.16
0.50 1.81
0.50 2.56
0.50 2.35
0.50 2.41
0.50 1.98
0.50 1.80
0.50 1.80
0.50 2.64
0.50 2.20
0.50 2.64
1.00 4.13
1.00 3.31
1.00 3.31
1.00 3.46
1.00 3.90
1.00 4.13
1.00 3.18
1.00 3.18
1.00 3.77
1.00 3.77
1.00 2.89
1.00 3.59
1.00 2.80
1.00 3.06
1.00 3.46
1.50 4.41
1.50 4.68
1.50 4.32
1.50 4.32
1.50 4.99
1.50 4.87
1.50 4.53
1.50 4.68
1.50 4.53
1.50 4.77
1.50 4.52
1.50 4.99
1.50 4.64
1.50 4.87
1.50 4.64
2.00 4.49
2.00 4.08
2.00 4.40
2.00 4.23
2.00 4.15
2.00 4.44
2.00 4.40
2.00 4.61
2.00 4.23
2.00 4.61
2.00 4.15
2.00 4.54
2.00 4.01
2.00 4.49
2.00 3.95
2.50 3.81
2.50 3.73
2.50 3.85
2.50 3.73
2.50 4.35
2.50 4.37
2.50 3.81
2.50 3.90
2.50 3.77
2.50 4.35
2.50 3.85
2.50 4.33
2.50 4.37
2.50 4.32
2.50 4.31
3.00 3.61
3.00 4.32
3.00 4.36
3.00 3.64
3.00 3.58
3.00 3.67
3.00 3.61
3.00 4.33
3.00 4.32
3.00 4.31
3.00 4.35
3.00 3.58
3.00 3.70
3.00 4.31
3.00 4.33
3.50 3.56
3.50 3.46
3.50 3.49
3.50 3.53
3.50 4.44
3.50 4.47
3.50 4.41
3.50 4.41
3.50 3.51
3.50 3.53
3.50 3.46
3.50 4.39
3.50 3.49
3.50 3.56
3.50 4.51
4.00 3.44
4.00 3.44
4.00 3.40
4.00 4.59
4.00 4.63
4.00 4.67
4.00 4.72
4.00 4.59
4.00 3.40
4.00 3.37
4.00 4.55
4.00 4.55
4.00 4.72
4.00 4.67
4.00 4.63
4.50 4.97
4.50 4.82
4.50 3.33
4.50 4.77
4.50 4.82
4.50 3.25
4.50 3.23
4.50 3.28
4.50 4.87
4.50 3.30
4.50 4.92
4.50 4.92
4.50 4.77
4.50 4.87
4.50 4.97
5.00 2.89
5.00 2.32
5.00 3.79
5.00 3.62
5.00 1.93
5.00 2.41
5.00 3.38
5.00 2.81
5.00 2.42
5.00 5.00
5.00 5.00
5.00 2.13
5.00 5.00
5.00 3.22
5.00 5.00
5.00 1.89
5.00 1.98
5.00 5.00
5.00 5.00
5.00 5.00
5.00 5.00
5.00 5.00
5.00 5.00
5.00 2.00
5.00 5.00
5.00 5.00
5.00 2.12
5.00 2.24
5.00 1.83
5.00 5.00
5.00 5.00
5.00 5.00
5.00 5.00
5.00 5.00
5.00 5.00
5.00 2.65
5.00 5.00
5.00 5.00
5.00 2.75
5.00 2.11
5.00 5.00
5.00 5.00
5.00 5.00
5.00 2.31
5.00 2.45
0.00 1.64
0.00 1.47
0.00 1.34
0.00 1.48
0.00 1.48
0.00 1.04
0.00 1.63
0.00 1.47
0.00 1.32
0.00 1.34
0.00 1.04
0.00 1.20
0.00 1.08
0.00 1.18
0.00 1.64
0.50 4.61
0.50 4.54
0.50 4.59
0.50 5.00
0.50 4.46
0.50 5.00
0.50 4.69
0.50 4.91
0.50 5.00
1.00 4.29
1.00 4.29
1.00 3.53
1.00 4.01
1.00 3.76
1.00 3.53
1.00 4.01
1.00 3.76
1.00 3.33
1.50 3.15
1.50 2.88
1.50 2.68
1.50 3.01
1.50 2.68
1.50 2.88
1.50 2.77
1.50 3.15
1.50 3.01
2.00 2.35
2.00 2.46
2.00 2.46
2.00 2.52
2.00 2.52
2.00 2.40
2.00 2.40
2.00 2.35
2.00 2.59
2.50 2.22
2.50 2.24
2.50 2.25
2.50 2.31
2.50 2.22
2.50 2.31
2.50 2.25
2.50 2.28
2.50 2.28
3.00 2.22
3.00 2.21
3.00 2.21
3.00 2.23
3.00 2.23
3.00 2.21
3.00 2.21
3.00 2.21
3.00 2.22
3.50 2.31
3.50 2.29
3.50 2.25
3.50 2.31
3.50 2.34
3.50 2.27
3.50 2.27
3.50 2.29
3.50 2.34
4.00 2.45
4.00 2.48
4.00 2.48
4.00 2.37
4.00 2.41
4.00 2.37
4.00 2.52
4.00 2.52
4.00 2.45
4.50 2.61
4.50 2.73
4.50 2.65
4.50 2.69
4.50 2.61
4.50 2.56
4.50 2.69
4.50 2.73
4.50 2.56
5.00 1.92
5.00 1.78
5.00 5.00
5.00 5.00
5.00 2.87
5.00 5.00
5.00 1.76
5.00 2.04
5.00 1.58
5.00 2.76
5.00 2.63
5.00 1.69
5.00 5.00
5.00 2.77
5.00 5.00
5.00 5.00
5.00 2.34
5.00 5.00
5.00 1.79
5.00 5.00
5.00 5.00
5.00 1.83
5.00 5.00
5.00 5.00
5.00 5.00
5.00 5.00
5.00 5.00
0.00 4.93
0.00 4.85
0.00 5.00
0.00 5.00
0.00 3.42
0.00 5.00
0.00 5.00
0.00 5.00
0.00 5.00
0.50 2.19
0.50 1.54
0.50 1.69
0.50 2.02
0.50 1.85
0.50 1.69
0.50 2.02
0.50 2.19
0.50 1.85
0.50 1.54
1.00 3.22
1.00 2.37
1.00 3.00
1.00 3.00
1.00 2.37
1.00 3.22
1.00 2.56
1.00 2.77
1.00 2.77
1.00 2.56
1.50 4.02
1.50 3.73
1.50 3.47
1.50 3.73
1.50 4.34
1.50 4.02
1.50 4.32
1.50 4.34
1.50 3.47
1.50 4.32
2.00 4.30
2.00 4.31
2.00 4.30
2.00 4.30
2.00 4.31
2.00 4.31
2.00 4.30
2.00 4.32
2.00 4.32
2.00 4.31
2.50 4.33
2.50 4.33
2.50 4.40
2.50 4.35
2.50 4.37
2.50 4.37
2.50 4.43
2.50 4.35
2.50 4.40
2.50 4.43
3.00 4.46
3.00 4.49
3.00 4.61
3.00 4.49
3.00 4.53
3.00 4.57
3.00 4.61
3.00 4.57
3.00 4.53
3.00 4.46
3.50 4.80
3.50 4.65
3.50 4.30
3.50 4.65
3.50 4.80
3.50 4.69
3.50 4.20
3.50 4.69
3.50 4.20
3.50 4.30
4.00 4.40
4.00 4.40
4.00 4.54
4.00 4.91
4.00 5.00
4.00 5.00
4.00 4.54
4.00 4.91
4.00 5.00
4.00 5.00
4.50 5.00
4.50 5.00
4.50 5.00
4.50 5.00
4.50 5.00
4.50 5.00
4.50 5.00
4.50 5.00
4.50 5.00
4.50 5.00
5.00 5.00
5.00 5.00
5.00 5.00
5.00 5.00
5.00 5.00
5.00 4.48
5.00 5.00
5.00 5.00
5.00 4.47
5.00 5.00
5.00 5.00
5.00 5.00
5.00 5.00
5.00 5.00
5.00 5.00
5.00 5.00
5.00 5.00
5.00 5.00
5.00 5.00
5.00 5.00
5.00 5.00
5.00 5.00
5.00 5.00
5.00 5.00
5.00 4.32
5.00 5.00
5.00 5.00
5.00 5.00
5.00 5.00
5.00 5.00
0.00 1.17
0.00 1.07
0.00 1.40
0.00 1.27
0.00 0.97
0.00 1.40
0.00 0.97
0.00 1.07
0.00 1.27
0.00 1.17
0.50 2.14
0.50 1.98
0.50 1.64
0.50 1.50
0.50 1.67
0.50 1.96
0.50 1.98
0.50 2.14
0.50 1.50
0.50 1.64
0.50 2.11
0.50 1.79
0.50 1.96
0.50 2.11
0.50 1.79
1.00 2.52
1.00 2.86
1.00 2.28
1.00 2.94
1.00 2.46
1.00 3.06
1.00 3.16
1.00 2.28
1.00 2.52
1.00 2.74
1.00 2.74
1.00 2.32
1.00 2.32
1.00 2.94
1.00 2.65
3.50 2.87
3.50 2.78
3.50 2.78
3.50 3.94
3.50 2.75
3.50 3.94
3.50 2.75
3.50 3.92
3.50 3.94
3.50 2.80
3.50 3.93
3.50 3.94
3.50 2.80
3.50 3.93
3.50 2.83
4.00 3.95
4.00 2.70
4.00 2.72
4.00 3.95
4.00 3.95
4.00 2.64
4.00 2.64
4.00 2.66
4.00 3.95
4.00 2.70
4.00 3.95
4.00 3.95
4.00 3.95
4.00 2.66
4.00 2.68
4.50 2.60
4.50 2.57
4.50 2.57
4.50 2.62
4.50 2.58
4.50 3.93
4.50 3.93
4.50 3.94
4.50 2.56
4.50 2.60
4.50 3.94
4.50 2.62
4.50 3.93
4.50 2.56
4.50 3.94
5.00 2.52
5.00 2.33
5.00 2.51
5.00 2.22
5.00 2.64
5.00 3.27
5.00 2.25
5.00 5.00
5.00 5.00
5.00 2.70
5.00 5.00
5.00 2.78
5.00 2.49
5.00 5.00
5.00 2.68
5.00 2.91
5.00 2.64
5.00 5.00
5.00 2.51
5.00 5.00
5.00 5.00
5.00 2.61
5.00 2.71
5.00 2.13
5.00 5.00
5.00 3.30
5.00 5.00
5.00 2.71
5.00 5.00
5.00 5.00
5.00 3.83
5.00 5.00
5.00 2.54
5.00 5.00
5.00 2.67
5.00 5.00
5.00 5.00
5.00 5.00
5.00 3.95
5.00 2.65
5.00 2.52
5.00 5.00
5.00 2.71
5.00 5.00
5.00 5.00
0.00 0.95
0.00 1.01
0.00 1.01
0.00 1.36
0.00 1.14
0.00 1.14
0.00 1.26
0.00 0.89
0.00 1.24
0.00 1.14
0.00 1.24
0.00 1.14
0.00 0.95
0.00 1.38
0.00 1.26
1.50 3.51
1.50 3.40
1.50 3.85
1.50 3.96
1.50 3.96
1.50 3.75
1.50 4.00
1.50 4.03
1.50 3.40
1.50 3.28
1.50 3.75
1.50 3.66
1.50 3.66
1.50 3.85
1.50 3.76
2.00 3.58
2.00 3.92
2.00 3.97
2.00 3.43
2.00 3.66
2.00 3.50
2.00 3.66
2.00 3.43
2.00 3.95
2.00 3.91
2.00 3.37
2.00 3.94
2.00 3.50
2.00 3.58
2.00 3.37
2.50 3.30
2.50 3.30
2.50 3.19
2.50 3.25
2.50 3.90
2.50 3.14
2.50 3.90
2.50 3.25
2.50 3.10
2.50 3.90
2.50 3.14
2.50 3.90
2.50 3.10
2.50 3.19
2.50 3.90
3.00 2.97
3.00 3.91
3.00 3.90
3.00 3.90
3.00 3.05
3.00 2.90
3.00 3.01
3.00 3.01
3.00 3.05
3.00 3.91
3.00 2.97
3.00 2.94
3.00 3.90
3.00 2.94
3.00 2.90
0.50 1.65
0.50 1.55
0.50 1.88
0.50 1.45
0.50 1.77
0.50 1.88
0.50 1.77
0.50 1.45
0.50 1.55
0.50 1.65
1.00 2.00
1.00 2.24
1.00 2.12
1.00 2.41
1.00 2.12
1.00 2.24
1.00 2.00
1.00 2.59
1.00 2.59
1.00 2.41
1.50 2.79
1.50 3.68
1.50 3.44
1.50 3.44
1.50 2.79
1.50 2.99
1.50 2.99
1.50 3.22
1.50 3.68
1.50 3.22
2.00 3.94
2.00 4.40
2.00 3.94
2.00 4.22
2.00 4.52
2.00 4.53
2.00 4.52
2.00 4.22
2.00 4.40
2.00 4.53
2.50 4.56
2.50 4.64
2.50 4.53
2.50 4.56
2.50 4.36
2.50 4.64
2.50 4.53
2.50 4.61
2.50 4.36
2.50 4.61
3.00 4.66
3.00 4.70
3.00 4.77
3.00 4.77
3.00 4.66
3.00 4.70
3.00 4.73
3.00 4.73
3.00 4.81
3.00 4.81
3.50 4.86
3.50 5.00
3.50 5.00
3.50 4.94
3.50 4.99
3.50 4.90
3.50 4.86
3.50 4.90
3.50 4.99
3.50 4.94
4.00 5.00
4.00 5.00
4.00 5.00
4.00 5.00
4.00 5.00
4.00 5.00
4.00 5.00
4.00 5.00
4.00 5.00
4.00 5.00
4.50 5.00
4.50 5.00
4.50 5.00
4.50 5.00
4.50 5.00
4.50 5.00
4.50 5.00
4.50 5.00
4.50 5.00
4.50 5.00
5.00 5.00
5.00 5.00
5.00 5.00
5.00 5.00
5.00 5.00
5.00 5.00
5.00 5.00
5.00 5.00
5.00 5.00
5.00 5.00
5.00 5.00
5.00 5.00
5.00 5.00
5.00 4.84
5.00 5.00
5.00 5.00
5.00 5.00
5.00 5.00
5.00 4.64
5.00 5.00
5.00 5.00
5.00 4.62
5.00 5.00
5.00 5.00
5.00 5.00
5.00 5.00
5.00 5.00
5.00 5.00
5.00 4.69
5.00 5.00
0.00 1.25
0.00 1.15
0.00 1.15
0.00 1.35
0.00 1.20
0.00 1.35
0.00 1.20
0.00 1.25
0.00 1.15
0.00 1.15
0.50 2.18
0.50 2.37
0.50 1.39
0.50 1.18
0.50 1.66
0.50 1.66
0.50 1.85
0.50 1.18
0.50 1.68
0.50 2.37
0.50 2.18
0.50 1.52
0.50 1.68
0.50 2.01
0.50 2.01
1.00 3.01
1.00 3.01
1.00 3.50
1.00 2.43
1.00 1.96
1.00 2.12
1.00 1.80
1.00 1.96
1.00 3.24
1.00 2.57
1.00 3.24
1.00 2.80
1.00 2.27
1.00 3.50
1.00 2.57
3.00 3.02
3.00 3.15
3.00 3.12
3.00 3.08
3.00 3.12
3.00 4.46
3.00 3.15
3.00 4.36
3.00 3.08
3.00 3.02
3.00 4.32
3.00 3.05
3.00 4.41
3.00 4.51
3.00 3.05
3.50 2.93
3.50 2.99
3.50 4.57
3.50 2.88
3.50 2.88
3.50 4.82
3.50 4.82
3.50 4.75
3.50 2.93
3.50 4.69
3.50 4.75
3.50 4.57
3.50 2.96
3.50 2.90
3.50 2.90
4.00 2.86
4.00 5.00
4.00 2.86
4.00 5.00
4.00 2.77
4.00 4.95
4.00 4.88
4.00 4.95
4.00 2.77
4.00 4.88
4.00 5.00
4.00 5.00
4.00 5.00
4.00 2.81
4.00 2.83
4.50 2.72
4.50 2.69
4.50 5.00
4.50 2.74
4.50 5.00
4.50 2.71
4.50 2.74
4.50 2.75
4.50 5.00
4.50 5.00
4.50 5.00
4.50 5.00
4.50 2.69
4.50 2.71
4.50 5.00
5.00 2.28
5.00 2.16
5.00 5.00
5.00 2.63
5.00 2.17
5.00 5.00
5.00 2.19
5.00 5.00
5.00 2.22
5.00 5.00
5.00 2.06
5.00 2.74
5.00 5.00
5.00 4.18
5.00 2.65
5.00 5.00
5.00 5.00
5.00 5.00
5.00 3.18
5.00 5.00
5.00 2.20
5.00 3.36
5.00 5.00
5.00 2.72
5.00 3.32
5.00 2.73
5.00 5.00
5.00 2.73
5.00 2.67
5.00 5.00
5.00 2.29
5.00 5.00
5.00 2.28
5.00 3.75
5.00 5.00
5.00 2.39
5.00 2.28
5.00 2.33
5.00 5.00
5.00 2.68
5.00 5.00
5.00 5.00
5.00 5.00
5.00 5.00
5.00 2.19
0.00 1.38
0.00 0.88
0.00 1.53
0.00 1.08
0.00 0.98
0.00 0.88
0.00 1.25
0.00 0.86
0.00 1.53
0.00 1.38
0.00 1.00
0.00 1.12
0.00 1.08
0.00 1.12
0.00 0.88
1.50 3.79
1.50 3.78
1.50 2.79
1.50 3.79
1.50 3.99
1.50 3.89
1.50 3.18
1.50 3.89
1.50 3.99
1.50 2.98
1.50 4.09
1.50 3.39
1.50 3.78
1.50 4.09
1.50 2.60
2.00 4.13
2.00 3.44
2.00 3.50
2.00 3.71
2.00 4.09
2.00 3.44
2.00 3.71
2.00 4.11
2.00 3.64
2.00 3.56
2.00 3.64
2.00 3.61
2.00 3.56
2.00 3.84
2.00 3.50
2.50 3.19
2.50 3.23
2.50 4.27
2.50 3.19
2.50 3.28
2.50 4.18
2.50 3.33
2.50 3.33
2.50 4.15
2.50 4.24
2.50 3.38
2.50 3.28
2.50 3.23
2.50 3.38
2.50 4.20
0.50 1.36
0.50 1.27
0.50 1.43
0.50 1.49
0.50 1.19
0.50 1.40
0.50 1.40
0.50 1.78
0.50 1.81
0.50 1.20
0.50 1.62
0.50 1.53
0.50 1.32
0.50 1.81
0.50 1.28
0.50 1.62
0.50 1.96
0.50 1.47
0.50 1.38
0.50 1.38
0.50 1.58
0.50 1.11
0.50 1.49
0.50 1.11
0.50 1.11
0.50 1.36
0.50 1.27
0.50 1.67
0.50 1.11
0.50 1.47
0.50 1.11
0.50 1.66
0.50 1.67
0.50 1.58
0.50 1.28
0.50 1.96
0.50 1.25
0.50 1.25
0.50 1.11
0.50 1.19
0.50 1.53
0.50 1.20
0.50 1.74
0.50 1.54
0.50 1.74
1.00 2.51
1.00 2.44
1.00 1.29
1.00 2.44
1.00 1.82
1.00 2.28
1.00 1.94
1.00 2.12
1.00 1.57
1.00 2.28
1.00 2.44
1.00 2.21
1.00 2.28
1.00 2.08
1.00 1.69
1.00 1.82
1.00 2.82
1.00 1.38
1.00 1.87
1.00 1.70
1.00 2.82
1.00 2.04
1.00 1.38
1.00 2.44
1.00 1.87
1.00 2.19
1.00 2.62
1.00 2.08
1.00 2.62
1.00 1.29
1.00 2.13
1.00 2.34
1.00 2.12
1.00 1.99
1.00 2.21
1.00 2.19
1.00 1.70
1.00 1.94
1.00 2.28
1.00 1.90
1.00 1.99
1.00 2.51
1.00 2.34
1.00 2.04
1.00 1.48
1.50 3.04
1.50 2.84
1.50 2.36
1.50 1.94
1.50 2.86
1.50 2.69
1.50 3.68
1.50 3.02
1.50 2.34
1.50 3.08
1.50 2.69
1.50 2.52
1.50 3.68
1.50 3.27
1.50 3.02
1.50 3.45
1.50 3.23
1.50 2.21
1.50 3.93
1.50 2.90
1.50 3.27
1.50 2.86
1.50 3.04
1.50 3.45
1.50 3.23
1.50 2.58
1.50 3.24
1.50 3.93
1.50 2.58
1.50 2.69
1.50 2.36
1.50 3.08
1.50 2.84
1.50 3.01
1.50 2.90
1.50 1.81
1.50 2.52
1.50 2.07
1.50 2.69
1.50 3.24
1.50 3.45
1.50 3.01
1.50 2.74
1.50 2.74
1.50 3.45
2.00 3.62
2.00 2.95
2.00 2.63
2.00 3.13
2.00 3.62
2.00 3.52
2.00 3.50
2.00 4.26
2.00 3.01
2.00 3.38
2.00 3.52
2.00 3.67
2.00 4.20
2.00 4.22
2.00 3.13
2.00 4.26
2.00 3.20
2.00 2.78
2.00 3.52
2.00 4.24
2.00 2.48
2.00 2.94
2.00 3.38
2.00 3.54
2.00 4.20
2.00 3.07
2.00 4.22
2.00 4.24
2.00 3.54
2.00 3.67
2.00 3.58
2.00 3.01
2.00 3.20
2.00 4.21
2.00 3.50
2.00 2.95
2.00 3.19
2.00 3.58
2.00 3.19
2.00 4.21
2.00 3.07
2.00 3.58
2.00 3.53
2.00 3.56
2.00 3.10
2.50 3.51
2.50 3.46
2.50 2.85
2.50 2.72
2.50 3.42
2.50 3.42
2.50 3.33
2.50 4.30
2.50 3.83
2.50 2.76
2.50 3.84
2.50 4.39
2.50 3.49
2.50 4.28
2.50 4.39
2.50 3.46
2.50 2.85
2.50 2.72
2.50 2.90
2.50 4.36
2.50 4.36
2.50 3.44
2.50 3.45
2.50 3.46
2.50 3.47
2.50 3.36
2.50 3.49
2.50 2.76
2.50 4.33
2.50 3.46
2.50 3.39
2.50 3.36
2.50 3.33
2.50 3.44
2.50 4.33
2.50 2.80
2.50 3.47
2.50 3.51
2.50 3.39
2.50 3.63
2.50 3.27
2.50 4.28
2.50 2.80
2.50 2.90
2.50 4.30
3.00 2.68
3.00 4.52
3.00 3.30
3.00 3.88
3.00 3.41
3.00 3.37
3.00 4.55
3.00 3.92
3.00 3.21
3.00 3.30
3.00 3.18
3.00 2.68
3.00 3.43
3.00 3.37
3.00 3.94
3.00 4.49
3.00 2.53
3.00 3.41
3.00 3.92
3.00 3.18
3.00 3.94
3.00 4.55
3.00 2.60
3.00 4.42
3.00 4.45
3.00 4.49
3.00 2.53
3.00 3.86
3.00 3.21
3.00 2.56
3.00 3.39
3.00 4.52
3.00 4.42
3.00 3.40
3.00 2.60
3.00 3.24
3.00 3.24
3.00 3.43
3.00 3.27
3.00 2.64
3.00 3.90
3.00 3.39
3.00 4.45
3.00 2.56
3.00 3.40
3.50 3.33
3.50 4.58
3.50 3.10
3.50 3.34
3.50 2.46
3.50 4.68
3.50 3.96
3.50 2.36
3.50 3.98
3.50 3.08
3.50 2.43
3.50 4.00
3.50 4.61
3.50 3.33
3.50 4.02
3.50 4.04
3.50 3.05
3.50 4.02
3.50 3.35
3.50 3.10
3.50 3.34
3.50 3.98
3.50 3.34
3.50 4.58
3.50 2.36
3.50 3.36
3.50 4.61
3.50 3.13
3.50 3.05
3.50 3.16
3.50 4.64
3.50 3.34
3.50 2.49
3.50 2.49
3.50 3.35
3.50 4.66
3.50 4.68
3.50 3.08
3.50 3.16
3.50 4.00
3.50 4.04
3.50 2.46
3.50 4.64
3.50 2.43
3.50 3.96
4.00 4.72
4.00 3.31
4.00 2.22
4.00 4.08
4.00 2.98
4.00 4.06
4.00 2.28
4.00 2.93
4.00 2.31
4.00 3.32
4.00 4.10
4.00 2.93
4.00 2.98
4.00 2.33
4.00 4.14
4.00 3.31
4.00 3.00
4.00 4.81
4.00 4.10
4.00 2.25
4.00 3.00
4.00 2.25
4.00 3.32
4.00 2.22
4.00 2.95
4.00 3.32
4.00 3.31
4.00 3.32
4.00 2.28
4.00 2.31
4.00 4.77
4.00 4.90
4.00 3.03
4.00 4.06
4.00 4.12
4.00 4.14
4.00 3.03
4.00 4.85
4.00 2.95
4.00 3.31
4.00 4.12
4.00 2.33
4.00 4.08
4.00 3.31
4.00 3.31
4.50 3.32
4.50 4.24
4.50 2.88
4.50 3.32
4.50 2.17
4.50 2.84
4.50 3.31
4.50 2.90
4.50 3.31
4.50 3.31
4.50 4.18
4.50 2.90
4.50 4.16
4.50 3.32
4.50 3.33
4.50 4.93
4.50 4.16
4.50 2.17
4.50 2.88
4.50 4.22
4.50 4.93
4.50 2.64
4.50 2.15
4.50 2.84
4.50 3.33
4.50 2.20
4.50 2.20
4.50 2.86
4.50 2.82
4.50 4.24
4.50 2.11
4.50 2.11
4.50 4.20
4.50 3.32
4.50 2.15
4.50 4.45
4.50 2.82
4.50 3.31
4.50 4.22
4.50 4.97
4.50 2.13
4.50 4.18
4.50 2.13
4.50 2.86
4.50 4.20
5.00 5.00
5.00 5.00
5.00 0.94
5.00 0.96
5.00 5.00
5.00 5.00
5.00 5.00
5.00 5.00
5.00 1.54
5.00 5.00
5.00 4.26
5.00 5.00
5.00 2.32
5.00 1.28
5.00 5.00
5.00 5.00
5.00 5.00
5.00 5.00
5.00 2.41
5.00 5.00
5.00 5.00
5.00 5.00
5.00 2.73
5.00 2.89
5.00 5.00
5.00 5.00
5.00 5.00
5.00 5.00
5.00 5.00
5.00 1.47
5.00 5.00
5.00 5.00
5.00 5.00
5.00 5.00
5.00 5.00
5.00 5.00
5.00 5.00
5.00 5.00
5.00 5.00
5.00 5.00
5.00 5.00
5.00 5.00
5.00 1.83
5.00 3.28
5.00 5.00
5.00 5.00
5.00 5.00
5.00 5.00
5.00 0.84
5.00 5.00
5.00 5.00
5.00 5.00
5.00 5.00
5.00 2.74
5.00 3.10
5.00 4.27
5.00 5.00
5.00 2.19
5.00 5.00
5.00 5.00
5.00 5.00
5.00 5.00
5.00 5.00
5.00 5.00
5.00 5.00
5.00 5.00
5.00 5.00
5.00 5.00
5.00 5.00
5.00 5.00
5.00 1.55
5.00 5.00
5.00 5.00
5.00 5.00
5.00 5.00
5.00 5.00
5.00 5.00
5.00 1.82
5.00 5.00
5.00 5.00
5.00 5.00
5.00 5.00
5.00 0.92
5.00 5.00
5.00 2.26
5.00 5.00
5.00 5.00
5.00 2.74
5.00 2.58
5.00 2.71
5.00 5.00
5.00 2.49
5.00 5.00
5.00 3.31
5.00 2.83
5.00 5.00
5.00 5.00
5.00 5.00
5.00 5.00
5.00 5.00
5.00 5.00
5.00 5.00
5.00 5.00
5.00 5.00
5.00 5.00
5.00 3.34
5.00 5.00
5.00 5.00
5.00 1.80
5.00 5.00
5.00 5.00
5.00 5.00
5.00 5.00
5.00 5.00
5.00 2.75
5.00 2.74
5.00 5.00
5.00 5.00
5.00 5.00
5.00 5.00
5.00 1.71
5.00 5.00
5.00 5.00
5.00 3.36
5.00 5.00
5.00 5.00
5.00 5.00
5.00 3.43
5.00 5.00
5.00 5.00
5.00 5.00
5.00 5.00
5.00 3.41
5.00 5.00
5.00 5.00
0.00 1.00
0.00 0.91
0.00 1.70
0.00 1.11
0.00 0.87
0.00 2.07
0.00 1.48
0.00 2.07
0.00 1.10
0.00 2.76
0.00 1.20
0.00 0.90
0.00 0.95
0.00 1.02
0.00 1.30
0.00 0.95
0.00 1.07
0.00 1.30
0.00 1.16
0.00 1.02
0.00 0.90
0.00 1.02
0.00 0.91
0.00 1.11
0.00 1.07
0.00 1.10
0.00 1.70
0.00 0.95
0.00 0.99
0.00 0.87
0.00 1.24
0.00 1.02
0.00 1.17
0.00 1.10
0.00 1.10
0.00 0.94
0.00 1.48
0.00 0.94
0.00 1.17
0.00 1.34
0.00 0.94
0.00 1.20
0.00 1.16
0.00 1.00
0.00 1.24
0.50 1.94
0.50 1.82
0.50 2.08
0.50 1.79
0.50 1.53
0.50 1.79
0.50 1.95
0.50 1.96
0.50 1.53
0.50 1.66
0.50 2.10
0.50 2.10
0.50 1.96
0.50 1.50
0.50 1.77
0.50 2.14
0.50 1.40
0.50 1.92
0.50 1.66
0.50 1.51
0.50 1.97
0.50 1.63
0.50 1.67
0.50 2.08
0.50 2.08
0.50 1.53
0.50 1.50
0.50 1.77
0.50 1.92
0.50 1.80
0.50 1.97
0.50 2.10
0.50 1.38
0.50 1.63
0.50 1.95
0.50 1.40
0.50 1.80
0.50 1.80
0.50 2.32
0.50 1.67
0.50 1.82
0.50 1.53
0.50 1.63
0.50 1.65
0.50 1.63
1.00 3.05
1.00 2.63
1.00 2.74
1.00 2.81
1.00 2.63
1.00 2.27
1.00 2.63
1.00 2.26
1.00 2.52
1.00 2.10
1.00 2.85
1.00 2.13
1.00 2.11
1.00 2.17
1.00 2.25
1.00 2.42
1.00 3.47
1.00 2.45
1.00 2.61
1.00 2.64
1.00 3.03
1.00 2.42
1.00 3.21
1.00 2.83
1.00 2.44
1.00 2.26
1.00 3.05
1.00 2.27
1.00 2.45
1.00 2.98
1.00 2.85
1.00 2.61
1.00 2.81
1.00 2.81
1.00 2.24
1.00 2.11
1.00 2.21
1.00 2.10
1.00 2.64
1.00 2.44
1.00 3.03
1.00 2.63
1.00 2.26
1.00 2.83
1.00 2.44
1.50 4.06
1.50 3.75
1.50 3.63
1.50 3.22
1.50 4.06
1.50 3.44
1.50 4.40
1.50 4.36
1.50 2.40
1.50 3.44
1.50 4.38
1.50 3.27
1.50 3.75
1.50 3.99
1.50 3.70
1.50 2.46
1.50 3.63
1.50 3.21
1.50 3.36
1.50 3.75
1.50 3.22
1.50 3.99
1.50 3.67
1.50 3.00
1.50 2.45
1.50 3.01
1.50 3.51
1.50 3.21
1.50 3.49
1.50 4.04
1.50 3.27
1.50 3.43
1.50 3.51
1.50 3.77
1.50 3.45
1.50 3.70
1.50 4.00
1.50 2.46
1.50 3.25
1.50 3.00
1.50 3.77
1.50 3.01
1.50 3.61
1.50 4.04
1.50 3.25
2.00 3.82
2.00 3.44
2.00 3.94
2.00 3.39
2.00 3.47
2.00 3.43
2.00 4.35
2.00 3.77
2.00 3.38
2.00 3.85
2.00 3.85
2.00 3.43
2.00 2.46
2.00 3.38
2.00 3.89
2.00 3.33
2.00 3.79
2.00 2.48
2.00 3.56
2.00 4.37
2.00 4.40
2.00 4.36
2.00 3.94
2.00 3.56
2.00 3.89
2.00 2.46
2.00 3.56
2.00 4.35
2.00 3.44
2.00 3.39
2.00 3.89
2.00 3.50
2.00 3.77
2.00 2.50
2.00 3.85
2.00 2.47
2.00 3.94
2.00 3.82
2.00 3.81
2.00 3.43
2.00 3.94
2.00 3.33
2.00 3.89
2.00 3.79
2.00 3.43
2.50 3.13
2.50 2.60
2.50 3.20
2.50 3.64
2.50 4.64
2.50 3.70
2.50 2.54
2.50 3.16
2.50 3.35
2.50 3.61
2.50 3.70
2.50 3.32
2.50 3.24
2.50 3.13
2.50 3.68
2.50 3.73
2.50 3.29
2.50 3.16
2.50 3.76
2.50 3.26
2.50 2.63
2.50 3.61
2.50 3.26
2.50 3.67
2.50 3.28
2.50 3.28
2.50 2.52
2.50 3.73
2.50 3.74
2.50 3.76
2.50 4.47
2.50 2.57
2.50 3.24
2.50 4.57
2.50 3.67
2.50 3.35
2.50 3.70
2.50 3.24
2.50 4.43
2.50 3.74
2.50 3.29
2.50 3.72
2.50 3.72
2.50 4.52
2.50 3.68
3.00 5.00
3.00 3.51
3.00 3.21
3.00 3.63
3.00 3.19
3.00 3.54
3.00 3.62
3.00 2.97
3.00 5.00
3.00 3.54
3.00 3.09
3.00 3.15
3.00 3.17
3.00 3.49
3.00 3.00
3.00 3.66
3.00 3.13
3.00 2.72
3.00 3.09
3.00 3.66
3.00 4.92
3.00 2.67
3.00 3.64
3.00 4.81
3.00 3.64
3.00 3.56
3.00 3.59
3.00 3.13
3.00 3.67
3.00 3.19
3.00 3.15
3.00 2.97
3.00 3.17
3.00 3.56
3.00 3.03
3.00 3.51
3.00 3.06
3.00 4.72
3.00 3.00
3.00 3.06
3.00 3.03
3.00 3.49
3.00 3.59
3.00 3.21
3.00 3.67
3.50 2.84
3.50 3.05
3.50 3.57
3.50 2.89
3.50 3.42
3.50 3.39
3.50 2.87
3.50 3.09
3.50 3.05
3.50 3.59
3.50 3.42
3.50 3.60
3.50 3.08
3.50 3.06
3.50 3.61
3.50 2.91
3.50 3.57
3.50 3.46
3.50 3.44
3.50 5.00
3.50 3.11
3.50 3.60
3.50 3.06
3.50 5.00
3.50 2.94
3.50 2.94
3.50 3.61
3.50 5.00
3.50 2.89
3.50 3.46
3.50 3.44
3.50 3.58
3.50 2.87
3.50 3.37
3.50 2.84
3.50 3.08
3.50 3.09
3.50 3.59
3.50 3.11
3.50 3.58
3.50 3.37
3.50 2.91
3.50 5.00
3.50 5.00
3.50 3.39
4.00 3.51
4.00 3.04
4.00 3.01
4.00 2.82
4.00 3.02
4.00 3.54
4.00 3.04
4.00 3.00
4.00 2.80
4.00 2.76
4.00 2.76
4.00 3.01
4.00 3.01
4.00 2.74
4.00 3.32
4.00 2.82
4.00 3.34
4.00 5.00
4.00 3.00
4.00 3.25
4.00 3.56
4.00 3.02
4.00 3.50
4.00 3.29
4.00 5.00
4.00 3.56
4.00 3.27
4.00 3.27
4.00 2.74
4.00 5.00
4.00 3.53
4.00 3.32
4.00 3.53
4.00 5.00
4.00 2.78
4.00 3.34
4.00 5.00
4.00 3.29
4.00 3.54
4.00 3.50
4.00 2.80
4.00 3.51
4.00 3.25
4.00 3.01
4.00 2.78
4.50 2.71
4.50 2.99
4.50 2.68
4.50 4.85
4.50 3.22
4.50 2.99
4.50 2.99
4.50 4.95
4.50 2.99
4.50 3.48
4.50 3.20
4.50 3.46
4.50 3.42
4.50 2.72
4.50 3.22
4.50 2.99
4.50 2.67
4.50 3.44
4.50 2.99
4.50 3.17
4.50 4.94
4.50 3.39
4.50 3.42
4.50 2.99
4.50 3.20
4.50 2.71
4.50 3.46
4.50 2.67
4.50 2.70
4.50 2.72
4.50 5.00
4.50 3.13
4.50 3.15
4.50 5.00
4.50 2.99
4.50 2.70
4.50 3.39
4.50 3.48
4.50 2.99
4.50 3.17
4.50 2.68
4.50 3.15
4.50 3.44
4.50 3.13
4.50 2.99
5.00 5.00
5.00 2.86
5.00 5.00
5.00 2.65
5.00 5.00
5.00 2.70
5.00 5.00
5.00 5.00
5.00 2.46
5.00 4.45
5.00 5.00
5.00 5.00
5.00 5.00
5.00 2.30
5.00 5.00
5.00 2.58
5.00 5.00
5.00 2.59
5.00 5.00
5.00 5.00
5.00 2.91
5.00 5.00
5.00 5.00
5.00 5.00
5.00 5.00
5.00 2.62
5.00 2.87
5.00 2.73
5.00 5.00
5.00 5.00
5.00 2.93
5.00 5.00
5.00 5.00
5.00 5.00
5.00 4.42
5.00 4.81
5.00 5.00
5.00 5.00
5.00 2.88
5.00 5.00
5.00 2.70
5.00 2.82
5.00 3.03
5.00 4.45
5.00 2.65
5.00 2.02
5.00 2.72
5.00 2.88
5.00 3.47
5.00 2.86
5.00 2.63
5.00 2.74
5.00 2.60
5.00 2.68
5.00 5.00
5.00 2.50
5.00 2.92
5.00 4.42
5.00 5.00
5.00 3.83
5.00 2.08
5.00 5.00
5.00 2.88
5.00 2.67
5.00 2.12
5.00 2.92
5.00 2.62
5.00 2.74
5.00 5.00
5.00 4.21
5.00 4.44
5.00 5.00
5.00 5.00
5.00 2.64
5.00 5.00
5.00 5.00
5.00 5.00
5.00 5.00
5.00 5.00
5.00 2.38
5.00 3.05
5.00 4.22
5.00 5.00
5.00 3.32
5.00 2.08
5.00 5.00
5.00 5.00
5.00 5.00
5.00 2.72
5.00 5.00
5.00 2.69
5.00 5.00
5.00 5.00
5.00 2.87
5.00 5.00
5.00 4.37
5.00 3.04
5.00 4.58
5.00 4.27
5.00 5.00
5.00 5.00
5.00 5.00
5.00 5.00
5.00 5.00
5.00 2.71
5.00 3.11
5.00 3.24
5.00 2.40
5.00 5.00
5.00 5.00
5.00 2.41
5.00 5.00
5.00 5.00
5.00 5.00
5.00 5.00
5.00 2.17
5.00 5.00
5.00 5.00
5.00 5.00
5.00 5.00
5.00 5.00
5.00 5.00
5.00 2.49
5.00 5.00
5.00 5.00
5.00 5.00
5.00 4.39
5.00 2.55
5.00 5.00
5.00 5.00
5.00 2.52
5.00 3.14
5.00 2.95
5.00 5.00
5.00 5.00
0.00 1.37
0.00 1.04
0.00 1.37
0.00 0.94
0.00 1.26
0.00 0.84
0.00 1.11
0.00 1.28
0.00 1.14
0.00 1.26
0.00 1.41
0.00 1.41
0.00 0.94
0.00 1.20
0.00 0.84
0.00 1.04
0.00 1.08
0.00 1.16
0.00 1.26
0.00 1.26
0.00 1.20
0.00 1.20
0.00 1.06
0.00 1.20
0.00 0.99
0.00 1.09
0.00 0.96
0.00 0.99
0.00 0.87
0.00 1.17
0.00 0.87
0.00 1.02
0.00 1.11
0.00 1.33
0.00 1.29
0.00 1.33
0.00 0.97
0.00 1.48
0.00 1.48
0.00 1.02
0.00 1.09
0.00 0.97
0.00 0.96
0.00 1.16
0.00 1.28
0.50 1.74
0.50 1.61
0.50 1.61
0.50 1.49
0.50 1.87
0.50 1.87
0.50 1.49
0.50 2.01
0.50 2.01
0.50 1.74
1.00 2.31
1.00 2.15
1.00 2.49
1.00 2.68
1.00 2.68
1.00 2.88
1.00 2.88
1.00 2.31
1.00 2.49
1.00 2.15
1.50 3.48
1.50 3.92
1.50 3.28
1.50 3.09
1.50 3.48
1.50 3.69
1.50 3.69
1.50 3.28
1.50 3.09
1.50 3.92
2.00 4.36
2.00 4.37
2.00 4.36
2.00 4.37
2.00 4.34
2.00 4.15
2.00 4.37
2.00 4.37
2.00 4.34
2.00 4.15
2.50 4.50
2.50 4.44
2.50 4.41
2.50 4.39
2.50 4.47
2.50 4.39
2.50 4.44
2.50 4.47
2.50 4.50
2.50 4.41
3.00 4.64
3.00 4.53
3.00 4.60
3.00 4.53
3.00 4.68
3.00 4.56
3.00 4.56
3.00 4.68
3.00 4.60
3.00 4.64
3.50 4.72
3.50 4.77
3.50 4.85
3.50 4.81
3.50 4.77
3.50 4.90
3.50 4.85
3.50 4.90
3.50 4.72
3.50 4.81
4.00 5.00
4.00 5.00
4.00 4.95
4.00 5.00
4.00 5.00
4.00 4.99
4.00 5.00
4.00 5.00
4.00 4.95
4.00 4.99
4.50 5.00
4.50 5.00
4.50 5.00
4.50 5.00
4.50 5.00
4.50 5.00
4.50 5.00
4.50 5.00
4.50 5.00
4.50 5.00
5.00 2.63
5.00 2.88
5.00 5.00
5.00 1.25
5.00 1.57
5.00 3.84
5.00 5.00
5.00 5.00
5.00 5.00
5.00 2.41
5.00 5.00
5.00 5.00
5.00 1.13
5.00 3.40
5.00 3.20
5.00 2.20
5.00 5.00
5.00 3.45
5.00 5.00
5.00 5.00
5.00 5.00
5.00 1.21
5.00 5.00
5.00 2.18
5.00 5.00
5.00 2.52
5.00 5.00
5.00 5.00
5.00 1.43
5.00 5.00
0.00 0.99
0.00 1.09
0.00 1.29
0.00 0.99
0.00 1.19
0.00 1.29
0.00 1.39
0.00 1.09
0.00 1.39
0.00 1.19
0.50 1.34
0.50 1.54
0.50 2.66
0.50 1.24
0.50 1.35
0.50 2.22
0.50 1.69
0.50 1.25
0.50 1.45
0.50 1.84
0.50 2.43
0.50 1.57
0.50 1.44
0.50 1.54
0.50 1.44
0.50 1.84
0.50 1.35
0.50 2.04
0.50 2.66
0.50 2.22
0.50 2.04
0.50 1.25
0.50 1.25
0.50 1.25
0.50 2.43
1.00 4.15
1.00 2.05
1.00 2.35
1.00 4.15
1.00 1.93
1.00 3.79
1.00 1.73
1.00 3.20
1.00 1.93
1.00 1.84
1.00 2.06
1.00 1.81
1.00 3.20
1.00 1.73
1.00 2.91
1.00 2.91
1.00 3.79
1.00 1.63
1.00 3.48
1.00 1.63
1.00 3.48
1.00 2.20
1.00 2.06
1.00 1.94
1.00 2.05
1.50 2.28
1.50 2.44
1.50 3.11
1.50 2.94
1.50 4.54
1.50 2.78
1.50 5.00
1.50 4.82
1.50 4.75
1.50 4.90
1.50 2.78
1.50 3.11
1.50 2.17
1.50 2.63
1.50 2.17
1.50 2.94
1.50 2.78
1.50 2.78
1.50 2.60
1.50 2.49
1.50 2.63
1.50 4.82
1.50 2.49
1.50 2.60
1.50 4.75
2.00 2.89
2.00 3.06
2.00 3.36
2.00 3.80
2.00 4.54
2.00 2.96
2.00 2.96
2.00 4.69
2.00 4.64
2.00 3.16
2.00 4.60
2.00 3.16
2.00 4.54
2.00 3.36
2.00 2.97
2.00 4.64
2.00 4.56
2.00 3.57
2.00 2.93
2.00 2.93
2.00 2.89
2.00 4.60
2.00 3.06
2.00 4.56
2.00 3.01
2.50 4.52
2.50 2.82
2.50 2.79
2.50 2.76
2.50 4.04
2.50 4.53
2.50 2.85
2.50 2.73
2.50 4.33
2.50 4.30
2.50 4.53
2.50 4.31
2.50 4.52
2.50 4.52
2.50 4.31
2.50 4.53
2.50 4.54
2.50 4.54
2.50 4.30
2.50 4.04
2.50 4.29
2.50 2.85
2.50 2.82
2.50 2.79
2.50 4.52
3.00 4.66
3.00 2.68
3.00 4.40
3.00 4.59
3.00 4.36
3.00 4.70
3.00 4.34
3.00 2.63
3.00 4.62
3.00 2.70
3.00 4.38
3.00 4.42
3.00 2.65
3.00 4.56
3.00 4.40
3.00 4.56
3.00 2.68
3.00 2.63
3.00 2.61
3.00 2.65
3.00 2.70
3.00 4.38
3.00 4.66
3.00 4.59
3.00 2.61
3.50 2.56
3.50 4.46
3.50 2.58
3.50 4.50
3.50 4.82
3.50 4.48
3.50 4.44
3.50 4.89
3.50 4.48
3.50 4.52
3.50 4.96
3.50 4.52
3.50 2.55
3.50 2.56
3.50 2.54
3.50 2.55
3.50 4.76
3.50 4.44
3.50 4.96
3.50 2.54
3.50 2.58
3.50 4.76
3.50 4.82
3.50 5.00
3.50 4.89
5.00 5.00
5.00 5.00
5.00 5.00
5.00 5.00
5.00 4.34
5.00 5.00
5.00 5.00
5.00 4.29
5.00 5.00
5.00 2.89
5.00 5.00
5.00 3.35
5.00 5.00
5.00 4.03
5.00 5.00
5.00 5.00
5.00 5.00
5.00 5.00
5.00 2.61
5.00 5.00
5.00 5.00
5.00 3.81
5.00 5.00
5.00 4.64
5.00 5.00
5.00 5.00
5.00 5.00
5.00 5.00
5.00 5.00
5.00 5.00
5.00 5.00
5.00 4.65
5.00 5.00
5.00 5.00
5.00 5.00
5.00 5.00
5.00 5.00
5.00 3.28
5.00 4.09
5.00 5.00
5.00 5.00
5.00 5.00
5.00 4.50
5.00 5.00
5.00 5.00
5.00 2.36
5.00 5.00
5.00 5.00
5.00 5.00
5.00 2.75
5.00 5.00
5.00 4.25
5.00 5.00
5.00 5.00
5.00 2.34
5.00 5.00
5.00 5.00
5.00 4.42
5.00 5.00
5.00 2.83
5.00 2.71
5.00 5.00
5.00 5.00
5.00 4.59
5.00 3.94
5.00 5.00
5.00 5.00
5.00 5.00
5.00 5.00
5.00 5.00
5.00 5.00
5.00 5.00
5.00 5.00
5.00 5.00
5.00 2.47
0.00 1.83
0.00 1.30
0.00 0.95
0.00 1.30
0.00 1.10
0.00 3.24
0.00 1.50
0.00 1.13
0.00 0.95
0.00 1.04
0.00 1.56
0.00 2.30
0.00 0.87
0.00 1.10
0.00 1.21
0.00 0.87
0.00 2.30
0.00 1.35
0.00 1.56
0.00 1.66
0.00 1.50
0.00 0.78
0.00 1.04
0.00 1.35
0.00 3.24
4.00 4.59
4.00 4.61
4.00 2.51
4.00 2.50
4.00 4.58
4.00 4.59
4.00 4.56
4.00 2.51
4.00 2.51
4.00 4.58
4.00 5.00
4.00 2.53
4.00 5.00
4.00 4.56
4.00 2.50
4.00 2.52
4.00 5.00
4.00 2.53
4.00 4.61
4.00 5.00
4.00 2.51
4.00 4.54
4.00 4.54
4.00 5.00
4.00 2.52
4.50 4.65
4.50 4.62
4.50 5.00
4.50 2.50
4.50 5.00
4.50 4.65
4.50 2.51
4.50 2.50
4.50 5.00
4.50 4.65
4.50 4.64
4.50 2.50
4.50 5.00
4.50 4.62
4.50 4.65
4.50 2.50
4.50 2.50
4.50 2.50
4.50 2.51
4.50 2.50
4.50 4.64
4.50 2.50
4.50 4.63
4.50 5.00
4.50 4.63
0.50 1.58
0.50 1.93
0.50 1.69
0.50 1.81
0.50 1.79
0.50 1.79
0.50 1.57
0.50 2.06
0.50 1.58
0.50 1.48
1.00 2.36
1.00 2.28
1.00 2.63
1.00 2.54
1.00 2.15
1.00 2.74
1.00 2.28
1.00 2.45
1.00 2.15
1.00 2.45
1.50 3.03
1.50 3.42
1.50 3.72
1.50 3.67
1.50 3.48
1.50 3.25
1.50 2.82
1.50 3.67
1.50 2.82
1.50 4.25
2.00 4.56
2.00 4.57
2.00 4.26
2.00 4.58
2.00 4.60
2.00 4.58
2.00 4.62
2.00 4.57
2.00 4.26
2.00 3.98
2.50 4.65
2.50 4.72
2.50 4.65
2.50 4.72
2.50 4.62
2.50 4.76
2.50 4.82
2.50 4.41
2.50 4.62
2.50 4.68
3.00 5.00
3.00 4.74
3.00 4.82
3.00 4.86
3.00 4.78
3.00 4.87
3.00 4.86
3.00 5.00
3.00 5.00
3.00 4.87
3.50 4.95
3.50 5.00
3.50 4.91
3.50 5.00
3.50 4.91
3.50 5.00
3.50 5.00
3.50 4.95
3.50 5.00
3.50 5.00
5.00 2.02
5.00 2.27
5.00 5.00
5.00 3.05
5.00 5.00
5.00 5.00
5.00 5.00
5.00 2.28
5.00 5.00
5.00 3.39
5.00 5.00
5.00 5.00
5.00 3.95
5.00 5.00
5.00 4.51
5.00 3.95
5.00 5.00
5.00 5.00
5.00 5.00
5.00 5.00
5.00 5.00
5.00 2.84
5.00 5.00
5.00 5.00
5.00 5.00
5.00 5.00
5.00 5.00
5.00 5.00
5.00 3.63
5.00 5.00
0.00 1.17
0.00 1.17
0.00 1.27
0.00 1.47
0.00 1.18
0.00 1.27
0.00 1.17
0.00 1.08
0.00 1.47
0.00 1.37
4.00 5.00
4.00 5.00
4.00 5.00
4.00 5.00
4.00 5.00
4.00 5.00
4.00 5.00
4.00 5.00
4.00 5.00
4.00 5.00
4.50 5.00
4.50 5.00
4.50 5.00
4.50 5.00
4.50 5.00
4.50 5.00
4.50 5.00
4.50 5.00
4.50 5.00
4.50 5.00
0.50 1.39
0.50 1.30
0.50 1.98
0.50 2.14
0.50 1.57
0.50 1.98
0.50 1.53
0.50 1.68
0.50 1.83
0.50 1.30
0.50 1.68
0.50 1.48
0.50 1.57
0.50 1.48
0.50 1.39
0.50 1.83
0.50 2.14
0.50 1.66
0.50 1.66
0.50 1.53
1.00 2.21
1.00 2.50
1.00 2.90
1.00 1.75
1.00 2.09
1.00 1.86
1.00 2.71
1.00 2.21
1.00 3.11
1.00 1.86
1.00 2.50
1.00 2.09
1.00 2.32
1.00 2.90
1.00 1.97
1.00 2.71
1.00 1.75
1.00 1.97
1.00 3.11
1.00 2.32
1.50 3.58
1.50 3.84
1.50 3.59
1.50 3.79
1.50 3.59
1.50 4.28
1.50 3.58
1.50 3.74
1.50 3.33
1.50 3.84
1.50 4.28
1.50 3.74
1.50 3.33
1.50 3.79
1.50 2.33
1.50 2.66
1.50 2.66
1.50 3.07
1.50 3.07
1.50 2.33
2.00 3.65
2.00 3.69
2.00 3.58
2.00 5.00
2.00 3.65
2.00 4.82
2.00 4.94
2.00 4.82
2.00 3.62
2.00 3.58
2.00 5.00
2.00 3.69
2.00 5.00
2.00 4.94
2.00 3.55
2.00 5.00
2.00 3.55
2.00 4.70
2.00 3.62
2.00 4.70
2.50 4.40
2.50 3.46
2.50 4.32
2.50 4.24
2.50 4.59
2.50 3.53
2.50 3.53
2.50 3.50
2.50 4.32
2.50 4.59
2.50 4.24
2.50 3.48
2.50 3.44
2.50 3.44
2.50 3.46
2.50 3.50
2.50 3.48
2.50 4.49
2.50 4.40
2.50 4.49
3.00 3.97
3.00 4.09
3.00 3.97
3.00 3.42
3.00 4.03
3.00 3.91
3.00 4.16
3.00 3.35
3.00 4.09
3.00 3.42
3.00 3.37
3.00 3.40
3.00 4.03
3.00 3.40
3.00 3.35
3.00 3.38
3.00 4.16
3.00 3.91
3.00 3.38
3.00 3.37
3.50 3.75
3.50 3.26
3.50 3.30
3.50 3.65
3.50 3.33
3.50 3.80
3.50 3.32
3.50 3.65
3.50 3.32
3.50 3.33
3.50 3.80
3.50 3.85
3.50 3.70
3.50 3.85
3.50 3.26
3.50 3.75
3.50 3.70
3.50 3.28
3.50 3.28
3.50 3.30
4.00 3.44
4.00 3.61
4.00 3.48
4.00 3.23
4.00 3.56
4.00 3.21
4.00 3.17
4.00 3.56
4.00 3.52
4.00 3.19
4.00 3.17
4.00 3.21
4.00 3.44
4.00 3.48
4.00 3.52
4.00 3.61
4.00 3.25
4.00 3.25
4.00 3.19
4.00 3.23
4.50 3.07
4.50 3.14
4.50 3.10
4.50 3.36
4.50 3.40
4.50 3.40
4.50 3.10
4.50 3.14
4.50 3.12
4.50 3.07
4.50 3.05
4.50 3.25
4.50 3.29
4.50 3.29
4.50 3.32
4.50 3.12
4.50 3.36
4.50 3.32
4.50 3.05
4.50 3.25
5.00 3.56
5.00 5.00
5.00 5.00
5.00 5.00
5.00 5.00
5.00 2.78
5.00 2.32
5.00 5.00
5.00 5.00
5.00 5.00
5.00 5.00
5.00 5.00
5.00 3.33
5.00 5.00
5.00 2.70
5.00 5.00
5.00 2.60
5.00 5.00
5.00 5.00
5.00 5.00
5.00 5.00
5.00 5.00
5.00 5.00
5.00 2.54
5.00 2.50
5.00 5.00
5.00 5.00
5.00 5.00
5.00 5.00
5.00 2.82
5.00 3.19
5.00 3.64
5.00 5.00
5.00 2.74
5.00 5.00
5.00 5.00
5.00 5.00
5.00 2.56
5.00 5.00
5.00 5.00
5.00 5.00
5.00 5.00
5.00 5.00
5.00 5.00
5.00 5.00
5.00 5.00
5.00 5.00
5.00 5.00
5.00 3.26
5.00 2.49
5.00 5.00
5.00 5.00
5.00 5.00
5.00 5.00
5.00 3.21
5.00 5.00
5.00 5.00
5.00 5.00
5.00 5.00
5.00 5.00
0.00 1.14
0.00 1.39
0.00 1.14
0.00 1.03
0.00 0.86
0.00 0.86
0.00 1.26
0.00 0.95
0.00 1.13
0.00 1.39
0.00 1.13
0.00 0.92
0.00 0.92
0.00 1.04
0.00 1.21
0.00 1.21
0.00 1.03
0.00 1.26
0.00 1.04
0.00 0.95
0.50 1.55
0.50 1.74
0.50 1.45
0.50 1.95
0.50 2.31
0.50 1.89
0.50 1.74
0.50 1.95
0.50 1.66
0.50 2.12
0.50 1.60
0.50 2.21
0.50 1.60
0.50 2.04
0.50 2.04
1.00 3.05
1.00 2.16
1.00 3.05
1.00 1.88
1.00 2.31
1.00 2.16
1.00 2.81
1.00 2.51
1.00 2.81
1.00 2.98
1.00 2.60
1.00 3.22
1.00 3.29
1.00 2.73
1.00 2.01
1.50 3.00
1.50 4.38
1.50 4.42
1.50 4.09
1.50 3.20
1.50 3.20
1.50 2.82
1.50 2.66
1.50 3.54
1.50 3.77
1.50 3.77
1.50 3.40
1.50 2.66
1.50 4.32
1.50 4.45
2.00 3.50
2.00 4.27
2.00 3.63
2.00 3.63
2.00 3.39
2.00 4.18
2.00 4.12
2.00 4.22
2.00 4.30
2.00 4.26
2.00 4.12
2.00 4.15
2.00 4.22
2.00 3.45
2.00 4.18
2.50 4.07
2.50 3.17
2.50 4.17
2.50 4.09
2.50 4.22
2.50 3.34
2.50 4.19
2.50 4.07
2.50 4.06
2.50 4.19
2.50 4.17
2.50 3.25
2.50 3.17
2.50 3.21
2.50 4.18
3.00 4.07
3.00 3.00
3.00 3.03
3.00 4.16
3.00 4.16
3.00 4.06
3.00 4.06
3.00 4.07
3.00 3.13
3.00 3.07
3.00 4.17
3.00 4.17
3.00 4.16
3.00 4.06
3.00 4.07
3.50 2.98
3.50 4.12
3.50 4.12
3.50 2.96
3.50 2.89
3.50 4.09
3.50 4.18
3.50 4.17
3.50 4.11
3.50 4.10
3.50 2.94
3.50 4.17
3.50 4.16
3.50 4.09
3.50 4.17
5.00 5.00
5.00 3.65
5.00 5.00
5.00 5.00
5.00 3.91
5.00 5.00
5.00 5.00
5.00 5.00
5.00 4.92
5.00 2.41
5.00 4.12
5.00 5.00
5.00 5.00
5.00 5.00
5.00 5.00
5.00 2.10
5.00 2.74
5.00 2.84
5.00 1.07
5.00 5.00
5.00 5.00
5.00 5.00
5.00 2.30
5.00 5.00
5.00 5.00
5.00 2.32
5.00 5.00
5.00 4.26
5.00 2.51
5.00 5.00
5.00 2.08
5.00 5.00
5.00 5.00
5.00 2.50
5.00 5.00
5.00 5.00
5.00 1.39
5.00 1.95
5.00 5.00
5.00 3.36
5.00 5.00
5.00 1.19
5.00 2.50
5.00 5.00
5.00 5.00
0.00 1.47
0.00 1.19
0.00 1.47
0.00 1.15
0.00 1.45
0.00 1.06
0.00 1.35
0.00 1.04
0.00 1.27
0.00 1.35
0.00 1.06
0.00 0.96
0.00 1.31
0.00 1.19
0.00 1.31
4.00 4.19
4.00 4.56
4.00 4.40
4.00 4.22
4.00 4.19
4.00 2.62
4.00 4.18
4.00 2.65
4.00 4.15
4.00 4.19
4.00 4.28
4.00 4.17
4.00 4.16
4.00 2.69
4.00 2.78
4.50 2.56
4.50 2.52
4.50 4.20
4.50 4.21
4.50 4.20
4.50 4.78
4.50 5.00
4.50 4.21
4.50 4.21
4.50 5.00
4.50 5.00
4.50 5.00
4.50 2.59
4.50 2.51
4.50 2.54
0.50 1.34
0.50 1.56
0.50 1.93
0.50 1.86
0.50 1.59
0.50 1.68
0.50 1.46
0.50 1.70
0.50 2.05
0.50 1.93
0.50 1.86
0.50 1.56
0.50 1.46
0.50 1.68
0.50 1.34
0.50 2.02
1.00 2.36
1.00 2.31
1.00 3.18
1.00 2.00
1.00 2.54
1.00 2.94
1.00 2.48
1.00 3.18
1.00 2.35
1.00 2.48
1.00 2.36
1.00 2.19
1.00 2.74
1.00 2.54
1.00 2.19
1.00 2.96
1.50 4.23
1.50 3.31
1.50 3.65
1.50 4.20
1.50 2.99
1.50 3.41
1.50 3.39
1.50 2.81
1.50 4.20
1.50 3.92
1.50 2.81
1.50 3.93
1.50 3.93
1.50 3.68
1.50 3.51
1.50 3.17
2.00 2.98
2.00 3.04
2.00 4.14
2.00 3.93
2.00 3.99
2.00 4.14
2.00 4.14
2.00 4.57
2.00 4.16
2.00 3.24
2.00 4.15
2.00 4.57
2.00 3.88
2.00 4.18
2.00 4.53
2.00 4.55
2.50 4.76
2.50 4.14
2.50 4.13
2.50 2.82
2.50 4.13
2.50 4.76
2.50 4.13
2.50 4.67
2.50 4.82
2.50 2.78
2.50 4.14
2.50 4.63
2.50 4.15
2.50 2.87
2.50 4.14
2.50 4.67
3.00 4.89
3.00 4.96
3.00 4.18
3.00 4.19
3.00 4.13
3.00 4.20
3.00 2.65
3.00 4.16
3.00 4.17
3.00 2.69
3.00 2.54
3.00 5.00
3.00 5.00
3.00 4.02
3.00 4.05
3.00 4.89
3.50 4.24
3.50 2.40
3.50 5.00
3.50 4.25
3.50 4.21
3.50 2.51
3.50 5.00
3.50 2.48
3.50 2.45
3.50 5.00
3.50 4.22
3.50 3.95
3.50 2.42
3.50 5.00
3.50 4.23
3.50 5.00
5.00 5.00
5.00 4.42
5.00 0.70
5.00 0.56
5.00 5.00
5.00 1.74
5.00 5.00
5.00 5.00
5.00 5.00
5.00 2.12
5.00 0.67
5.00 0.54
5.00 5.00
5.00 2.72
5.00 5.00
5.00 5.00
5.00 2.94
5.00 4.51
5.00 5.00
5.00 0.66
5.00 2.14
5.00 0.55
5.00 0.59
5.00 3.38
5.00 2.52
5.00 3.01
5.00 5.00
5.00 5.00
5.00 0.54
5.00 0.56
5.00 0.83
5.00 2.10
5.00 5.00
5.00 5.00
5.00 3.46
5.00 5.00
5.00 2.31
5.00 5.00
5.00 5.00
5.00 3.57
5.00 3.64
5.00 5.00
5.00 5.00
5.00 3.40
5.00 0.55
5.00 5.00
5.00 5.00
5.00 5.00
0.00 1.00
0.00 1.42
0.00 1.26
0.00 1.46
0.00 1.36
0.00 1.42
0.00 1.06
0.00 1.06
0.00 1.26
0.00 1.29
0.00 1.00
0.00 1.09
0.00 1.16
0.00 1.12
0.00 1.19
0.00 1.02
4.00 5.00
4.00 4.27
4.00 2.28
4.00 5.00
4.00 4.26
4.00 2.30
4.00 2.30
4.00 5.00
4.00 4.26
4.00 4.26
4.00 2.35
4.00 5.00
4.00 2.33
4.00 2.28
4.00 5.00
4.00 2.33
4.50 2.26
4.50 4.24
4.50 2.24
4.50 2.19
4.50 2.21
4.50 2.19
4.50 5.00
4.50 4.23
4.50 5.00
4.50 5.00
4.50 4.25
4.50 2.23
4.50 4.26
4.50 2.24
4.50 2.23
4.50 2.26
0.50 1.67
0.50 2.00
0.50 1.76
0.50 1.83
0.50 2.18
0.50 1.83
0.50 2.00
0.50 1.62
0.50 2.06
0.50 1.76
0.50 2.06
0.50 1.91
0.50 2.23
0.50 1.91
0.50 2.18
1.00 2.57
1.00 2.84
1.00 2.42
1.00 2.79
1.00 3.07
1.00 2.84
1.00 3.07
1.00 3.27
1.00 2.62
1.00 2.62
1.00 2.79
1.00 3.27
1.00 3.03
1.00 3.31
1.00 3.31
1.50 3.57
1.50 4.49
1.50 3.74
1.50 4.50
1.50 3.84
1.50 4.45
1.50 4.50
1.50 3.75
1.50 4.40
1.50 3.75
1.50 3.82
1.50 4.14
1.50 4.15
1.50 3.57
1.50 4.44
2.00 4.27
2.00 3.78
2.00 4.30
2.00 4.27
2.00 4.40
2.00 4.28
2.00 4.36
2.00 4.36
2.00 3.75
2.00 4.30
2.00 4.28
2.00 4.37
2.00 4.42
2.00 4.33
2.00 3.66
2.50 4.26
2.50 3.61
2.50 4.25
2.50 4.25
2.50 4.35
2.50 4.25
2.50 3.57
2.50 4.25
2.50 4.25
2.50 3.46
2.50 4.25
2.50 4.36
2.50 4.25
2.50 4.25
2.50 4.36
3.00 4.45
3.00 3.37
3.00 4.27
3.00 4.26
3.00 4.28
3.00 3.32
3.00 4.29
3.00 3.34
3.00 4.29
3.00 3.40
3.00 4.28
3.00 4.43
3.00 4.27
3.00 4.26
3.00 3.43
3.50 4.49
3.50 4.37
3.50 4.34
3.50 4.51
3.50 4.36
3.50 3.26
3.50 4.31
3.50 4.47
3.50 4.33
3.50 3.28
3.50 3.25
3.50 3.24
3.50 3.30
3.50 4.33
3.50 4.52
5.00 5.00
5.00 5.00
5.00 5.00
5.00 5.00
5.00 5.00
5.00 5.00
5.00 2.00
5.00 2.41
5.00 5.00
5.00 2.65
5.00 5.00
5.00 1.33
5.00 5.00
5.00 2.73
5.00 4.11
5.00 0.83
5.00 5.00
5.00 2.99
5.00 3.00
5.00 4.72
5.00 2.79
5.00 2.28
5.00 2.77
5.00 5.00
5.00 5.00
5.00 3.80
5.00 5.00
5.00 3.07
5.00 5.00
5.00 5.00
5.00 5.00
5.00 4.92
5.00 5.00
5.00 3.30
5.00 2.54
5.00 3.25
5.00 5.00
5.00 2.39
5.00 5.00
5.00 3.62
5.00 5.00
5.00 3.41
5.00 2.38
5.00 5.00
5.00 5.00
0.00 1.25
0.00 1.15
0.00 1.16
0.00 1.06
0.00 1.52
0.00 1.25
0.00 1.52
0.00 1.35
0.00 1.06
0.00 1.06
0.00 1.06
0.00 1.16
0.00 1.25
0.00 1.38
0.00 1.35
4.00 4.41
4.00 3.22
4.00 4.43
4.00 4.44
4.00 3.21
4.00 3.23
4.00 4.39
4.00 4.39
4.00 3.21
4.00 4.40
4.00 4.41
4.00 4.44
4.00 3.21
4.00 4.40
4.00 4.43
4.50 4.46
4.50 4.46
4.50 4.46
4.50 3.22
4.50 4.44
4.50 3.22
4.50 4.45
4.50 4.45
4.50 4.46
4.50 3.21
4.50 4.46
4.50 4.46
4.50 3.21
4.50 3.23
4.50 4.44
0.50 1.92
0.50 1.50
0.50 2.27
0.50 2.16
0.50 1.84
0.50 1.67
0.50 1.80
0.50 1.84
0.50 1.50
0.50 1.65
0.50 1.99
0.50 2.08
0.50 2.47
0.50 1.96
0.50 1.74
0.50 2.08
0.50 2.35
0.50 1.65
0.50 2.12
0.50 1.67
0.50 1.99
0.50 2.35
0.50 2.27
0.50 1.74
0.50 2.47
0.50 2.12
0.50 1.80
0.50 1.96
0.50 1.92
0.50 2.16
1.00 3.19
1.00 2.78
1.00 3.80
1.00 2.70
1.00 3.21
1.00 2.98
1.00 2.49
1.00 3.12
1.00 2.49
1.00 2.94
1.00 3.80
1.00 3.47
1.00 3.21
1.00 2.55
1.00 2.94
1.00 2.30
1.00 2.98
1.00 3.12
1.00 2.69
1.00 2.78
1.00 2.70
1.00 3.19
1.00 2.55
1.00 3.48
1.00 3.47
1.00 2.90
1.00 2.90
1.00 2.69
1.00 2.30
1.00 3.48
1.50 3.82
1.50 4.56
1.50 3.94
1.50 4.57
1.50 3.35
1.50 3.75
1.50 3.75
1.50 3.61
1.50 4.56
1.50 4.06
1.50 4.16
1.50 4.56
1.50 4.53
1.50 4.58
1.50 3.83
1.50 4.16
1.50 4.06
1.50 4.53
1.50 3.89
1.50 3.75
1.50 3.35
1.50 3.82
1.50 3.75
1.50 3.94
1.50 3.83
1.50 3.89
1.50 3.74
1.50 3.74
1.50 3.61
1.50 4.57
2.00 3.49
2.00 4.44
2.00 3.56
2.00 3.54
2.00 3.58
2.00 3.50
2.00 3.35
2.00 3.65
2.00 4.28
2.00 4.33
2.00 4.44
2.00 3.54
2.00 3.65
2.00 3.42
2.00 3.56
2.00 3.69
2.00 3.50
2.00 4.39
2.00 4.28
2.00 3.58
2.00 4.33
2.00 3.69
2.00 3.63
2.00 3.35
2.00 3.49
2.00 3.63
2.00 4.49
2.00 3.42
2.00 4.49
2.00 4.39
2.50 4.24
2.50 3.13
2.50 3.29
2.50 3.34
2.50 3.18
2.50 3.34
2.50 3.43
2.50 3.18
2.50 3.29
2.50 3.08
2.50 4.17
2.50 3.46
2.50 3.46
2.50 4.16
2.50 4.24
2.50 3.40
2.50 3.13
2.50 4.17
2.50 3.23
2.50 3.37
2.50 4.18
2.50 3.43
2.50 3.23
2.50 3.37
2.50 4.16
2.50 3.08
2.50 4.18
2.50 3.40
2.50 4.21
2.50 4.21
3.00 4.15
3.00 2.89
3.00 3.28
3.00 2.93
3.00 3.27
3.00 3.00
3.00 4.19
3.00 3.27
3.00 4.16
3.00 2.96
3.00 3.30
3.00 4.21
3.00 3.32
3.00 3.28
3.00 2.89
3.00 3.04
3.00 4.21
3.00 3.30
3.00 4.17
3.00 2.93
3.00 3.25
3.00 4.19
3.00 3.25
3.00 3.32
3.00 2.96
3.00 4.16
3.00 3.04
3.00 4.15
3.00 3.00
3.00 4.17
3.50 4.24
3.50 2.86
3.50 4.32
3.50 4.37
3.50 2.80
3.50 2.83
3.50 2.77
3.50 3.21
3.50 4.43
3.50 4.24
3.50 3.21
3.50 3.21
3.50 3.20
3.50 3.24
3.50 2.86
3.50 3.24
3.50 3.21
3.50 3.23
3.50 4.37
3.50 2.75
3.50 4.32
3.50 3.23
3.50 2.80
3.50 4.43
3.50 3.20
3.50 4.28
3.50 2.83
3.50 2.77
3.50 4.28
3.50 2.75
4.00 4.85
4.00 2.71
4.00 2.65
4.00 3.18
4.00 2.67
4.00 4.57
4.00 3.18
4.00 2.73
4.00 3.18
4.00 3.19
4.00 4.50
4.00 4.57
4.00 4.65
4.00 3.18
4.00 2.69
4.00 2.67
4.00 4.65
4.00 4.50
4.00 4.85
4.00 2.65
4.00 4.75
4.00 2.71
4.00 3.18
4.00 3.18
4.00 2.69
4.00 3.18
4.00 2.73
4.00 3.19
4.00 3.18
4.00 4.75
4.50 5.00
4.50 5.00
4.50 2.62
4.50 2.60
4.50 2.62
4.50 2.59
4.50 2.63
4.50 5.00
4.50 3.18
4.50 2.60
4.50 3.19
4.50 5.00
4.50 2.58
4.50 2.58
4.50 3.19
4.50 5.00
4.50 3.19
4.50 5.00
4.50 3.18
4.50 4.96
4.50 2.63
4.50 3.18
4.50 5.00
4.50 3.18
4.50 3.19
4.50 5.00
4.50 2.59
4.50 4.96
4.50 3.18
4.50 3.18
5.00 5.00
5.00 4.39
5.00 5.00
5.00 2.58
5.00 3.94
5.00 4.10
5.00 2.54
5.00 5.00
5.00 2.59
5.00 5.00
5.00 2.98
5.00 4.13
5.00 5.00
5.00 4.69
5.00 5.00
5.00 5.00
5.00 2.75
5.00 5.00
5.00 5.00
5.00 4.25
5.00 5.00
5.00 4.08
5.00 5.00
5.00 5.00
5.00 1.83
5.00 3.72
5.00 5.00
5.00 3.03
5.00 2.75
5.00 5.00
5.00 1.09
5.00 3.60
5.00 5.00
5.00 5.00
5.00 4.33
5.00 2.74
5.00 2.60
5.00 2.71
5.00 5.00
5.00 3.98
5.00 1.69
5.00 5.00
5.00 5.00
5.00 3.99
5.00 2.41
5.00 2.72
5.00 5.00
5.00 5.00
5.00 5.00
5.00 5.00
5.00 2.63
5.00 2.75
5.00 5.00
5.00 5.00
5.00 1.85
5.00 2.57
5.00 1.84
5.00 5.00
5.00 5.00
5.00 1.84
5.00 1.84
5.00 5.00
5.00 3.37
5.00 5.00
5.00 4.05
5.00 5.00
5.00 1.85
5.00 4.84
5.00 1.19
5.00 5.00
5.00 5.00
5.00 4.58
5.00 2.36
5.00 2.55
5.00 2.85
5.00 5.00
5.00 5.00
5.00 5.00
5.00 2.47
5.00 3.30
5.00 5.00
5.00 4.13
5.00 5.00
5.00 5.00
5.00 1.84
5.00 2.58
5.00 5.00
5.00 5.00
5.00 4.46
5.00 5.00
0.00 1.51
0.00 1.11
0.00 0.86
0.00 1.37
0.00 0.99
0.00 1.17
0.00 1.03
0.00 0.98
0.00 1.23
0.00 1.37
0.00 1.11
0.00 1.30
0.00 1.23
0.00 1.24
0.00 1.11
0.00 1.36
0.00 1.43
0.00 1.03
0.00 1.36
0.00 0.86
0.00 1.11
0.00 1.17
0.00 1.51
0.00 1.24
0.00 1.58
0.00 0.98
0.00 1.30
0.00 1.58
0.00 0.99
0.00 1.43
0.50 1.77
0.50 2.08
0.50 1.49
0.50 2.11
0.50 2.15
0.50 1.65
0.50 2.10
0.50 1.51
0.50 2.20
0.50 1.80
0.50 2.10
0.50 2.09
0.50 1.49
0.50 2.08
0.50 1.92
0.50 1.94
0.50 2.08
0.50 1.62
0.50 1.92
0.50 2.07
1.00 2.84
1.00 2.30
1.00 2.25
1.00 2.84
1.00 2.63
1.00 3.06
1.00 3.04
1.00 2.35
1.00 2.12
1.00 2.43
1.00 2.43
1.00 3.06
1.00 3.04
1.00 2.27
1.00 2.47
1.00 2.45
1.00 2.65
1.00 2.11
1.00 2.84
1.00 2.65
1.50 3.80
1.50 3.50
1.50 3.54
1.50 3.29
1.50 4.40
1.50 2.59
1.50 1.94
1.50 3.26
1.50 3.68
1.50 3.54
1.50 4.40
1.50 3.60
1.50 2.73
1.50 2.88
1.50 3.76
1.50 2.17
1.50 3.50
1.50 3.76
1.50 2.66
1.50 2.05
2.00 1.86
2.00 1.77
2.00 4.26
2.00 3.04
2.00 4.38
2.00 4.39
2.00 4.38
2.00 3.30
2.00 3.41
2.00 3.23
2.00 3.47
2.00 1.90
2.00 3.30
2.00 3.47
2.00 1.80
2.00 4.39
2.00 4.17
2.00 4.17
2.00 3.33
2.00 4.26
2.50 3.16
2.50 3.55
2.50 3.20
2.50 3.67
2.50 4.44
2.50 4.44
2.50 4.47
2.50 3.08
2.50 1.73
2.50 4.47
2.50 3.80
2.50 3.95
2.50 3.43
2.50 1.75
2.50 4.40
2.50 3.08
2.50 3.16
2.50 1.73
2.50 4.40
2.50 4.42
3.00 4.50
3.00 4.52
3.00 3.05
3.00 4.47
3.00 4.64
3.00 2.98
3.00 1.75
3.00 2.98
3.00 4.10
3.00 2.92
3.00 3.01
3.00 4.53
3.00 3.01
3.00 4.60
3.00 2.92
3.00 2.95
3.00 4.69
3.00 4.50
3.00 1.81
3.00 4.56
3.50 2.80
3.50 2.87
3.50 5.00
3.50 1.99
3.50 4.76
3.50 2.87
3.50 5.00
3.50 2.84
3.50 1.79
3.50 5.00
3.50 2.89
3.50 5.00
3.50 4.72
3.50 2.89
3.50 1.77
3.50 4.80
3.50 5.00
3.50 4.68
3.50 2.82
3.50 1.99
5.00 5.00
5.00 4.65
5.00 1.84
5.00 3.75
5.00 3.25
5.00 2.72
5.00 5.00
5.00 2.68
5.00 4.78
5.00 5.00
5.00 3.24
5.00 5.00
5.00 3.93
5.00 3.44
5.00 5.00
5.00 4.49
5.00 3.00
5.00 5.00
5.00 5.00
5.00 5.00
5.00 2.73
5.00 4.29
5.00 5.00
5.00 3.15
5.00 1.89
5.00 3.16
5.00 1.94
5.00 1.94
5.00 5.00
5.00 4.51
5.00 5.00
5.00 5.00
5.00 5.00
5.00 2.08
5.00 4.37
5.00 3.38
5.00 5.00
5.00 5.00
5.00 4.25
5.00 5.00
5.00 5.00
5.00 5.00
5.00 4.46
5.00 5.00
5.00 3.10
5.00 3.06
5.00 2.60
5.00 1.85
5.00 4.36
5.00 5.00
5.00 2.87
5.00 5.00
5.00 1.87
5.00 1.89
5.00 5.00
5.00 4.98
5.00 5.00
5.00 5.00
5.00 1.91
5.00 2.84
0.00 0.75
0.00 1.95
0.00 1.68
0.00 1.25
0.00 1.15
0.00 2.00
0.00 1.97
0.00 0.91
0.00 2.04
0.00 1.15
0.00 1.25
0.00 1.02
0.00 0.95
0.00 1.97
0.00 1.95
0.00 1.37
0.00 1.13
0.00 0.89
0.00 2.00
0.00 1.05
4.00 2.70
4.00 5.00
4.00 5.00
4.00 5.00
4.00 2.71
4.00 4.98
4.00 5.00
4.00 5.00
4.00 2.75
4.00 2.73
4.00 4.89
4.00 2.73
4.00 2.78
4.00 2.78
4.00 2.70
4.00 4.93
4.00 2.01
4.00 2.71
4.00 5.00
4.00 5.00
4.50 2.64
4.50 2.66
4.50 2.68
4.50 2.68
4.50 2.66
4.50 5.00
4.50 5.00
4.50 2.67
4.50 5.00
4.50 5.00
4.50 2.65
4.50 5.00
4.50 2.65
4.50 5.00
4.50 2.64
4.50 2.67
4.50 5.00
4.50 5.00
4.50 5.00
4.50 5.00
0.50 2.03
0.50 1.78
0.50 1.66
0.50 1.54
0.50 1.90
1.00 2.34
1.00 2.94
1.00 2.34
1.00 2.72
1.00 2.52
1.50 3.67
1.50 3.17
1.50 3.95
1.50 4.25
1.50 3.95
2.00 4.58
2.00 4.58
2.00 4.58
2.00 4.61
2.00 4.59
2.50 4.77
2.50 4.73
2.50 4.66
2.50 4.69
2.50 4.66
3.00 4.88
3.00 4.83
3.00 4.88
3.00 5.00
3.00 5.00
5.00 5.00
5.00 5.00
5.00 5.00
5.00 2.92
5.00 5.00
5.00 5.00
5.00 5.00
5.00 4.27
5.00 5.00
5.00 5.00
5.00 5.00
5.00 5.00
5.00 5.00
5.00 5.00
5.00 3.74
0.00 1.44
0.00 1.24
0.00 1.34
0.00 1.24
0.00 1.14
3.50 5.00
3.50 5.00
3.50 5.00
3.50 5.00
3.50 5.00
4.00 5.00
4.00 5.00
4.00 5.00
4.00 5.00
4.00 5.00
4.50 5.00
4.50 5.00
4.50 5.00
4.50 5.00
4.50 5.00
0.50 1.32
0.50 1.51
0.50 1.41
0.50 1.24
0.50 1.41
0.50 1.32
0.50 1.51
0.50 1.17
0.50 1.17
0.50 1.24
1.00 1.04
1.00 1.10
1.00 0.88
1.00 0.88
1.00 0.93
1.00 0.98
1.00 0.98
1.00 1.10
1.00 0.93
1.00 1.04
1.50 0.84
1.50 0.77
1.50 0.74
1.50 0.80
1.50 0.71
1.50 0.77
1.50 0.80
1.50 0.71
1.50 0.74
1.50 0.84
2.00 0.66
2.00 0.66
2.00 0.64
2.00 0.61
2.00 0.62
2.00 0.62
2.00 0.68
2.00 0.68
2.00 0.61
2.00 0.64
2.50 0.56
2.50 0.59
2.50 0.56
2.50 0.57
2.50 0.60
2.50 0.58
2.50 0.60
2.50 0.59
2.50 0.57
2.50 0.58
3.00 0.55
3.00 0.54
3.00 0.55
3.00 0.56
3.00 0.56
3.00 0.56
3.00 0.55
3.00 0.56
3.00 0.55
3.00 0.54
3.50 0.53
3.50 0.54
3.50 0.53
3.50 0.54
3.50 0.54
3.50 0.54
3.50 0.53
3.50 0.54
3.50 0.53
3.50 0.54
4.00 0.74
4.00 0.55
4.00 0.67
4.00 0.62
4.00 0.58
4.00 0.55
4.00 0.67
4.00 0.58
4.00 0.74
4.00 0.62
4.50 1.01
4.50 0.96
4.50 0.85
4.50 1.01
4.50 0.79
4.50 0.85
4.50 0.96
4.50 0.90
4.50 0.79
4.50 0.90
5.00 5.00
5.00 5.00
5.00 5.00
5.00 2.14
5.00 5.00
5.00 5.00
5.00 1.81
5.00 5.00
5.00 2.10
5.00 5.00
5.00 5.00
5.00 5.00
5.00 5.00
5.00 5.00
5.00 1.36
5.00 1.36
5.00 2.06
5.00 2.26
5.00 5.00
5.00 5.00
5.00 5.00
5.00 5.00
5.00 2.22
5.00 2.08
5.00 5.00
5.00 5.00
5.00 5.00
5.00 2.09
5.00 5.00
5.00 5.00
0.00 1.73
0.00 1.61
0.00 1.62
0.00 1.99
0.00 1.62
0.00 1.85
0.00 1.99
0.00 1.61
0.00 1.85
0.00 1.73
0.50 1.84
0.50 2.23
0.50 1.60
0.50 1.60
0.50 1.50
0.50 2.45
0.50 2.18
0.50 1.64
0.50 1.64
0.50 1.84
0.50 2.18
0.50 1.81
0.50 1.40
0.50 1.84
0.50 1.50
0.50 2.00
0.50 2.37
0.50 1.52
0.50 1.72
0.50 2.04
0.50 2.68
0.50 1.40
0.50 2.37
0.50 1.84
0.50 1.19
0.50 1.81
0.50 2.04
0.50 1.64
0.50 2.23
0.50 2.45
0.50 1.72
0.50 1.30
0.50 2.68
0.50 2.00
0.50 1.41
1.00 3.85
1.00 3.63
1.00 2.82
1.00 3.52
1.00 2.28
1.00 3.52
1.00 2.08
1.00 3.34
1.00 2.21
1.00 2.82
1.00 1.96
1.00 2.00
1.00 3.23
1.00 2.59
1.00 2.28
1.00 2.21
1.00 3.09
1.00 3.85
1.00 4.22
1.00 2.13
1.00 1.87
1.00 3.63
1.00 2.08
1.00 2.94
1.00 2.00
1.00 2.13
1.00 2.56
1.00 3.34
1.00 1.96
1.00 1.87
1.00 2.56
1.00 3.23
1.00 4.22
1.00 3.09
1.00 2.94
1.50 2.84
1.50 3.19
1.50 2.69
1.50 2.54
1.50 5.00
1.50 4.90
1.50 3.95
1.50 3.42
1.50 3.00
1.50 3.95
1.50 2.75
1.50 2.69
1.50 3.66
1.50 4.61
1.50 4.64
1.50 2.40
1.50 4.53
1.50 3.00
1.50 2.96
1.50 4.61
1.50 4.30
1.50 3.19
1.50 4.90
1.50 3.66
1.50 4.53
1.50 3.42
1.50 5.00
1.50 4.30
1.50 4.70
1.50 4.64
1.50 4.81
1.50 2.84
1.50 4.70
1.50 2.75
1.50 2.96
2.00 4.67
2.00 4.62
2.00 4.46
2.00 4.57
2.00 4.25
2.00 2.79
2.00 4.53
2.00 4.29
2.00 4.39
2.00 4.53
2.00 2.87
2.00 4.54
2.00 4.25
2.00 4.74
2.00 4.74
2.00 4.29
2.00 4.67
2.00 4.34
2.00 2.91
2.00 4.54
2.00 2.83
2.00 2.95
2.00 4.46
2.00 4.54
2.00 2.91
2.00 2.87
2.00 4.22
2.00 4.34
2.00 4.62
2.00 4.22
2.00 4.57
2.00 4.53
2.00 2.95
2.00 4.54
2.00 3.93
2.50 4.48
2.50 4.51
2.50 2.70
2.50 4.65
2.50 4.57
2.50 2.76
2.50 4.22
2.50 4.13
2.50 2.67
2.50 4.15
2.50 4.59
2.50 4.17
2.50 4.55
2.50 4.17
2.50 4.19
2.50 2.73
2.50 2.76
2.50 4.13
2.50 4.49
2.50 4.48
2.50 4.48
2.50 4.15
2.50 2.65
2.50 4.59
2.50 4.48
2.50 4.49
2.50 2.65
2.50 2.70
2.50 2.73
2.50 4.65
2.50 4.51
2.50 4.55
2.50 4.62
2.50 4.19
2.50 4.62
3.00 2.60
3.00 4.85
3.00 4.80
3.00 2.55
3.00 4.72
3.00 4.76
3.00 4.11
3.00 4.56
3.00 4.09
3.00 4.58
3.00 4.56
3.00 4.32
3.00 4.27
3.00 4.10
3.00 4.68
3.00 4.72
3.00 4.10
3.00 2.57
3.00 4.68
3.00 4.10
3.00 2.55
3.00 4.80
3.00 4.58
3.00 4.12
3.00 2.60
3.00 2.57
3.00 4.27
3.00 4.10
3.00 4.32
3.00 4.52
3.00 2.59
3.00 2.62
3.00 2.62
3.00 2.59
3.00 4.11
3.50 2.52
3.50 2.53
3.50 4.09
3.50 5.00
3.50 4.62
3.50 5.00
3.50 4.78
3.50 4.94
3.50 5.00
3.50 2.51
3.50 2.51
3.50 4.09
3.50 4.09
3.50 2.51
3.50 4.78
3.50 2.54
3.50 4.09
3.50 4.89
3.50 4.66
3.50 4.62
3.50 5.00
3.50 4.85
3.50 2.53
3.50 4.09
3.50 4.72
3.50 4.85
3.50 2.52
3.50 4.72
3.50 4.09
3.50 2.51
3.50 4.09
3.50 2.54
3.50 5.00
3.50 4.89
3.50 4.09
4.00 4.09
4.00 2.51
4.00 2.51
4.00 5.00
4.00 2.51
4.00 4.09
4.00 4.09
4.00 5.00
4.00 5.00
4.00 4.09
4.00 5.00
4.00 4.09
4.00 4.09
4.00 5.00
4.00 5.00
4.00 5.00
4.00 4.09
4.00 2.51
4.00 5.00
4.00 2.51
4.00 5.00
4.00 5.00
4.00 2.51
4.00 5.00
4.00 2.51
4.00 2.51
4.00 4.09
4.00 4.96
4.00 2.51
4.00 2.51
4.00 4.09
4.00 5.00
4.00 5.00
4.00 4.09
4.00 5.00
4.50 5.00
4.50 5.00
4.50 2.54
4.50 4.08
4.50 2.51
4.50 5.00
4.50 5.00
4.50 5.00
4.50 5.00
4.50 4.06
4.50 5.00
4.50 5.00
4.50 4.07
4.50 4.07
4.50 2.51
4.50 2.52
4.50 4.09
4.50 4.08
4.50 5.00
4.50 4.08
4.50 2.54
4.50 5.00
4.50 2.53
4.50 5.00
4.50 5.00
4.50 4.06
4.50 4.08
4.50 4.09
4.50 2.53
4.50 5.00
4.50 5.00
4.50 2.52
4.50 2.52
4.50 2.52
4.50 5.00
5.00 2.63
5.00 5.00
5.00 2.22
5.00 2.36
5.00 5.00
5.00 5.00
5.00 2.60
5.00 5.00
5.00 5.00
5.00 2.46
5.00 5.00
5.00 5.00
5.00 2.37
5.00 5.00
5.00 5.00
5.00 5.00
5.00 5.00
5.00 5.00
5.00 2.33
5.00 2.31
5.00 3.85
5.00 2.35
5.00 1.94
5.00 5.00
5.00 5.00
5.00 2.73
5.00 5.00
5.00 5.00
5.00 2.19
5.00 5.00
5.00 2.03
5.00 5.00
5.00 3.70
5.00 2.19
5.00 5.00
5.00 5.00
5.00 5.00
5.00 5.00
5.00 5.00
5.00 5.00
5.00 5.00
5.00 5.00
5.00 3.45
5.00 5.00
5.00 4.13
5.00 2.35
5.00 5.00
5.00 5.00
5.00 2.74
5.00 5.00
5.00 3.33
5.00 5.00
5.00 5.00
5.00 5.00
5.00 5.00
5.00 2.33
5.00 3.06
5.00 3.64
5.00 5.00
5.00 2.22
5.00 5.00
5.00 5.00
5.00 2.00
5.00 2.34
5.00 5.00
5.00 5.00
5.00 2.74
5.00 5.00
5.00 5.00
5.00 2.27
5.00 2.42
5.00 5.00
5.00 2.75
5.00 5.00
5.00 2.21
5.00 5.00
5.00 2.50
5.00 5.00
5.00 5.00
5.00 3.53
5.00 5.00
5.00 5.00
5.00 2.25
5.00 5.00
5.00 5.00
5.00 2.71
5.00 5.00
5.00 5.00
5.00 2.62
5.00 5.00
5.00 5.00
5.00 2.34
5.00 2.06
5.00 2.24
5.00 5.00
5.00 5.00
5.00 5.00
5.00 5.00
5.00 5.00
5.00 5.00
5.00 3.49
5.00 5.00
5.00 2.35
5.00 5.00
5.00 2.41
0.00 1.66
0.00 1.50
0.00 1.20
0.00 1.10
0.00 1.06
0.00 1.34
0.00 1.49
0.00 1.10
0.00 0.79
0.00 1.06
0.00 1.00
0.00 0.99
0.00 1.21
0.00 1.10
0.00 1.66
0.00 1.21
0.00 1.21
0.00 1.10
0.00 1.49
0.00 1.10
0.00 0.70
0.00 1.30
0.00 1.34
0.00 1.50
0.00 1.35
0.00 1.00
0.00 1.10
0.00 1.20
0.00 0.70
0.00 0.79
0.00 1.10
0.00 1.30
0.00 0.89
0.00 0.99
0.00 1.35
0.50 1.97
0.50 1.85
0.50 1.73
0.50 1.85
0.50 1.61
1.00 2.22
1.00 2.59
1.00 2.39
1.00 2.39
1.00 2.77
1.50 3.05
1.50 2.88
1.50 2.99
1.50 3.50
1.50 3.26
2.00 4.70
2.00 3.10
2.00 3.10
2.00 4.71
2.00 3.08
2.50 3.08
2.50 3.08
2.50 3.07
2.50 3.08
2.50 4.78
3.00 3.03
3.00 4.91
3.00 4.84
3.00 4.95
3.00 4.83
3.50 5.00
3.50 5.00
3.50 2.91
3.50 2.93
3.50 5.00
4.00 5.00
4.00 5.00
4.00 5.00
4.00 2.89
4.00 5.00
5.00 1.92
5.00 3.05
5.00 3.97
5.00 2.45
5.00 1.91
5.00 2.65
5.00 2.34
5.00 5.00
5.00 4.17
5.00 0.77
5.00 5.00
5.00 0.70
5.00 0.74
5.00 4.19
5.00 5.00
0.00 1.31
0.00 1.41
0.00 1.21
0.00 1.11
0.00 1.31
4.50 5.00
4.50 5.00
4.50 5.00
4.50 5.00
4.50 5.00
0.50 2.02
0.50 2.02
0.50 2.68
0.50 2.45
0.50 2.05
0.50 1.61
0.50 1.61
0.50 2.24
0.50 1.85
0.50 2.24
0.50 1.88
0.50 1.88
0.50 1.49
0.50 1.74
0.50 2.05
1.00 2.94
1.00 3.83
1.00 2.94
1.00 2.15
1.00 3.83
1.00 2.91
1.00 2.03
1.00 2.51
1.00 3.51
1.00 2.33
1.00 2.70
1.00 4.19
1.00 2.16
1.00 2.06
1.00 3.23
1.50 4.60
1.50 4.60
1.50 5.00
1.50 2.41
1.50 4.79
1.50 2.29
1.50 4.96
1.50 2.24
1.50 4.96
1.50 2.19
1.50 4.87
1.50 3.35
1.50 3.13
1.50 2.34
1.50 4.79
2.00 4.45
2.00 4.47
2.00 4.67
2.00 4.56
2.00 4.72
2.00 4.72
2.00 2.49
2.00 2.53
2.00 2.51
2.00 2.55
2.00 4.58
2.00 4.52
2.00 4.67
2.00 4.55
2.00 2.48
2.50 4.80
2.50 4.73
2.50 4.53
2.50 4.51
2.50 2.64
2.50 4.66
2.50 2.61
2.50 4.50
2.50 2.73
2.50 4.88
2.50 4.51
2.50 4.52
2.50 2.68
2.50 2.58
2.50 4.51
3.00 4.99
3.00 5.00
3.00 5.00
3.00 4.54
3.00 4.53
3.00 5.00
3.00 4.53
3.00 4.54
3.00 5.00
3.00 4.57
3.00 4.51
3.00 4.59
3.00 4.59
3.00 4.57
3.00 4.51
3.50 5.00
3.50 4.72
3.50 5.00
3.50 4.65
3.50 4.55
3.50 4.72
3.50 4.55
3.50 4.69
3.50 5.00
3.50 4.69
3.50 4.65
3.50 4.62
3.50 5.00
3.50 5.00
3.50 4.62
4.00 4.91
4.00 5.00
4.00 5.00
4.00 5.00
4.00 4.81
4.00 4.65
4.00 5.00
4.00 4.65
4.00 5.00
4.00 4.91
4.00 4.91
4.00 4.97
4.00 4.91
4.00 4.81
4.00 4.97
4.50 5.00
4.50 5.00
4.50 5.00
4.50 5.00
4.50 5.00
4.50 4.94
4.50 5.00
4.50 5.00
4.50 5.00
4.50 5.00
4.50 4.85
4.50 5.00
4.50 5.00
4.50 5.00
4.50 5.00
5.00 5.00
5.00 5.00
5.00 5.00
5.00 2.59
5.00 5.00
5.00 5.00
5.00 5.00
5.00 4.12
5.00 5.00
5.00 5.00
5.00 5.00
5.00 5.00
5.00 5.00
5.00 2.43
5.00 5.00
5.00 2.68
5.00 5.00
5.00 5.00
5.00 5.00
5.00 5.00
5.00 5.00
5.00 5.00
5.00 2.41
5.00 5.00
5.00 4.41
5.00 5.00
5.00 5.00
5.00 4.11
5.00 5.00
5.00 5.00
5.00 4.17
5.00 5.00
5.00 5.00
5.00 5.00
5.00 5.00
5.00 2.60
5.00 5.00
5.00 3.24
5.00 5.00
5.00 5.00
5.00 5.00
5.00 5.00
5.00 5.00
5.00 5.00
5.00 2.42
0.00 1.19
0.00 1.09
0.00 1.39
0.00 1.22
0.00 1.39
0.00 1.36
0.00 1.68
0.00 1.68
0.00 1.09
0.00 1.51
0.00 1.11
0.00 1.29
0.00 0.99
0.00 1.22
0.00 1.51
0.50 1.86
0.50 2.41
0.50 2.01
0.50 1.68
0.50 2.02
0.50 2.02
0.50 2.21
0.50 2.41
0.50 1.68
0.50 2.37
0.50 2.21
0.50 1.86
0.50 1.85
0.50 1.68
0.50 2.19
1.00 3.35
1.00 2.86
1.00 2.86
1.00 3.09
1.00 3.30
1.00 3.35
1.00 3.04
1.00 2.58
1.00 3.58
1.00 3.09
1.00 2.62
1.00 3.63
1.00 2.81
1.00 2.62
1.00 3.58
1.50 4.11
1.50 4.20
1.50 4.17
1.50 4.14
1.50 4.24
1.50 4.19
1.50 4.28
1.50 4.05
1.50 4.11
1.50 3.93
1.50 4.14
1.50 4.28
1.50 3.89
1.50 4.17
1.50 4.05
2.00 3.81
2.00 4.09
2.00 4.11
2.00 4.08
2.00 3.99
2.00 4.08
2.00 4.09
2.00 3.89
2.00 4.05
2.00 4.03
2.00 3.99
2.00 3.81
2.00 4.05
2.00 3.84
2.00 3.84
2.50 3.78
2.50 4.01
2.50 3.78
2.50 3.75
2.50 4.02
2.50 4.02
2.50 4.02
2.50 3.71
2.50 3.71
2.50 3.69
2.50 4.01
2.50 4.01
2.50 3.75
2.50 4.01
2.50 3.73
3.00 4.12
3.00 3.66
3.00 3.66
3.00 3.65
3.00 3.65
3.00 4.07
3.00 3.68
3.00 4.04
3.00 4.05
3.00 3.65
3.00 4.09
3.00 3.67
3.00 4.12
3.00 4.07
3.00 4.09
3.50 4.19
3.50 4.31
3.50 3.64
3.50 4.15
3.50 4.15
3.50 3.64
3.50 4.22
3.50 4.22
3.50 3.64
3.50 3.64
3.50 3.64
3.50 3.64
3.50 3.64
3.50 4.19
3.50 4.27
4.00 3.63
4.00 3.63
4.00 3.63
4.00 3.63
4.00 4.58
4.00 3.63
4.00 4.36
4.00 3.62
4.00 4.52
4.00 3.63
4.00 3.63
4.00 4.58
4.00 4.52
4.00 4.46
4.00 4.41
4.50 4.71
4.50 4.79
4.50 3.60
4.50 4.86
4.50 4.86
4.50 3.58
4.50 4.65
4.50 4.79
4.50 4.94
4.50 4.65
4.50 3.60
4.50 3.62
4.50 3.61
4.50 3.61
4.50 3.61
5.00 3.51
5.00 5.00
5.00 3.96
5.00 5.00
5.00 5.00
5.00 4.19
5.00 5.00
5.00 5.00
5.00 5.00
5.00 3.48
5.00 5.00
5.00 5.00
5.00 0.50
5.00 1.16
5.00 2.15
5.00 5.00
5.00 1.25
5.00 5.00
5.00 4.34
5.00 5.00
5.00 5.00
5.00 3.87
5.00 1.30
5.00 5.00
5.00 5.00
5.00 5.00
5.00 3.56
5.00 5.00
5.00 4.76
5.00 3.52
5.00 5.00
5.00 3.75
5.00 2.10
5.00 3.53
5.00 5.00
5.00 5.00
5.00 5.00
5.00 4.28
5.00 2.21
5.00 5.00
5.00 5.00
5.00 5.00
5.00 5.00
5.00 5.00
5.00 1.10
0.00 1.52
0.00 1.38
0.00 1.10
0.00 1.23
0.00 1.24
0.00 1.11
0.00 1.24
0.00 1.52
0.00 1.10
0.00 1.23
0.00 1.37
0.00 0.98
0.00 1.11
0.00 0.97
0.00 0.97
0.50 1.22
0.50 1.56
0.50 1.88
0.50 1.56
0.50 1.41
0.50 1.51
0.50 1.72
0.50 2.05
0.50 1.32
0.50 1.88
0.50 1.41
0.50 1.63
0.50 1.32
1.00 2.31
1.00 1.76
1.00 3.33
1.00 2.31
1.00 1.76
1.00 2.84
1.00 2.41
1.00 2.41
1.00 2.62
1.00 3.09
1.00 1.89
1.00 2.02
1.00 3.09
1.50 3.20
1.50 2.64
1.50 4.55
1.50 3.59
1.50 3.88
1.50 2.64
1.50 2.82
1.50 3.01
1.50 2.47
1.50 3.88
1.50 3.59
1.50 4.26
1.50 4.20
2.00 4.44
2.00 4.08
2.00 3.84
2.00 4.41
2.00 4.49
2.00 3.61
2.00 4.08
2.00 4.09
2.00 4.44
2.00 4.49
2.00 3.84
2.00 4.41
2.00 4.09
2.50 4.14
2.50 4.14
2.50 4.16
2.50 4.43
2.50 4.41
2.50 4.43
2.50 4.13
2.50 4.42
2.50 4.10
2.50 4.45
2.50 4.42
2.50 4.41
2.50 4.11
3.00 4.52
3.00 4.24
3.00 4.58
3.00 4.49
3.00 4.20
3.00 4.55
3.00 4.25
3.00 4.22
3.00 4.52
3.00 4.49
3.00 4.20
3.00 4.25
3.00 4.58
3.50 4.33
3.50 4.27
3.50 4.76
3.50 4.65
3.50 4.61
3.50 4.32
3.50 4.68
3.50 4.61
3.50 4.72
3.50 4.29
3.50 4.31
3.50 4.32
3.50 4.72
4.00 4.36
4.00 4.34
4.00 4.36
4.00 4.35
4.00 4.95
4.00 4.36
4.00 4.35
4.00 4.91
4.00 4.79
4.00 4.36
4.00 4.36
4.00 4.83
4.00 4.87
4.50 5.00
4.50 5.00
4.50 5.00
4.50 4.32
4.50 4.32
4.50 4.99
4.50 4.35
4.50 5.00
4.50 4.33
4.50 4.34
4.50 4.34
4.50 4.34
4.50 4.35
5.00 3.16
5.00 5.00
5.00 4.33
5.00 5.00
5.00 5.00
5.00 4.17
5.00 3.85
5.00 3.07
5.00 1.86
5.00 0.70
5.00 0.70
5.00 3.86
5.00 5.00
5.00 5.00
5.00 4.88
5.00 1.88
5.00 4.27
5.00 5.00
5.00 2.18
5.00 4.10
5.00 4.94
5.00 5.00
5.00 5.00
5.00 3.97
5.00 3.38
5.00 2.00
5.00 5.00
5.00 0.70
5.00 2.63
5.00 3.75
5.00 4.05
5.00 5.00
5.00 0.70
5.00 4.14
5.00 0.70
5.00 2.41
5.00 2.62
5.00 5.00
5.00 1.93
0.00 1.29
0.00 1.04
0.00 1.04
0.00 1.08
0.00 0.98
0.00 1.03
0.00 0.98
0.00 1.17
0.00 1.19
0.00 1.17
0.00 1.13
0.00 1.42
0.00 1.42
0.50 1.59
0.50 1.69
0.50 1.79
0.50 1.59
0.50 1.69
1.00 2.09
1.00 1.99
1.00 2.29
1.00 1.89
1.00 2.19
1.50 2.38
1.50 2.94
1.50 2.74
1.50 2.74
1.50 3.15
2.00 4.45
2.00 3.87
2.00 3.38
2.00 4.45
2.00 3.38
2.50 4.83
2.50 4.85
2.50 4.81
2.50 4.78
2.50 4.83
3.00 5.00
3.00 4.88
3.00 4.92
3.00 5.00
3.00 4.96
3.50 5.00
3.50 5.00
3.50 5.00
3.50 5.00
3.50 5.00
5.00 3.59
5.00 5.00
5.00 5.00
5.00 5.00
5.00 3.33
5.00 5.00
5.00 5.00
5.00 5.00
5.00 5.00
5.00 5.00
5.00 5.00
5.00 5.00
5.00 5.00
5.00 5.00
5.00 5.00
0.00 3.38
0.00 1.49
0.00 1.39
0.00 2.35
0.00 3.38
4.00 5.00
4.00 5.00
4.00 5.00
4.00 5.00
4.00 5.00
4.50 5.00
4.50 5.00
4.50 5.00
4.50 5.00
4.50 5.00
0.50 1.76
0.50 2.10
0.50 1.82
0.50 1.96
0.50 2.35
0.50 2.12
0.50 2.12
0.50 1.99
0.50 1.62
0.50 1.95
0.50 1.98
0.50 1.95
0.50 2.07
0.50 1.76
0.50 1.99
0.50 2.05
0.50 1.92
0.50 2.14
0.50 1.95
0.50 1.91
0.50 2.25
0.50 1.78
0.50 1.88
0.50 1.58
0.50 2.35
0.50 1.88
0.50 1.76
0.50 1.98
0.50 2.57
0.50 1.56
0.50 1.62
0.50 2.14
0.50 2.05
0.50 1.95
0.50 2.25
1.00 1.87
1.00 2.83
1.00 2.84
1.00 4.02
1.00 1.90
1.00 3.30
1.00 3.68
1.00 2.26
1.00 2.86
1.00 3.06
1.00 2.64
1.00 2.09
1.00 2.29
1.00 3.11
1.00 1.89
1.00 2.84
1.00 1.90
1.00 3.09
1.00 2.26
1.00 1.89
1.00 2.66
1.00 2.63
1.00 2.43
1.00 2.19
1.00 1.75
1.00 2.44
1.00 2.09
1.00 2.83
1.00 2.64
1.00 2.66
1.00 1.88
1.00 3.38
1.00 3.06
1.00 3.68
1.00 2.43
1.50 4.40
1.50 1.89
1.50 4.84
1.50 3.28
1.50 3.08
1.50 1.87
1.50 3.75
1.50 1.76
1.50 3.52
1.50 1.76
1.50 3.83
1.50 3.83
1.50 4.26
1.50 1.89
1.50 3.08
1.50 3.75
1.50 4.68
1.50 1.92
1.50 3.28
1.50 1.79
1.50 4.38
1.50 4.00
1.50 3.79
1.50 4.07
1.50 3.52
1.50 4.68
1.50 3.57
1.50 3.52
1.50 3.32
1.50 4.07
1.50 2.86
1.50 4.84
1.50 3.52
1.50 4.41
1.50 4.40
2.00 1.96
2.00 4.37
2.00 4.36
2.00 4.36
2.00 1.89
2.00 4.41
2.00 1.84
2.00 4.77
2.00 4.37
2.00 3.97
2.00 1.97
2.00 4.24
2.00 4.36
2.00 4.06
2.00 4.37
2.00 4.43
2.00 1.84
2.00 3.97
2.00 4.47
2.00 4.77
2.00 4.36
2.00 3.88
2.00 4.76
2.00 4.37
2.00 4.27
2.00 1.96
2.00 2.03
2.00 4.42
2.00 4.47
2.00 4.43
2.00 4.16
2.00 4.76
2.00 1.97
2.00 4.11
2.00 4.11
2.50 2.11
2.50 3.62
2.50 3.81
2.50 4.51
2.50 4.48
2.50 2.04
2.50 4.45
2.50 4.44
2.50 3.81
2.50 4.47
2.50 4.80
2.50 4.40
2.50 3.68
2.50 4.42
2.50 4.88
2.50 3.74
2.50 3.57
2.50 4.51
2.50 2.11
2.50 2.10
2.50 4.80
2.50 4.85
2.50 4.39
2.50 4.39
2.50 4.85
2.50 4.88
2.50 4.48
2.50 4.47
2.50 2.22
2.50 3.74
2.50 2.10
2.50 2.18
2.50 4.45
2.50 4.40
2.50 3.57
3.00 4.55
3.00 4.58
3.00 5.00
3.00 3.42
3.00 5.00
3.00 3.47
3.00 4.66
3.00 4.62
3.00 2.26
3.00 5.00
3.00 3.43
3.00 2.35
3.00 3.31
3.00 3.39
3.00 4.91
3.00 2.32
3.00 3.38
3.00 3.35
3.00 2.22
3.00 4.91
3.00 4.49
3.00 4.99
3.00 2.29
3.00 4.95
3.00 3.52
3.00 2.22
3.00 4.52
3.00 4.53
3.00 4.62
3.00 2.35
3.00 4.95
3.00 4.62
3.00 3.43
3.00 4.58
3.00 4.49
3.50 1.65
3.50 3.31
3.50 3.22
3.50 4.69
3.50 5.00
3.50 4.73
3.50 3.22
3.50 3.31
3.50 4.73
3.50 3.28
3.50 3.28
3.50 5.00
3.50 2.48
3.50 2.48
3.50 4.69
3.50 3.28
3.50 1.83
3.50 3.25
3.50 5.00
3.50 2.33
3.50 2.33
3.50 4.65
3.50 4.80
3.50 2.05
3.50 3.18
3.50 5.00
3.50 4.69
3.50 5.00
3.50 4.85
3.50 4.80
3.50 4.76
3.50 5.00
3.50 1.83
3.50 3.18
3.50 3.22
4.00 4.97
4.00 3.15
4.00 5.00
4.00 4.89
4.00 1.35
4.00 4.95
4.00 1.44
4.00 3.15
4.00 1.44
4.00 4.91
4.00 4.87
4.00 5.00
4.00 3.07
4.00 3.09
4.00 3.12
4.00 1.49
4.00 3.12
4.00 4.84
4.00 5.00
4.00 1.41
4.00 5.00
4.00 4.87
4.00 4.95
4.00 5.00
4.00 4.98
4.00 4.93
4.00 1.41
4.00 1.35
4.00 4.84
4.00 1.41
4.00 3.10
4.00 1.49
4.00 4.91
4.00 4.98
4.00 5.00
5.00 3.69
5.00 1.73
5.00 5.00
5.00 5.00
5.00 3.08
5.00 1.93
5.00 5.00
5.00 1.84
5.00 5.00
5.00 2.08
5.00 5.00
5.00 5.00
5.00 5.00
5.00 4.04
5.00 3.05
5.00 2.17
5.00 5.00
5.00 5.00
5.00 1.67
5.00 5.00
5.00 2.96
5.00 5.00
5.00 5.00
5.00 5.00
5.00 1.65
5.00 5.00
5.00 5.00
5.00 5.00
5.00 5.00
5.00 5.00
5.00 5.00
5.00 5.00
5.00 1.97
5.00 3.75
5.00 5.00
5.00 5.00
5.00 5.00
5.00 2.84
5.00 1.84
5.00 5.00
5.00 3.10
5.00 5.00
5.00 1.78
5.00 5.00
5.00 5.00
5.00 5.00
5.00 3.43
5.00 5.00
5.00 5.00
5.00 5.00
5.00 5.00
5.00 1.77
5.00 5.00
5.00 2.83
5.00 5.00
5.00 1.62
5.00 5.00
5.00 5.00
5.00 5.00
5.00 5.00
5.00 5.00
5.00 5.00
5.00 5.00
5.00 5.00
5.00 5.00
5.00 5.00
5.00 5.00
5.00 5.00
5.00 5.00
5.00 4.13
5.00 4.31
5.00 4.73
5.00 5.00
5.00 5.00
5.00 5.00
5.00 2.63
5.00 2.67
5.00 5.00
5.00 5.00
5.00 5.00
5.00 5.00
5.00 5.00
5.00 2.65
5.00 4.31
5.00 2.82
5.00 5.00
5.00 5.00
5.00 1.78
5.00 5.00
5.00 1.86
5.00 2.66
5.00 5.00
5.00 1.99
5.00 5.00
5.00 2.51
5.00 3.91
5.00 5.00
5.00 5.00
5.00 5.00
5.00 1.52
5.00 1.67
5.00 3.30
5.00 5.00
5.00 5.00
5.00 5.00
0.00 1.48
0.00 1.14
0.00 1.34
0.00 1.44
0.00 1.25
0.00 2.43
0.00 1.37
0.00 1.15
0.00 1.48
0.00 1.15
0.00 1.38
0.00 1.28
0.00 1.43
0.00 1.48
0.00 1.89
0.00 1.14
0.00 1.14
0.00 1.35
0.00 1.04
0.00 2.20
0.00 1.24
0.00 1.25
0.00 1.59
0.00 2.20
0.00 0.99
0.00 2.31
0.00 1.05
0.00 1.28
0.00 1.28
0.00 1.48
0.00 2.31
0.00 2.56
0.00 2.43
0.00 1.28
0.00 1.14
4.50 1.56
4.50 3.05
4.50 5.00
4.50 5.00
4.50 3.02
4.50 5.00
4.50 5.00
4.50 5.00
4.50 1.49
4.50 5.00
4.50 5.00
4.50 5.00
4.50 3.04
4.50 5.00
4.50 1.49
4.50 5.00
4.50 5.00
4.50 5.00
4.50 1.56
4.50 5.00
4.50 1.47
4.50 1.55
4.50 5.00
4.50 1.52
4.50 1.55
4.50 1.52
4.50 5.00
4.50 5.00
4.50 5.00
4.50 5.00
4.50 3.00
4.50 3.01
4.50 1.47
4.50 5.00
4.50 5.00
0.50 1.78
0.50 2.15
0.50 2.03
0.50 1.91
0.50 1.67
0.50 1.67
0.50 1.91
0.50 1.78
0.50 2.03
0.50 2.15
1.00 2.98
1.00 2.53
1.00 2.53
1.00 2.75
1.00 2.75
1.00 3.23
1.00 3.23
1.00 2.98
1.00 2.34
1.00 2.34
1.50 3.45
1.50 4.50
1.50 3.69
1.50 4.21
1.50 4.50
1.50 4.21
1.50 3.69
1.50 3.45
1.50 3.94
1.50 3.94
2.00 4.69
2.00 4.66
2.00 4.67
2.00 4.67
2.00 4.66
2.00 4.78
2.00 4.69
2.00 4.78
2.00 4.64
2.00 4.64
2.50 4.69
2.50 4.69
2.50 4.66
2.50 4.68
2.50 4.66
2.50 4.68
2.50 4.67
2.50 4.67
2.50 4.66
2.50 4.66
3.00 4.73
3.00 4.73
3.00 4.78
3.00 4.81
3.00 4.76
3.00 4.71
3.00 4.71
3.00 4.76
3.00 4.81
3.00 4.78
3.50 4.98
3.50 4.84
3.50 4.91
3.50 4.91
3.50 4.94
3.50 4.88
3.50 4.98
3.50 4.84
3.50 4.88
3.50 4.94
4.00 5.00
4.00 5.00
4.00 5.00
4.00 5.00
4.00 5.00
4.00 5.00
4.00 5.00
4.00 5.00
4.00 5.00
4.00 5.00
4.50 5.00
4.50 5.00
4.50 5.00
4.50 5.00
4.50 5.00
4.50 5.00
4.50 5.00
4.50 5.00
4.50 5.00
4.50 5.00
5.00 3.68
5.00 5.00
5.00 5.00
5.00 5.00
5.00 5.00
5.00 5.00
5.00 5.00
5.00 5.00
5.00 5.00
5.00 5.00
5.00 5.00
5.00 5.00
5.00 2.77
5.00 5.00
5.00 5.00
5.00 4.70
5.00 5.00
5.00 5.00
5.00 5.00
5.00 5.00
5.00 5.00
5.00 5.00
5.00 5.00
5.00 5.00
5.00 4.80
5.00 5.00
5.00 4.68
5.00 3.94
5.00 5.00
5.00 5.00
0.00 1.55
0.00 1.35
0.00 1.45
0.00 1.15
0.00 1.15
0.00 1.45
0.00 1.35
0.00 1.25
0.00 1.55
0.00 1.25
0.50 1.75
0.50 1.96
0.50 2.32
0.50 1.55
0.50 1.62
0.50 1.65
0.50 1.79
0.50 1.45
0.50 1.79
0.50 1.62
0.50 1.35
0.50 1.65
0.50 1.96
0.50 1.45
0.50 1.55
1.00 2.20
1.00 2.08
1.00 3.49
1.00 2.99
1.00 1.97
1.00 2.74
1.00 2.52
1.00 3.49
1.00 3.23
1.00 1.86
1.00 1.86
1.00 2.08
1.00 2.32
1.00 3.23
1.00 2.32
1.50 3.78
1.50 4.37
1.50 2.84
1.50 2.48
1.50 3.04
1.50 2.84
1.50 3.26
1.50 4.37
1.50 3.78
1.50 4.46
1.50 4.46
1.50 4.29
1.50 4.10
1.50 3.04
1.50 2.66
2.00 4.21
2.00 3.47
2.00 4.15
2.00 4.21
2.00 3.98
2.00 4.21
2.00 4.03
2.00 3.95
2.00 3.98
2.00 3.47
2.00 3.70
2.00 4.21
2.00 4.50
2.00 4.09
2.00 4.03
2.50 3.94
2.50 3.80
2.50 3.90
2.50 4.59
2.50 4.56
2.50 3.80
2.50 4.56
2.50 3.90
2.50 3.87
2.50 4.54
2.50 3.94
2.50 4.59
2.50 4.52
2.50 4.51
2.50 4.51
3.00 4.62
3.00 3.69
3.00 3.69
3.00 3.73
3.00 3.78
3.00 3.71
3.00 4.71
3.00 4.64
3.00 3.73
3.00 4.68
3.00 3.71
3.00 3.75
3.00 4.68
3.00 4.62
3.00 4.74
3.50 4.63
3.50 3.62
3.50 3.66
3.50 4.89
3.50 3.62
3.50 3.60
3.50 3.64
3.50 4.64
3.50 3.66
3.50 3.58
3.50 4.78
3.50 3.64
3.50 4.69
3.50 4.81
3.50 3.60
5.00 4.56
5.00 5.00
5.00 2.24
5.00 4.45
5.00 3.81
5.00 3.06
5.00 3.29
5.00 4.49
5.00 4.46
5.00 4.47
5.00 3.67
5.00 5.00
5.00 3.89
5.00 4.23
5.00 5.00
5.00 5.00
5.00 5.00
5.00 4.80
5.00 3.66
5.00 3.69
5.00 4.44
5.00 4.57
5.00 1.91
5.00 3.92
5.00 2.27
5.00 5.00
5.00 2.77
5.00 4.50
5.00 3.79
5.00 4.52
5.00 5.00
5.00 5.00
5.00 3.00
5.00 5.00
5.00 2.24
5.00 5.00
5.00 4.59
5.00 5.00
5.00 2.29
5.00 3.30
5.00 5.00
5.00 5.00
5.00 1.95
5.00 5.00
5.00 5.00
0.00 1.25
0.00 1.85
0.00 1.01
0.00 1.31
0.00 1.31
0.00 1.47
0.00 1.85
0.00 1.33
0.00 1.25
0.00 1.47
0.00 1.20
0.00 1.11
0.00 1.11
0.00 1.56
0.00 1.20
4.00 5.00
4.00 3.54
4.00 4.99
4.00 3.56
4.00 3.56
4.00 3.52
4.00 3.54
4.00 3.52
4.00 3.50
4.00 3.48
4.00 3.48
4.00 5.00
4.00 5.00
4.00 3.50
4.00 4.96
4.50 3.46
4.50 3.41
4.50 5.00
4.50 3.37
4.50 3.39
4.50 3.41
4.50 3.37
4.50 5.00
4.50 5.00
4.50 5.00
4.50 3.46
4.50 5.00
4.50 3.43
4.50 3.43
4.50 3.39
0.50 1.50
0.50 1.50
0.50 1.53
0.50 1.40
0.50 1.83
0.50 1.59
0.50 1.97
0.50 2.13
0.50 1.59
0.50 2.13
0.50 1.78
0.50 1.68
0.50 1.40
0.50 1.68
0.50 1.67
0.50 1.97
0.50 1.78
1.00 2.70
1.00 2.09
1.00 2.09
1.00 2.31
1.00 2.20
1.00 2.90
1.00 2.31
1.00 1.87
1.00 2.90
1.00 1.98
1.00 2.20
1.00 3.11
1.00 2.70
1.00 2.50
1.00 2.31
1.00 1.98
1.00 2.50
1.50 3.86
1.50 3.69
1.50 2.80
1.50 3.58
1.50 2.43
1.50 4.73
1.50 3.86
1.50 3.27
1.50 3.58
1.50 3.33
1.50 2.80
1.50 3.77
1.50 4.73
1.50 3.89
1.50 3.69
1.50 2.43
1.50 3.77
2.00 3.61
2.00 3.61
2.00 5.00
2.00 5.00
2.00 5.00
2.00 3.54
2.00 3.41
2.00 3.47
2.00 5.00
2.00 5.00
2.00 3.47
2.00 5.00
2.00 3.35
2.00 3.54
2.00 5.00
2.00 5.00
2.00 5.00
2.50 3.16
2.50 3.30
2.50 3.25
2.50 3.16
2.50 3.25
2.50 3.30
2.50 3.20
2.50 4.91
2.50 3.12
2.50 5.00
2.50 3.12
2.50 4.82
2.50 4.82
2.50 3.20
2.50 5.00
2.50 5.00
2.50 4.91
3.00 3.08
3.00 3.01
3.00 4.49
3.00 4.67
3.00 4.61
3.00 3.04
3.00 3.01
3.00 2.98
3.00 2.94
3.00 2.98
3.00 4.74
3.00 4.55
3.00 4.67
3.00 4.49
3.00 3.04
3.00 4.55
3.00 2.94
3.50 4.25
3.50 4.34
3.50 2.88
3.50 4.39
3.50 2.80
3.50 4.29
3.50 2.83
3.50 4.25
3.50 2.85
3.50 4.34
3.50 2.88
3.50 4.39
3.50 4.29
3.50 2.80
3.50 2.91
3.50 2.91
3.50 4.44
4.00 2.69
4.00 2.71
4.00 2.78
4.00 4.09
4.00 2.75
4.00 4.21
4.00 4.06
4.00 2.75
4.00 2.69
4.00 2.71
4.00 2.73
4.00 4.13
4.00 4.06
4.00 4.17
4.00 2.73
4.00 2.78
4.00 4.13
4.50 2.60
4.50 3.98
4.50 2.65
4.50 2.63
4.50 2.65
4.50 3.98
4.50 2.62
4.50 2.62
4.50 2.67
4.50 4.02
4.50 3.91
4.50 2.60
4.50 2.63
4.50 3.95
4.50 3.91
4.50 3.87
4.50 4.02
5.00 5.00
5.00 2.75
5.00 5.00
5.00 5.00
5.00 2.59
5.00 4.29
5.00 5.00
5.00 5.00
5.00 5.00
5.00 5.00
5.00 3.88
5.00 5.00
5.00 5.00
5.00 5.00
5.00 5.00
5.00 5.00
5.00 5.00
5.00 5.00
5.00 5.00
5.00 5.00
5.00 5.00
5.00 5.00
5.00 5.00
5.00 2.62
5.00 5.00
5.00 2.55
5.00 2.57
5.00 5.00
5.00 4.97
5.00 5.00
5.00 3.55
5.00 3.80
5.00 5.00
5.00 2.55
5.00 5.00
5.00 5.00
5.00 5.00
5.00 5.00
5.00 5.00
5.00 5.00
5.00 5.00
5.00 3.67
5.00 5.00
5.00 5.00
5.00 2.57
5.00 5.00
5.00 5.00
5.00 3.61
5.00 5.00
5.00 5.00
5.00 5.00
0.00 1.39
0.00 1.15
0.00 1.22
0.00 0.94
0.00 1.04
0.00 1.22
0.00 1.39
0.00 0.94
0.00 1.04
0.00 0.93
0.00 1.03
0.00 1.27
0.00 0.93
0.00 1.27
0.00 1.31
0.00 1.12
0.00 1.15
0.50 1.22
0.50 2.04
0.50 1.38
0.50 1.31
0.50 1.66
0.50 1.62
0.50 2.15
0.50 1.46
0.50 2.04
0.50 1.84
0.50 1.63
0.50 1.60
0.50 1.74
0.50 1.49
0.50 2.34
0.50 1.73
0.50 1.98
0.50 1.98
0.50 1.75
0.50 1.63
0.50 1.53
0.50 1.82
0.50 1.49
0.50 1.63
0.50 1.66
0.50 1.82
0.50 1.49
0.50 1.84
0.50 1.22
0.50 1.27
0.50 1.89
0.50 1.73
0.50 1.43
0.50 1.53
0.50 1.40
1.00 1.88
1.00 2.29
1.00 2.39
1.00 2.34
1.00 2.47
1.00 2.39
1.00 2.52
1.00 2.15
1.00 2.66
1.00 1.95
1.00 1.96
1.00 2.14
1.00 2.30
1.00 3.24
1.00 2.06
1.00 2.18
1.00 2.59
1.00 2.97
1.00 2.21
1.00 1.96
1.00 1.95
1.00 2.46
1.00 2.77
1.00 2.01
1.00 2.48
1.00 2.43
1.00 2.18
1.00 2.53
1.00 1.79
1.00 2.75
1.00 2.34
1.00 3.50
1.00 2.46
1.00 2.21
1.00 2.97
1.50 3.26
1.50 2.64
1.50 4.75
1.50 3.49
1.50 3.58
1.50 4.87
1.50 4.79
1.50 2.97
1.50 3.26
1.50 3.04
1.50 2.64
1.50 3.16
1.50 3.49
1.50 3.41
1.50 3.67
1.50 2.61
1.50 4.08
1.50 3.58
1.50 2.84
1.50 2.59
1.50 4.17
1.50 3.35
1.50 2.65
1.50 2.84
1.50 3.49
1.50 2.67
1.50 2.80
1.50 2.84
1.50 3.49
1.50 3.67
1.50 2.69
1.50 2.57
1.50 2.65
1.50 5.00
1.50 3.04
2.00 2.61
2.00 2.54
2.00 3.99
2.00 4.71
2.00 3.34
2.00 4.45
2.00 3.41
2.00 3.34
2.00 3.44
2.00 3.15
2.00 3.27
2.00 4.27
2.00 4.65
2.00 2.43
2.00 4.58
2.00 3.27
2.00 4.57
2.00 3.50
2.00 3.41
2.00 2.28
2.00 4.62
2.00 2.20
2.00 3.99
2.00 2.58
2.00 3.73
2.00 3.15
2.00 4.68
2.00 4.59
2.00 2.36
2.00 4.27
2.00 4.33
2.00 2.51
2.00 4.72
2.00 4.58
2.00 3.21
2.50 3.04
2.50 4.60
2.50 3.23
2.50 3.10
2.50 4.59
2.50 4.65
2.50 3.00
2.50 2.05
2.50 1.91
2.50 3.04
2.50 4.62
2.50 4.09
2.50 2.96
2.50 4.71
2.50 3.98
2.50 4.62
2.50 4.60
2.50 2.92
2.50 3.27
2.50 4.67
2.50 1.98
2.50 2.37
2.50 3.00
2.50 2.45
2.50 4.61
2.50 4.58
2.50 2.40
2.50 2.96
2.50 4.65
2.50 1.83
2.50 4.59
2.50 2.13
2.50 2.92
2.50 2.34
2.50 2.43
5.00 0.44
5.00 5.00
5.00 0.41
5.00 5.00
5.00 5.00
5.00 0.72
5.00 0.56
5.00 5.00
5.00 5.00
5.00 3.24
5.00 5.00
5.00 5.00
5.00 2.26
5.00 3.99
5.00 5.00
5.00 0.57
5.00 5.00
5.00 0.90
5.00 2.54
5.00 5.00
5.00 5.00
5.00 2.10
5.00 0.69
5.00 0.62
5.00 5.00
5.00 3.23
5.00 3.71
5.00 5.00
5.00 5.00
5.00 0.23
5.00 3.72
5.00 5.00
5.00 2.24
5.00 5.00
5.00 2.09
5.00 3.46
5.00 0.45
5.00 5.00
5.00 5.00
5.00 5.00
5.00 5.00
5.00 2.18
5.00 0.49
5.00 5.00
5.00 0.41
5.00 3.10
5.00 3.53
5.00 2.33
5.00 0.44
5.00 5.00
5.00 5.00
5.00 5.00
5.00 0.91
5.00 2.75
5.00 2.56
5.00 5.00
5.00 5.00
5.00 5.00
5.00 0.56
5.00 5.00
5.00 5.00
5.00 4.47
5.00 5.00
5.00 5.00
5.00 0.26
5.00 5.00
5.00 2.19
5.00 5.00
5.00 3.25
5.00 5.00
5.00 3.33
5.00 4.90
5.00 5.00
5.00 0.85
5.00 5.00
5.00 2.05
5.00 2.07
5.00 2.68
5.00 2.05
5.00 1.95
5.00 0.58
5.00 0.48
5.00 5.00
5.00 1.66
5.00 5.00
5.00 0.52
5.00 1.80
5.00 1.95
5.00 2.47
5.00 3.98
5.00 0.91
5.00 5.00
5.00 0.87
5.00 4.03
5.00 0.46
5.00 5.00
5.00 2.19
5.00 2.58
5.00 5.00
5.00 3.68
5.00 5.00
5.00 1.85
5.00 5.00
5.00 5.00
5.00 5.00
0.00 1.53
0.00 1.52
0.00 1.09
0.00 1.23
0.00 1.19
0.00 1.06
0.00 0.86
0.00 1.23
0.00 1.17
0.00 0.95
0.00 1.02
0.00 1.53
0.00 0.85
0.00 1.23
0.00 0.86
0.00 1.38
0.00 1.10
0.00 1.33
0.00 1.23
0.00 1.21
0.00 0.95
0.00 1.19
0.00 1.27
0.00 1.29
0.00 1.33
0.00 1.17
0.00 1.09
0.00 1.02
0.00 1.04
0.00 0.77
0.00 1.10
0.00 1.13
0.00 0.86
0.00 0.97
0.00 1.13
3.00 4.55
3.00 2.81
3.00 2.88
3.00 2.84
3.00 1.77
3.00 2.78
3.00 4.74
3.00 2.92
3.00 4.82
3.00 2.95
3.00 2.88
3.00 2.84
3.00 4.78
3.00 4.82
3.00 4.68
3.00 2.75
3.00 4.91
3.00 2.78
3.00 4.56
3.00 4.78
3.00 1.51
3.00 1.57
3.00 2.81
3.00 4.68
3.00 4.74
3.00 1.70
3.00 4.91
3.00 2.21
3.00 2.24
3.00 4.57
3.00 4.58
3.00 1.64
3.00 2.31
3.00 2.75
3.00 4.58
3.50 5.00
3.50 5.00
3.50 4.68
3.50 2.64
3.50 4.74
3.50 5.00
3.50 2.80
3.50 5.00
3.50 1.33
3.50 1.45
3.50 1.27
3.50 2.72
3.50 2.84
3.50 2.70
3.50 2.68
3.50 1.39
3.50 2.88
3.50 2.66
3.50 4.64
3.50 5.00
3.50 2.73
3.50 4.61
3.50 2.66
3.50 2.68
3.50 2.70
3.50 5.00
3.50 2.72
3.50 4.76
3.50 5.00
3.50 1.21
3.50 4.74
3.50 4.72
3.50 5.00
3.50 2.64
3.50 2.76
4.00 2.60
4.00 1.16
4.00 2.59
4.00 2.63
4.00 5.00
4.00 2.59
4.00 2.59
4.00 5.00
4.00 5.00
4.00 4.91
4.00 4.86
4.00 5.00
4.00 5.00
4.00 4.96
4.00 0.99
4.00 2.58
4.00 5.00
4.00 2.62
4.00 2.57
4.00 2.69
4.00 5.00
4.00 1.10
4.00 2.55
4.00 0.95
4.00 5.00
4.00 2.60
4.00 2.62
4.00 5.00
4.00 5.00
4.00 2.66
4.00 1.05
4.00 4.81
4.00 5.00
4.00 2.57
4.00 2.58
4.50 2.55
4.50 2.56
4.50 0.79
4.50 0.75
4.50 5.00
4.50 2.55
4.50 2.51
4.50 2.55
4.50 5.00
4.50 5.00
4.50 0.90
4.50 5.00
4.50 2.54
4.50 5.00
4.50 5.00
4.50 2.55
4.50 5.00
4.50 2.39
4.50 0.86
4.50 5.00
4.50 5.00
4.50 5.00
4.50 2.42
4.50 5.00
4.50 0.82
4.50 5.00
4.50 2.54
4.50 2.54
4.50 5.00
4.50 2.56
4.50 5.00
4.50 2.54
4.50 5.00
4.50 2.48
4.50 2.45
0.50 1.83
0.50 1.57
0.50 2.11
0.50 1.97
0.50 1.70
1.00 2.45
1.00 2.85
1.00 3.07
1.00 2.85
1.00 2.28
1.50 3.78
1.50 3.29
1.50 4.35
1.50 4.05
1.50 4.35
2.00 4.33
2.00 4.34
2.00 4.33
2.00 4.33
2.00 4.33
2.50 4.39
2.50 4.34
2.50 4.35
2.50 4.38
2.50 4.36
3.00 4.41
3.00 4.50
3.00 4.45
3.00 4.45
3.00 4.48
3.50 4.52
3.50 4.59
3.50 4.52
3.50 4.57
3.50 4.61
5.00 3.46
5.00 4.26
5.00 4.01
5.00 4.68
5.00 2.67
5.00 4.47
5.00 4.87
5.00 5.00
5.00 5.00
5.00 4.35
5.00 3.85
5.00 5.00
5.00 3.45
5.00 3.28
5.00 4.18
0.00 1.05
0.00 1.15
0.00 1.45
0.00 1.25
0.00 1.35
4.00 4.63
4.00 4.66
4.00 4.69
4.00 4.64
4.00 4.68
4.50 4.71
4.50 4.71
4.50 4.71
4.50 4.71
4.50 4.70
0.50 1.47
0.50 1.75
0.50 1.80
0.50 1.60
0.50 1.60
0.50 1.50
0.50 1.90
0.50 1.70
0.50 1.61
0.50 1.88
0.50 1.35
0.50 1.70
0.50 1.90
0.50 1.88
0.50 1.80
0.50 1.50
1.00 2.14
1.00 2.14
1.00 2.51
1.00 2.51
1.00 2.51
1.00 2.02
1.00 2.17
1.00 2.38
1.00 2.26
1.00 2.67
1.00 2.17
1.00 2.51
1.00 2.02
1.00 2.26
1.00 2.02
1.00 2.33
1.50 4.15
1.50 5.00
1.50 5.00
1.50 3.44
1.50 3.45
1.50 5.00
1.50 3.23
1.50 2.92
1.50 3.44
1.50 2.84
1.50 5.00
1.50 2.92
1.50 3.23
1.50 3.38
1.50 3.03
1.50 4.15
2.00 3.08
2.00 5.00
2.00 5.00
2.00 3.08
2.00 3.19
2.00 3.25
2.00 3.13
2.00 5.00
2.00 3.31
2.00 5.00
2.00 5.00
2.00 5.00
2.00 5.00
2.00 5.00
2.00 3.13
2.00 3.31
2.50 2.95
2.50 2.91
2.50 2.95
2.50 5.00
2.50 2.87
2.50 2.99
2.50 5.00
2.50 5.00
2.50 3.03
2.50 5.00
2.50 3.03
2.50 5.00
2.50 5.00
2.50 5.00
2.50 5.00
2.50 2.99
3.00 5.00
3.00 2.71
3.00 2.71
3.00 2.77
3.00 5.00
3.00 5.00
3.00 2.74
3.00 2.80
3.00 5.00
3.00 2.84
3.00 5.00
3.00 5.00
3.00 2.77
3.00 5.00
3.00 5.00
3.00 2.74
3.50 2.59
3.50 5.00
3.50 5.00
3.50 2.66
3.50 5.00
3.50 5.00
3.50 5.00
3.50 5.00
3.50 2.68
3.50 2.66
3.50 2.59
3.50 2.63
3.50 5.00
3.50 5.00
3.50 2.63
3.50 5.00
4.00 2.55
4.00 2.55
4.00 5.00
4.00 5.00
4.00 5.00
4.00 2.57
4.00 5.00
4.00 5.00
4.00 2.51
4.00 5.00
4.00 5.00
4.00 2.52
4.00 2.54
4.00 2.52
4.00 2.51
4.00 5.00
4.50 5.00
4.50 2.50
4.50 2.47
4.50 5.00
4.50 5.00
4.50 2.48
4.50 2.50
4.50 5.00
4.50 5.00
4.50 2.47
4.50 2.48
4.50 5.00
4.50 2.48
4.50 5.00
4.50 5.00
4.50 2.48
5.00 4.84
5.00 5.00
5.00 5.00
5.00 5.00
5.00 5.00
5.00 5.00
5.00 5.00
5.00 5.00
5.00 5.00
5.00 5.00
5.00 2.69
5.00 5.00
5.00 5.00
5.00 5.00
5.00 2.58
5.00 5.00
5.00 5.00
5.00 5.00
5.00 5.00
5.00 2.57
5.00 5.00
5.00 5.00
5.00 5.00
5.00 5.00
5.00 5.00
5.00 5.00
5.00 5.00
5.00 5.00
5.00 5.00
5.00 5.00
5.00 5.00
5.00 5.00
5.00 5.00
5.00 5.00
5.00 5.00
5.00 5.00
5.00 5.00
5.00 5.00
5.00 5.00
5.00 5.00
5.00 5.00
5.00 5.00
5.00 5.00
5.00 3.84
5.00 5.00
5.00 5.00
5.00 5.00
5.00 5.00
0.00 1.00
0.00 1.24
0.00 1.10
0.00 0.83
0.00 1.20
0.00 1.40
0.00 1.20
0.00 0.83
0.00 1.02
0.00 0.93
0.00 1.00
0.00 1.02
0.00 0.93
0.00 1.10
0.00 1.30
0.00 1.13
0.50 2.04
0.50 2.44
0.50 2.44
0.50 1.85
0.50 1.84
0.50 2.68
0.50 1.65
0.50 2.23
0.50 1.45
0.50 1.85
0.50 2.68
0.50 2.23
0.50 1.75
0.50 1.84
0.50 1.55
1.00 2.05
1.00 4.22
1.00 3.53
1.00 3.85
1.00 2.24
1.00 2.94
1.00 2.14
1.00 3.24
1.00 2.34
1.00 2.94
1.00 3.85
1.00 4.22
1.00 2.05
1.00 3.53
1.00 1.95
1.50 2.74
1.50 2.54
1.50 2.84
1.50 4.78
1.50 2.44
1.50 2.44
1.50 4.43
1.50 5.00
1.50 4.46
1.50 2.54
1.50 4.54
1.50 2.74
1.50 4.39
1.50 2.64
1.50 4.64
2.00 4.40
2.00 5.00
2.00 3.81
2.00 4.28
2.00 3.81
2.00 4.45
2.00 4.36
2.00 3.27
2.00 5.00
2.00 4.24
2.00 4.63
2.00 3.27
2.00 5.00
2.00 4.21
2.00 4.32
2.50 5.00
2.50 5.00
2.50 5.00
2.50 5.00
2.50 4.14
2.50 4.12
2.50 5.00
2.50 4.32
2.50 5.00
2.50 4.07
2.50 5.00
2.50 4.10
2.50 4.27
2.50 4.26
2.50 5.00
3.00 5.00
3.00 5.00
3.00 4.02
3.00 5.00
3.00 3.99
3.00 5.00
3.00 5.00
3.00 5.00
3.00 4.24
3.00 4.24
3.00 4.01
3.00 3.95
3.00 4.25
3.00 5.00
3.00 4.25
3.50 5.00
3.50 5.00
3.50 3.81
3.50 4.29
3.50 5.00
3.50 4.26
3.50 3.71
3.50 3.90
3.50 5.00
3.50 5.00
3.50 3.76
3.50 5.00
3.50 5.00
3.50 5.00
3.50 4.27
4.00 3.66
4.00 3.51
4.00 5.00
4.00 3.61
4.00 4.38
4.00 5.00
4.00 5.00
4.00 4.43
4.00 4.41
4.00 5.00
4.00 3.56
4.00 4.35
4.00 5.00
4.00 4.46
4.00 5.00
5.00 5.00
5.00 5.00
5.00 0.90
5.00 5.00
5.00 5.00
5.00 4.57
5.00 5.00
5.00 0.69
5.00 5.00
5.00 5.00
5.00 5.00
5.00 4.43
5.00 5.00
5.00 5.00
5.00 5.00
5.00 0.80
5.00 5.00
5.00 5.00
5.00 5.00
5.00 2.93
5.00 0.67
5.00 0.92
5.00 5.00
5.00 3.73
5.00 5.00
5.00 3.71
5.00 5.00
5.00 5.00
5.00 5.00
5.00 0.93
5.00 5.00
5.00 5.00
5.00 5.00
5.00 5.00
5.00 4.65
5.00 0.67
5.00 4.66
5.00 5.00
5.00 5.00
5.00 0.56
5.00 2.08
5.00 5.00
5.00 5.00
5.00 5.00
5.00 0.92
0.00 1.05
0.00 2.19
0.00 1.35
0.00 1.66
0.00 1.34
0.00 1.35
0.00 2.19
0.00 1.49
0.00 1.76
0.00 1.66
0.00 1.43
0.00 1.19
0.00 1.43
0.00 1.19
0.00 1.35
4.50 5.00
4.50 5.00
4.50 4.49
4.50 4.60
4.50 5.00
4.50 4.55
4.50 5.00
4.50 4.52
4.50 5.00
4.50 5.00
4.50 5.00
4.50 4.58
4.50 5.00
4.50 5.00
4.50 5.00
0.50 1.91
0.50 1.49
0.50 1.52
0.50 1.37
0.50 1.39
0.50 1.91
0.50 1.82
0.50 1.52
0.50 1.63
0.50 1.98
0.50 1.98
0.50 1.82
0.50 1.77
0.50 1.66
0.50 1.39
0.50 1.66
1.00 2.56
1.00 2.13
1.00 2.48
1.00 2.38
1.00 2.87
1.00 2.67
1.00 2.13
1.00 2.73
1.00 2.05
1.00 2.21
1.00 2.87
1.00 2.30
1.00 2.21
1.00 2.56
1.00 2.05
1.00 2.48
1.50 2.91
1.50 3.52
1.50 3.52
1.50 3.11
1.50 3.55
1.50 3.32
1.50 3.77
1.50 4.04
1.50 3.07
1.50 3.55
1.50 3.07
1.50 3.48
1.50 3.77
1.50 3.29
1.50 4.04
1.50 3.32
2.00 3.17
2.00 3.22
2.00 4.00
2.00 4.00
2.00 3.28
2.00 4.01
2.00 4.00
2.00 4.01
2.00 3.41
2.00 3.34
2.00 3.41
2.00 4.02
2.00 3.28
2.00 3.17
2.00 4.00
2.00 4.02
2.50 2.95
2.50 4.04
2.50 4.03
2.50 2.99
2.50 3.03
2.50 4.03
2.50 4.01
2.50 3.08
2.50 3.08
2.50 2.95
2.50 3.12
2.50 4.01
2.50 3.12
2.50 4.01
2.50 2.99
2.50 4.02
3.00 4.10
3.00 4.07
3.00 4.08
3.00 2.88
3.00 4.11
3.00 2.85
3.00 4.08
3.00 4.10
3.00 2.79
3.00 2.82
3.00 2.79
3.00 4.05
3.00 4.11
3.00 2.82
3.00 2.88
3.00 4.07
3.50 4.13
3.50 2.73
3.50 4.14
3.50 2.66
3.50 2.71
3.50 4.16
3.50 2.76
3.50 4.14
3.50 2.66
3.50 4.17
3.50 2.73
3.50 2.76
3.50 2.71
3.50 2.68
3.50 4.15
3.50 4.17
4.00 2.64
4.00 2.62
4.00 2.60
4.00 4.19
4.00 2.64
4.00 2.62
4.00 2.60
4.00 2.56
4.00 4.19
4.00 4.19
4.00 4.19
4.00 2.58
4.00 2.56
4.00 4.19
4.00 4.19
4.00 4.19
4.50 4.14
4.50 4.16
4.50 4.14
4.50 2.51
4.50 2.55
4.50 2.52
4.50 2.53
4.50 4.18
4.50 2.51
4.50 4.17
4.50 2.54
4.50 4.16
4.50 4.14
4.50 2.53
4.50 2.55
4.50 4.17
5.00 0.67
5.00 4.28
5.00 0.35
5.00 5.00
5.00 0.72
5.00 3.98
5.00 2.49
5.00 0.77
5.00 3.95
5.00 5.00
5.00 5.00
5.00 0.60
5.00 0.29
5.00 2.78
5.00 2.78
5.00 5.00
5.00 5.00
5.00 0.62
5.00 5.00
5.00 3.77
5.00 2.79
5.00 2.49
5.00 5.00
5.00 2.66
5.00 4.06
5.00 0.75
5.00 2.69
5.00 2.50
5.00 2.76
5.00 0.26
5.00 3.93
5.00 4.02
5.00 0.79
5.00 2.64
5.00 4.12
5.00 2.50
5.00 5.00
5.00 0.36
5.00 2.50
5.00 0.69
5.00 4.58
5.00 4.89
5.00 5.00
5.00 0.61
5.00 2.51
5.00 1.01
5.00 0.65
5.00 0.23
0.00 1.26
0.00 1.26
0.00 0.85
0.00 0.85
0.00 0.94
0.00 0.85
0.00 1.16
0.00 1.05
0.00 1.14
0.00 1.16
0.00 0.95
0.00 0.95
0.00 1.25
0.00 0.94
0.00 1.14
0.00 1.04
0.50 1.98
0.50 1.82
0.50 1.66
0.50 1.82
0.50 2.15
0.50 2.34
0.50 1.98
0.50 1.66
0.50 2.15
0.50 2.34
1.00 2.54
1.00 2.77
1.00 2.98
1.00 2.77
1.00 3.46
1.00 3.21
1.00 3.46
1.00 2.54
1.00 3.21
1.00 2.98
1.50 3.72
1.50 3.74
1.50 3.82
1.50 3.74
1.50 3.94
1.50 3.94
1.50 3.82
1.50 4.06
1.50 4.06
1.50 3.72
2.00 3.39
2.00 3.55
2.00 3.32
2.00 3.47
2.00 3.39
2.00 3.47
2.00 3.63
2.00 3.32
2.00 3.55
2.00 3.63
2.50 3.26
2.50 3.20
2.50 3.20
2.50 3.26
2.50 3.10
2.50 3.05
2.50 3.05
2.50 3.15
2.50 3.10
2.50 3.15
3.00 2.90
3.00 2.90
3.00 2.97
3.00 2.87
3.00 2.93
3.00 2.97
3.00 3.01
3.00 2.93
3.00 3.01
3.00 2.87
3.50 2.81
3.50 2.76
3.50 2.73
3.50 2.73
3.50 2.83
3.50 2.83
3.50 2.78
3.50 2.76
3.50 2.78
3.50 2.81
4.00 2.71
4.00 2.66
4.00 2.66
4.00 2.71
4.00 2.65
4.00 2.70
4.00 2.68
4.00 2.68
4.00 2.65
4.00 2.70
4.50 2.61
4.50 2.61
4.50 2.62
4.50 2.63
4.50 2.61
4.50 2.62
4.50 2.64
4.50 2.64
4.50 2.61
4.50 2.63
5.00 2.60
5.00 5.00
5.00 5.00
5.00 5.00
5.00 2.74
5.00 5.00
5.00 2.71
5.00 5.00
5.00 2.72
5.00 2.60
5.00 5.00
5.00 2.74
5.00 2.70
5.00 5.00
5.00 5.00
5.00 5.00
5.00 2.60
5.00 5.00
5.00 5.00
5.00 5.00
5.00 2.67
5.00 2.62
5.00 2.61
5.00 2.60
5.00 2.60
5.00 2.60
5.00 2.74
5.00 2.73
5.00 2.72
5.00 2.74
0.00 1.10
0.00 1.10
0.00 0.97
0.00 1.50
0.00 0.97
0.00 1.36
0.00 1.36
0.00 1.22
0.00 1.22
0.00 1.50
0.50 1.91
0.50 1.91
0.50 2.31
0.50 2.53
0.50 2.53
0.50 2.11
1.00 3.34
1.00 3.98
1.00 3.87
1.00 3.34
1.00 3.04
1.00 3.65
1.50 4.81
1.50 5.00
1.50 4.05
1.50 3.96
1.50 3.96
1.50 5.00
2.00 3.79
2.00 3.88
2.00 3.92
2.00 3.82
2.00 4.85
2.00 4.92
2.50 3.76
2.50 3.78
2.50 4.68
2.50 3.76
2.50 4.65
2.50 4.64
3.00 3.79
3.00 4.63
3.00 4.65
3.00 3.77
3.00 3.83
3.00 4.64
3.50 3.90
3.50 4.72
3.50 3.86
3.50 4.79
3.50 4.05
3.50 4.87
4.00 5.00
4.00 4.34
4.00 4.91
4.00 5.00
4.00 4.26
4.00 4.18
4.50 5.00
4.50 5.00
4.50 5.00
4.50 4.53
4.50 5.00
4.50 5.00
5.00 5.00
5.00 5.00
5.00 5.00
5.00 5.00
5.00 5.00
5.00 5.00
5.00 5.00
5.00 5.00
5.00 2.25
5.00 5.00
5.00 3.16
5.00 5.00
5.00 5.00
5.00 5.00
5.00 5.00
5.00 4.58
5.00 5.00
5.00 5.00
0.00 1.55
0.00 1.14
0.00 1.39
0.00 1.39
0.00 1.55
0.00 1.14
0.50 2.57
0.50 1.20
0.50 1.60
0.50 1.29
0.50 1.98
0.50 2.35
0.50 2.03
0.50 1.29
0.50 1.88
0.50 1.37
0.50 1.55
0.50 1.74
0.50 2.16
0.50 1.46
0.50 1.46
0.50 2.16
0.50 2.57
0.50 1.46
0.50 1.80
0.50 1.80
0.50 2.35
0.50 1.21
0.50 1.55
0.50 1.36
0.50 1.36
0.50 1.21
0.50 1.12
0.50 1.29
0.50 1.98
0.50 1.88
1.00 2.11
1.00 3.06
1.00 2.56
1.00 1.86
1.00 2.37
1.00 2.73
1.00 1.75
1.00 1.95
1.00 1.64
1.00 1.98
1.00 1.84
1.00 1.54
1.00 2.56
1.00 3.91
1.00 1.74
1.00 3.31
1.00 2.19
1.00 2.80
1.00 2.73
1.00 3.91
1.00 3.31
1.00 3.06
1.00 2.11
1.00 1.65
1.00 3.59
1.00 2.92
1.00 1.65
1.00 2.19
1.00 1.86
1.00 3.59
1.50 3.42
1.50 2.86
1.50 4.46
1.50 4.38
1.50 2.71
1.50 3.60
1.50 2.08
1.50 2.51
1.50 3.35
1.50 4.26
1.50 2.40
1.50 2.36
1.50 2.08
1.50 2.68
1.50 3.60
1.50 3.42
1.50 2.21
1.50 3.50
1.50 3.35
1.50 4.46
1.50 4.26
1.50 3.13
1.50 4.65
1.50 2.25
1.50 2.36
1.50 4.38
1.50 2.21
1.50 2.68
1.50 2.40
1.50 4.65
2.00 4.09
2.00 4.09
2.00 3.27
2.00 3.39
2.00 4.18
2.00 4.24
2.00 4.13
2.00 3.27
2.00 3.34
2.00 3.37
2.00 4.13
2.00 3.57
2.00 3.31
2.00 4.31
2.00 3.03
2.00 3.18
2.00 4.24
2.00 3.20
2.00 3.00
2.00 3.07
2.00 3.18
2.00 3.20
2.00 3.57
2.00 3.34
2.00 3.13
2.00 3.13
2.00 3.07
2.00 3.19
2.00 3.20
2.00 3.00
2.50 3.53
2.50 3.96
2.50 3.40
2.50 2.85
2.50 3.99
2.50 2.83
2.50 2.96
2.50 3.01
2.50 2.64
2.50 3.07
2.50 3.96
2.50 3.94
2.50 3.94
2.50 2.96
2.50 3.36
2.50 4.02
2.50 3.49
2.50 2.83
2.50 2.96
2.50 2.74
2.50 2.87
2.50 4.02
2.50 3.53
2.50 2.91
2.50 4.05
2.50 4.05
2.50 3.99
2.50 2.91
2.50 3.44
2.50 2.87
5.00 5.00
5.00 1.77
5.00 2.05
5.00 2.22
5.00 5.00
5.00 5.00
5.00 5.00
5.00 5.00
5.00 5.00
5.00 1.87
5.00 3.16
5.00 1.93
5.00 3.37
5.00 5.00
5.00 5.00
5.00 3.17
5.00 1.79
5.00 5.00
5.00 2.18
5.00 3.17
5.00 5.00
5.00 5.00
5.00 5.00
5.00 5.00
5.00 5.00
5.00 2.12
5.00 1.90
5.00 5.00
5.00 1.93
5.00 2.17
5.00 2.13
5.00 2.80
5.00 5.00
5.00 2.20
5.00 2.09
5.00 1.97
5.00 1.77
5.00 2.14
5.00 5.00
5.00 2.13
5.00 3.25
5.00 2.68
5.00 2.75
5.00 5.00
5.00 1.98
5.00 5.00
5.00 5.00
5.00 1.89
5.00 5.00
5.00 2.15
5.00 2.12
5.00 5.00
5.00 2.13
5.00 5.00
5.00 5.00
5.00 2.49
5.00 3.20
5.00 2.10
5.00 2.42
5.00 2.67
5.00 5.00
5.00 2.01
5.00 5.00
5.00 5.00
5.00 2.21
5.00 5.00
5.00 5.00
5.00 2.45
5.00 5.00
5.00 2.22
5.00 5.00
5.00 3.09
5.00 2.07
5.00 2.45
5.00 5.00
5.00 5.00
5.00 2.21
5.00 2.64
5.00 2.64
5.00 2.21
5.00 5.00
5.00 2.20
5.00 5.00
5.00 1.86
5.00 5.00
5.00 3.29
5.00 5.00
5.00 2.84
5.00 5.00
5.00 5.00
0.00 1.02
0.00 1.09
0.00 0.99
0.00 1.05
0.00 1.33
0.00 0.99
0.00 1.21
0.00 1.48
0.00 0.87
0.00 1.21
0.00 1.16
0.00 1.14
0.00 1.20
0.00 1.63
0.00 1.09
0.00 1.14
0.00 1.05
0.00 0.98
0.00 1.63
0.00 0.99
0.00 1.10
0.00 1.33
0.00 0.87
0.00 1.06
0.00 1.48
0.00 1.06
0.00 1.05
0.00 1.14
0.00 1.05
0.00 1.02
3.00 3.85
3.00 2.44
3.00 3.88
3.00 2.75
3.00 2.35
3.00 2.72
3.00 2.75
3.00 2.28
3.00 3.21
3.00 3.15
3.00 3.90
3.00 3.92
3.00 2.79
3.00 2.72
3.00 2.65
3.00 3.29
3.00 3.87
3.00 3.90
3.00 2.68
3.00 3.87
3.00 2.79
3.00 2.65
3.00 2.68
3.00 3.85
3.00 2.54
3.00 3.92
3.00 3.32
3.00 2.22
3.00 3.88
3.00 3.25
3.50 3.10
3.50 3.81
3.50 2.53
3.50 3.04
3.50 2.16
3.50 3.83
3.50 2.53
3.50 2.06
3.50 2.95
3.50 3.83
3.50 2.60
3.50 2.62
3.50 3.84
3.50 3.84
3.50 3.80
3.50 2.55
3.50 2.55
3.50 2.57
3.50 1.98
3.50 3.80
3.50 2.10
3.50 2.99
3.50 3.81
3.50 2.90
3.50 2.62
3.50 3.79
3.50 2.60
3.50 2.57
3.50 2.02
3.50 3.79
4.00 2.77
4.00 2.71
4.00 3.78
4.00 3.77
4.00 1.89
4.00 2.55
4.00 3.72
4.00 3.74
4.00 2.46
4.00 2.45
4.00 3.77
4.00 1.92
4.00 2.48
4.00 3.75
4.00 2.60
4.00 3.75
4.00 2.65
4.00 1.88
4.00 3.78
4.00 2.49
4.00 2.46
4.00 3.72
4.00 3.74
4.00 2.51
4.00 2.51
4.00 2.58
4.00 1.90
4.00 2.49
4.00 2.45
4.00 2.84
4.50 2.48
4.50 3.63
4.50 3.67
4.50 2.42
4.50 3.71
4.50 3.65
4.50 3.63
4.50 2.45
4.50 2.43
4.50 2.45
4.50 2.43
4.50 2.42
4.50 1.87
4.50 1.88
4.50 2.42
4.50 3.69
4.50 2.53
4.50 2.43
4.50 2.54
4.50 2.50
4.50 1.87
4.50 2.42
4.50 2.43
4.50 3.65
4.50 3.71
4.50 3.67
4.50 1.87
4.50 2.43
4.50 2.39
4.50 3.69
0.50 1.70
0.50 1.58
0.50 1.86
0.50 1.54
0.50 1.58
0.50 2.21
0.50 2.24
0.50 2.24
0.50 2.07
0.50 2.04
0.50 1.74
0.50 2.07
0.50 1.86
0.50 2.04
0.50 1.54
1.00 2.43
1.00 2.83
1.00 3.32
1.00 3.09
1.00 3.07
1.00 3.07
1.00 2.64
1.00 2.61
1.00 2.87
1.00 3.31
1.00 2.64
1.00 2.40
1.00 2.43
1.00 2.87
1.00 3.32
1.50 3.85
1.50 3.59
1.50 4.17
1.50 4.20
1.50 4.11
1.50 4.51
1.50 4.48
1.50 3.88
1.50 4.02
1.50 4.48
1.50 4.11
1.50 4.20
1.50 4.51
1.50 3.57
1.50 3.85
2.00 3.95
2.00 4.44
2.00 4.28
2.00 3.71
2.00 4.42
2.00 4.22
2.00 3.95
2.00 3.88
2.00 3.76
2.00 3.82
2.00 3.82
2.00 3.71
2.00 4.33
2.00 3.88
2.00 4.46
2.50 4.08
2.50 3.54
2.50 3.62
2.50 3.57
2.50 3.62
2.50 4.43
2.50 4.13
2.50 4.48
2.50 4.46
2.50 4.44
2.50 3.99
2.50 4.04
2.50 3.50
2.50 3.66
2.50 4.18
3.00 3.37
3.00 3.43
3.00 3.37
3.00 3.34
3.00 3.43
3.00 3.86
3.00 3.47
3.00 4.48
3.00 3.40
3.00 3.82
3.00 3.90
3.00 3.47
3.00 4.53
3.00 4.41
3.00 3.34
3.50 4.22
3.50 3.21
3.50 3.70
3.50 4.16
3.50 4.00
3.50 3.74
3.50 3.32
3.50 3.24
3.50 3.29
3.50 3.29
3.50 3.21
3.50 3.26
3.50 3.32
3.50 4.10
3.50 3.24
4.00 3.84
4.00 3.11
4.00 3.95
4.00 3.14
4.00 3.88
4.00 3.16
4.00 3.19
4.00 3.14
4.00 3.19
4.00 3.16
4.00 3.11
4.00 3.09
4.00 3.82
4.00 3.91
4.00 3.09
4.50 3.00
4.50 3.81
4.50 3.80
4.50 3.02
4.50 3.02
4.50 3.07
4.50 3.04
4.50 3.04
4.50 3.79
4.50 3.00
4.50 3.79
4.50 2.98
4.50 3.07
4.50 3.79
4.50 2.98
5.00 1.83
5.00 3.54
5.00 5.00
5.00 3.53
5.00 4.04
5.00 1.76
5.00 5.00
5.00 2.84
5.00 5.00
5.00 3.98
5.00 2.81
5.00 2.04
5.00 4.39
5.00 5.00
5.00 5.00
5.00 3.60
5.00 3.58
5.00 5.00
5.00 5.00
5.00 5.00
5.00 4.56
5.00 3.80
5.00 5.00
5.00 5.00
5.00 3.45
5.00 3.67
5.00 3.50
5.00 3.66
5.00 2.08
5.00 2.77
5.00 3.72
5.00 5.00
5.00 5.00
5.00 4.40
5.00 5.00
5.00 2.77
5.00 5.00
5.00 5.00
5.00 3.47
5.00 3.74
5.00 5.00
5.00 5.00
5.00 5.00
5.00 3.57
5.00 3.49
0.00 1.16
0.00 1.44
0.00 1.26
0.00 1.18
0.00 1.40
0.00 0.98
0.00 1.06
0.00 1.40
0.00 1.31
0.00 1.08
0.00 0.98
0.00 0.96
0.00 1.06
0.00 1.31
0.00 1.44
0.50 2.21
0.50 1.83
0.50 2.64
0.50 1.83
0.50 2.41
0.50 2.64
0.50 2.02
0.50 2.02
0.50 2.21
0.50 2.41
1.00 3.18
1.00 2.90
1.00 3.42
1.00 3.69
1.00 3.98
1.00 2.90
1.00 3.69
1.00 3.98
1.00 3.18
1.00 3.42
1.50 4.65
1.50 4.30
1.50 4.47
1.50 4.88
1.50 4.65
1.50 4.47
1.50 4.72
1.50 4.72
1.50 4.88
1.50 4.30
2.00 4.56
2.00 4.43
2.00 4.43
2.00 4.53
2.00 4.56
2.00 4.39
2.00 4.48
2.00 4.48
2.00 4.39
2.00 4.53
2.50 4.32
2.50 4.31
2.50 4.37
2.50 4.34
2.50 4.32
2.50 4.31
2.50 4.31
2.50 4.34
2.50 4.37
2.50 4.31
3.00 4.31
3.00 4.31
3.00 4.34
3.00 4.31
3.00 4.32
3.00 4.32
3.00 4.30
3.00 4.31
3.00 4.34
3.00 4.30
3.50 4.35
3.50 4.39
3.50 4.41
3.50 4.37
3.50 4.44
3.50 4.41
3.50 4.37
3.50 4.44
3.50 4.35
3.50 4.39
4.00 4.55
4.00 4.46
4.00 4.49
4.00 4.52
4.00 4.46
4.00 4.52
4.00 4.58
4.00 4.58
4.00 4.55
4.00 4.49
4.50 4.66
4.50 4.66
4.50 4.72
4.50 4.72
4.50 4.69
4.50 4.63
4.50 4.63
4.50 4.61
4.50 4.61
4.50 4.69
5.00 5.00
5.00 5.00
5.00 2.62
5.00 2.43
5.00 5.00
5.00 4.09
5.00 5.00
5.00 3.06
5.00 4.12
5.00 5.00
5.00 4.92
5.00 2.46
5.00 4.62
5.00 5.00
5.00 3.55
5.00 4.86
5.00 5.00
5.00 5.00
5.00 2.37
5.00 4.91
5.00 4.91
5.00 4.87
5.00 2.93
5.00 5.00
5.00 5.00
5.00 4.35
5.00 4.91
5.00 5.00
5.00 5.00
5.00 5.00
0.00 1.19
0.00 1.07
0.00 1.65
0.00 1.48
0.00 1.48
0.00 1.19
0.00 1.33
0.00 1.07
0.00 1.33
0.00 1.65
0.50 1.29
0.50 1.41
0.50 1.22
0.50 1.47
0.50 1.41
0.50 1.20
0.50 1.61
0.50 1.59
0.50 1.51
0.50 1.51
0.50 1.31
0.50 1.61
0.50 1.22
0.50 1.29
0.50 1.59
1.00 1.86
1.00 2.09
1.00 1.83
1.00 1.71
1.00 1.96
1.00 2.26
1.00 1.99
1.00 2.26
1.00 2.24
1.00 2.09
1.00 1.73
1.00 2.12
1.00 2.12
1.00 1.73
1.00 1.83
1.50 2.92
1.50 3.13
1.50 3.10
1.50 2.58
1.50 2.56
1.50 2.75
1.50 2.58
1.50 2.56
1.50 2.40
1.50 2.75
1.50 2.41
1.50 2.93
1.50 2.92
1.50 2.73
1.50 2.41
2.00 3.30
2.00 3.96
2.00 3.33
2.00 3.76
2.00 3.54
2.00 3.99
2.00 3.99
2.00 3.50
2.00 3.76
2.00 3.54
2.00 4.24
2.00 3.33
2.00 3.30
2.00 3.96
2.00 3.72
2.50 3.97
2.50 4.35
2.50 4.32
2.50 3.98
2.50 4.30
2.50 4.01
2.50 3.97
2.50 3.98
2.50 3.94
2.50 4.28
2.50 3.96
2.50 3.99
2.50 3.99
2.50 4.01
2.50 3.99
3.00 4.41
3.00 4.07
3.00 4.02
3.00 4.06
3.00 4.04
3.00 4.09
3.00 4.06
3.00 4.44
3.00 4.50
3.00 4.07
3.00 4.02
3.00 4.47
3.00 4.04
3.00 4.09
3.00 4.38
5.00 5.00
5.00 3.90
5.00 5.00
5.00 5.00
5.00 4.34
5.00 3.55
5.00 0.27
5.00 5.00
5.00 5.00
5.00 1.93
5.00 0.47
5.00 0.63
5.00 0.78
5.00 0.70
5.00 5.00
5.00 5.00
5.00 0.42
5.00 5.00
5.00 3.58
5.00 5.00
5.00 0.37
5.00 2.15
5.00 3.93
5.00 4.26
5.00 2.32
5.00 4.26
5.00 4.23
5.00 1.97
5.00 0.29
5.00 5.00
5.00 4.47
5.00 2.42
5.00 5.00
5.00 4.95
5.00 5.00
5.00 0.65
5.00 5.00
5.00 5.00
5.00 0.55
5.00 0.37
5.00 0.44
5.00 2.92
5.00 0.51
5.00 5.00
5.00 3.86
0.00 1.28
0.00 0.96
0.00 1.17
0.00 1.01
0.00 1.17
0.00 1.11
0.00 1.43
0.00 1.01
0.00 0.96
0.00 1.12
0.00 1.19
0.00 1.43
0.00 1.12
0.00 1.01
0.00 1.12
3.50 4.62
3.50 4.59
3.50 4.19
3.50 4.17
3.50 4.15
3.50 4.11
3.50 4.19
3.50 4.13
3.50 4.65
3.50 4.11
3.50 4.17
3.50 4.13
3.50 4.56
3.50 4.53
3.50 4.15
4.00 4.21
4.00 4.21
4.00 4.23
4.00 4.27
4.00 4.23
4.00 4.27
4.00 4.71
4.00 4.79
4.00 4.24
4.00 4.26
4.00 4.24
4.00 4.77
4.00 4.69
4.00 4.74
4.00 4.26
4.50 4.29
4.50 4.30
4.50 4.31
4.50 4.30
4.50 4.32
4.50 4.29
4.50 4.31
4.50 4.86
4.50 4.87
4.50 4.31
4.50 4.84
4.50 4.31
4.50 4.81
4.50 4.32
4.50 4.88
0.50 2.25
0.50 1.91
0.50 2.07
0.50 1.57
0.50 1.05
0.50 1.06
0.50 1.05
0.50 1.05
0.50 1.73
0.50 1.09
1.00 2.65
1.00 3.35
1.00 1.39
1.00 3.11
1.00 1.19
1.00 1.26
1.00 1.32
1.00 2.44
1.00 1.14
1.00 2.88
1.50 4.18
1.50 4.18
1.50 3.62
1.50 4.11
1.50 4.25
1.50 4.25
1.50 3.92
1.50 3.92
1.50 3.62
1.50 4.11
2.00 4.06
2.00 3.96
2.00 3.89
2.00 3.96
2.00 4.06
2.00 4.01
2.00 3.93
2.00 3.89
2.00 4.01
2.00 3.93
2.50 3.84
2.50 3.83
2.50 3.84
2.50 3.87
2.50 3.80
2.50 3.87
2.50 3.80
2.50 3.83
2.50 3.81
2.50 3.81
3.00 3.78
3.00 3.79
3.00 3.77
3.00 3.78
3.00 3.77
3.00 3.79
3.00 3.78
3.00 3.77
3.00 3.77
3.00 3.78
3.50 3.78
3.50 3.78
3.50 3.78
3.50 3.79
3.50 3.78
3.50 3.79
3.50 3.78
3.50 3.80
3.50 3.80
3.50 3.78
4.00 3.81
4.00 3.82
4.00 3.83
4.00 3.82
4.00 3.83
4.00 3.86
4.00 3.84
4.00 3.84
4.00 3.86
4.00 3.81
4.50 3.93
4.50 3.91
4.50 3.93
4.50 3.89
4.50 3.95
4.50 3.91
4.50 3.87
4.50 3.89
4.50 3.87
4.50 3.95
5.00 5.00
5.00 4.33
5.00 5.00
5.00 5.00
5.00 4.04
5.00 5.00
5.00 5.00
5.00 4.11
5.00 5.00
5.00 4.11
5.00 5.00
5.00 5.00
5.00 5.00
5.00 5.00
5.00 4.68
5.00 4.19
5.00 5.00
5.00 5.00
5.00 5.00
5.00 5.00
5.00 5.00
5.00 5.00
5.00 5.00
5.00 5.00
5.00 5.00
5.00 5.00
5.00 4.75
5.00 5.00
5.00 3.98
5.00 4.89
0.00 1.09
0.00 1.07
0.00 0.93
0.00 1.16
0.00 1.04
0.00 1.04
0.00 1.42
0.00 0.93
0.00 1.29
0.00 1.14
0.50 2.34
0.50 1.94
0.50 2.46
0.50 2.14
0.50 2.07
0.50 1.94
0.50 1.91
0.50 2.26
0.50 1.73
0.50 2.46
0.50 2.14
0.50 2.82
0.50 1.91
0.50 2.57
0.50 2.07
1.00 3.18
1.00 3.09
1.00 2.92
1.00 3.48
1.00 4.47
1.00 2.67
1.00 3.41
1.00 4.07
1.00 2.92
1.00 3.09
1.00 2.67
1.00 3.18
1.00 3.72
1.00 4.47
1.00 3.41
1.50 4.65
1.50 4.93
1.50 5.00
1.50 4.65
1.50 4.20
1.50 5.00
1.50 4.36
1.50 5.00
1.50 5.00
1.50 5.00
1.50 4.43
1.50 5.00
1.50 4.51
1.50 5.00
1.50 4.20
2.00 4.85
2.00 4.23
2.00 4.90
2.00 4.96
2.00 4.14
2.00 4.81
2.00 5.00
2.00 4.85
2.00 5.00
2.00 4.81
2.00 4.29
2.00 4.11
2.00 4.18
2.00 4.90
2.00 4.96
2.50 4.67
2.50 4.70
2.50 4.76
2.50 4.08
2.50 4.03
2.50 4.55
2.50 4.49
2.50 4.70
2.50 4.04
2.50 4.55
2.50 4.67
2.50 4.76
2.50 4.02
2.50 4.49
2.50 4.06
3.00 4.02
3.00 4.70
3.00 4.69
3.00 4.02
3.00 4.68
3.00 4.69
3.00 4.71
3.00 4.68
3.00 4.02
3.00 4.70
3.00 4.67
3.00 4.67
3.00 4.71
3.00 4.03
3.00 4.03
3.50 4.84
3.50 4.84
3.50 4.06
3.50 4.81
3.50 4.08
3.50 4.12
3.50 4.78
3.50 4.76
3.50 4.05
3.50 4.73
3.50 4.73
3.50 4.76
3.50 4.81
3.50 4.78
3.50 4.10
4.00 4.14
4.00 4.98
4.00 4.95
4.00 4.17
4.00 4.22
4.00 4.25
4.00 4.25
4.00 5.00
4.00 4.91
4.00 4.91
4.00 5.00
4.00 4.88
4.00 4.95
4.00 4.88
4.00 4.19
4.50 5.00
4.50 5.00
4.50 4.36
4.50 4.33
4.50 4.39
4.50 5.00
4.50 5.00
4.50 4.36
4.50 5.00
4.50 4.28
4.50 5.00
4.50 4.31
4.50 5.00
4.50 4.31
4.50 4.33
5.00 5.00
5.00 3.83
5.00 4.54
5.00 5.00
5.00 4.20
5.00 5.00
5.00 5.00
5.00 5.00
5.00 4.50
5.00 5.00
5.00 5.00
5.00 5.00
5.00 5.00
5.00 3.92
5.00 5.00
5.00 5.00
5.00 4.72
5.00 4.42
5.00 4.43
5.00 5.00
5.00 5.00
5.00 5.00
5.00 5.00
5.00 4.19
5.00 5.00
5.00 2.96
5.00 5.00
5.00 5.00
5.00 4.36
5.00 5.00
5.00 5.00
5.00 5.00
5.00 5.00
5.00 5.00
5.00 5.00
5.00 4.40
5.00 4.71
5.00 5.00
5.00 4.59
5.00 5.00
5.00 5.00
5.00 5.00
5.00 5.00
5.00 5.00
5.00 2.27
0.00 1.42
0.00 1.29
0.00 1.57
0.00 1.02
0.00 1.59
0.00 1.29
0.00 1.42
0.00 1.59
0.00 1.16
0.00 1.44
0.00 1.19
0.00 1.19
0.00 1.16
0.00 1.44
0.00 1.57
0.50 1.64
0.50 1.53
0.50 1.33
0.50 1.43
0.50 1.43
1.00 2.30
1.00 1.89
1.00 1.89
1.00 2.01
1.00 2.47
5.00 5.00
5.00 5.00
5.00 1.69
5.00 3.11
5.00 5.00
5.00 5.00
5.00 5.00
5.00 2.76
5.00 3.22
5.00 5.00
5.00 2.86
5.00 4.20
5.00 5.00
5.00 4.12
5.00 2.14
0.00 1.24
0.00 1.04
0.00 1.04
0.00 1.04
0.00 1.07
1.50 2.83
1.50 3.03
1.50 3.23
1.50 2.64
1.50 3.45
2.00 3.68
2.00 3.92
2.00 4.20
2.00 4.19
2.00 4.21
2.50 4.23
2.50 4.21
2.50 4.24
2.50 4.26
2.50 4.28
3.00 4.36
3.00 4.41
3.00 4.31
3.00 4.39
3.00 4.34
3.50 4.43
3.50 4.50
3.50 4.47
3.50 4.53
3.50 4.45
4.00 4.55
4.00 4.59
4.00 4.58
4.00 4.60
4.00 4.61
4.50 4.64
4.50 4.65
4.50 4.62
4.50 4.43
4.50 4.54
0.50 1.34
0.50 1.09
0.50 1.87
0.50 1.64
0.50 1.44
0.50 1.87
0.50 2.02
0.50 1.64
0.50 1.44
0.50 1.34
0.50 1.54
0.50 1.54
0.50 1.19
0.50 1.49
0.50 1.57
0.50 1.19
0.50 1.57
0.50 1.44
0.50 1.72
0.50 1.49
0.50 2.02
0.50 1.72
0.50 1.29
0.50 1.39
0.50 1.39
1.00 2.04
1.00 1.59
1.00 2.12
1.00 1.84
1.00 2.35
1.00 2.04
1.00 1.84
1.00 2.18
1.00 1.98
1.00 2.94
1.00 1.98
1.00 1.74
1.00 1.85
1.00 1.94
1.00 2.74
1.00 2.74
1.00 1.59
1.00 2.14
1.00 2.14
1.00 1.72
1.00 1.74
1.00 2.94
1.00 2.35
1.00 2.54
1.00 2.18
3.00 5.00
3.00 4.46
3.00 3.46
3.00 3.44
3.00 4.51
3.00 5.00
3.00 5.00
3.00 3.42
3.00 4.57
3.00 5.00
3.00 5.00
3.00 4.37
3.00 5.00
3.00 3.43
3.00 5.00
3.00 5.00
3.00 4.57
3.00 3.43
3.00 5.00
3.00 3.44
3.00 3.43
3.00 3.42
3.00 3.43
3.00 4.42
3.00 5.00
3.50 5.00
3.50 3.44
3.50 4.62
3.50 4.80
3.50 5.00
3.50 4.68
3.50 5.00
3.50 4.62
3.50 3.49
3.50 5.00
3.50 4.80
3.50 4.62
3.50 4.70
3.50 5.00
3.50 5.00
3.50 4.62
3.50 4.68
3.50 4.70
3.50 3.46
3.50 3.47
3.50 5.00
3.50 5.00
3.50 5.00
3.50 3.43
3.50 5.00
4.00 5.00
4.00 5.00
4.00 5.00
4.00 5.00
4.00 3.63
4.00 5.00
4.00 4.94
4.00 4.94
4.00 5.00
4.00 3.57
4.00 3.60
4.00 5.00
4.00 5.00
4.00 5.00
4.00 5.00
4.00 4.94
4.00 5.00
4.00 5.00
4.00 5.00
4.00 5.00
4.00 5.00
4.00 5.00
4.00 3.52
4.00 3.54
4.00 4.94
4.50 5.00
4.50 5.00
4.50 5.00
4.50 5.00
4.50 5.00
4.50 5.00
4.50 5.00
4.50 5.00
4.50 5.00
4.50 5.00
4.50 5.00
4.50 5.00
4.50 3.70
4.50 5.00
4.50 5.00
4.50 5.00
4.50 5.00
4.50 5.00
4.50 3.45
4.50 3.73
4.50 5.00
4.50 5.00
4.50 3.58
4.50 5.00
4.50 3.66
5.00 5.00
5.00 2.21
5.00 1.96
5.00 4.11
5.00 3.40
5.00 2.03
5.00 5.00
5.00 2.04
5.00 5.00
5.00 5.00
5.00 5.00
5.00 5.00
5.00 2.05
5.00 3.13
5.00 3.62
5.00 1.82
5.00 2.26
5.00 2.31
5.00 2.16
5.00 5.00
5.00 5.00
5.00 2.48
5.00 5.00
5.00 5.00
5.00 5.00
5.00 1.93
5.00 5.00
5.00 3.68
5.00 2.97
5.00 5.00
5.00 4.66
5.00 5.00
5.00 5.00
5.00 3.27
5.00 5.00
5.00 5.00
5.00 5.00
5.00 5.00
5.00 5.00
5.00 2.49
5.00 3.64
5.00 5.00
5.00 5.00
5.00 5.00
5.00 2.07
5.00 3.07
5.00 2.10
5.00 1.50
5.00 5.00
5.00 3.96
5.00 2.58
5.00 2.49
5.00 5.00
5.00 5.00
5.00 5.00
5.00 3.44
5.00 2.67
5.00 2.51
5.00 5.00
5.00 4.49
5.00 5.00
5.00 3.13
5.00 5.00
5.00 5.00
5.00 3.92
5.00 2.43
5.00 5.00
5.00 5.00
5.00 3.65
5.00 5.00
5.00 1.99
5.00 5.00
5.00 5.00
5.00 2.12
5.00 5.00
0.00 1.10
0.00 1.14
0.00 1.10
0.00 0.92
0.00 1.31
0.00 1.34
0.00 1.10
0.00 1.31
0.00 1.27
0.00 1.53
0.00 1.34
0.00 1.12
0.00 1.09
0.00 1.19
0.00 1.14
0.00 1.18
0.00 1.27
0.00 1.18
0.00 1.10
0.00 1.19
0.00 1.14
0.00 1.01
0.00 1.09
0.00 1.18
0.00 1.01
1.50 3.15
1.50 3.37
1.50 3.15
1.50 2.34
1.50 2.54
1.50 2.64
1.50 2.75
1.50 2.27
1.50 3.62
1.50 2.24
1.50 3.83
1.50 2.64
1.50 3.37
1.50 2.42
1.50 2.54
1.50 2.58
1.50 2.44
1.50 2.34
1.50 2.24
1.50 3.83
1.50 3.89
1.50 3.62
1.50 2.44
1.50 2.93
1.50 3.89
2.00 3.92
2.00 3.77
2.00 3.60
2.00 3.51
2.00 3.92
2.00 3.63
2.00 3.40
2.00 3.72
2.00 3.73
2.00 3.67
2.00 3.67
2.00 2.99
2.00 3.96
2.00 3.12
2.00 4.56
2.00 2.99
2.00 3.72
2.00 3.77
2.00 3.60
2.00 3.40
2.00 5.00
2.00 4.56
2.00 3.31
2.00 3.63
2.00 5.00
2.50 3.47
2.50 3.51
2.50 3.57
2.50 5.00
2.50 3.49
2.50 5.00
2.50 3.54
2.50 4.23
2.50 5.00
2.50 5.00
2.50 3.54
2.50 4.33
2.50 5.00
2.50 5.00
2.50 3.57
2.50 4.20
2.50 5.00
2.50 3.49
2.50 5.00
2.50 5.00
2.50 5.00
2.50 3.51
2.50 4.29
2.50 4.26
2.50 3.47
0.50 1.68
0.50 1.40
0.50 1.53
0.50 1.83
0.50 1.83
1.00 2.88
1.00 2.49
1.00 2.49
1.00 2.88
1.00 2.15
1.50 4.09
1.50 4.09
1.50 3.32
1.50 3.56
1.50 3.10
2.00 4.53
2.00 4.43
2.00 4.43
2.00 4.60
2.00 4.39
2.50 5.00
2.50 4.87
2.50 4.68
2.50 4.68
2.50 5.00
5.00 4.83
5.00 4.67
5.00 5.00
5.00 5.00
5.00 5.00
5.00 3.35
5.00 4.49
5.00 4.68
5.00 5.00
5.00 5.00
5.00 5.00
5.00 5.00
5.00 4.45
5.00 3.34
5.00 5.00
0.00 1.00
0.00 1.10
0.00 0.90
0.00 1.30
0.00 1.10
3.00 5.00
3.00 5.00
3.00 5.00
3.00 5.00
3.00 5.00
3.50 5.00
3.50 5.00
3.50 5.00
3.50 5.00
3.50 5.00
4.00 5.00
4.00 5.00
4.00 5.00
4.00 5.00
4.00 5.00
4.50 5.00
4.50 5.00
4.50 5.00
4.50 5.00
4.50 5.00
0.50 1.71
0.50 1.87
0.50 1.87
0.50 1.56
0.50 1.56
1.00 2.19
1.00 2.98
1.00 2.28
1.00 2.13
1.00 2.37
1.50 3.99
1.50 3.70
1.50 3.92
1.50 3.86
1.50 2.45
2.00 3.81
2.00 2.45
2.00 2.46
2.00 2.44
2.00 2.44
2.50 3.59
2.50 2.49
2.50 2.51
2.50 3.55
2.50 3.57
3.00 2.62
3.00 3.53
3.00 3.52
3.00 3.51
3.00 2.59
5.00 5.00
5.00 2.25
5.00 5.00
5.00 4.50
5.00 1.30
5.00 5.00
5.00 2.27
5.00 1.93
5.00 5.00
5.00 2.46
5.00 3.15
5.00 5.00
5.00 5.00
5.00 1.17
5.00 5.00
0.00 1.42
0.00 1.07
0.00 1.17
0.00 0.97
0.00 1.29
3.50 3.55
3.50 3.60
3.50 3.58
3.50 3.54
3.50 3.63
4.00 3.73
4.00 3.66
4.00 4.19
4.00 3.69
4.00 4.29
4.50 3.83
4.50 3.92
4.50 4.00
4.50 3.75
4.50 4.09
0.50 2.00
0.50 2.61
0.50 2.39
0.50 2.39
0.50 1.81
0.50 2.00
0.50 2.19
0.50 2.19
0.50 1.81
0.50 2.61
1.00 3.13
1.00 3.40
1.00 3.40
1.00 2.86
1.00 4.04
1.00 3.71
1.00 3.71
1.00 3.13
1.00 2.86
1.00 4.04
1.50 4.75
1.50 4.86
1.50 4.86
1.50 4.75
1.50 4.57
1.50 4.42
1.50 4.66
1.50 4.57
1.50 4.42
1.50 4.66
2.00 4.50
2.00 4.38
2.00 4.34
2.00 4.30
2.00 4.30
2.00 4.50
2.00 4.38
2.00 4.44
2.00 4.44
2.00 4.34
2.50 4.24
2.50 4.22
2.50 4.19
2.50 4.21
2.50 4.21
2.50 4.27
2.50 4.22
2.50 4.27
2.50 4.24
2.50 4.19
3.00 4.18
3.00 4.19
3.00 4.19
3.00 4.19
3.00 4.18
3.00 4.18
3.00 4.19
3.00 4.19
3.00 4.19
3.00 4.18
3.50 4.20
3.50 4.23
3.50 4.21
3.50 4.20
3.50 4.22
3.50 4.25
3.50 4.21
3.50 4.23
3.50 4.25
3.50 4.22
4.00 4.29
4.00 4.32
4.00 4.32
4.00 4.30
4.00 4.30
4.00 4.27
4.00 4.29
4.00 4.27
4.00 4.26
4.00 4.26
4.50 4.35
4.50 4.36
4.50 4.33
4.50 4.34
4.50 4.37
4.50 4.37
4.50 4.35
4.50 4.33
4.50 4.34
4.50 4.36
5.00 5.00
5.00 2.21
5.00 5.00
5.00 5.00
5.00 4.00
5.00 4.38
5.00 3.73
5.00 3.77
5.00 5.00
5.00 4.01
5.00 4.39
5.00 5.00
5.00 4.37
5.00 5.00
5.00 2.21
5.00 3.09
5.00 5.00
5.00 5.00
5.00 4.30
5.00 5.00
5.00 5.00
5.00 5.00
5.00 5.00
5.00 3.54
5.00 5.00
5.00 2.38
5.00 5.00
5.00 5.00
5.00 3.75
5.00 4.33
0.00 1.07
0.00 1.33
0.00 1.48
0.00 1.19
0.00 1.19
0.00 1.64
0.00 1.33
0.00 1.64
0.00 1.07
0.00 1.48
0.50 1.51
0.50 1.64
0.50 1.93
0.50 1.79
0.50 1.37
0.50 1.93
1.00 2.43
1.00 2.80
1.00 2.80
1.00 2.62
1.00 2.09
1.00 2.09
1.50 3.20
1.50 2.99
1.50 3.60
1.50 3.20
1.50 2.99
1.50 3.68
2.00 3.47
2.00 3.41
2.00 3.47
2.00 3.41
2.00 3.30
2.00 3.54
2.50 3.25
2.50 3.25
2.50 3.09
2.50 3.21
2.50 3.17
2.50 3.13
3.00 3.02
3.00 2.99
3.00 2.93
3.00 3.06
3.00 2.93
3.00 3.02
3.50 2.85
3.50 2.88
3.50 2.90
3.50 2.81
3.50 2.85
3.50 2.83
4.00 2.76
4.00 2.78
4.00 2.74
4.00 2.76
4.00 2.72
4.00 2.71
4.50 2.65
4.50 2.69
4.50 2.69
4.50 2.64
4.50 2.64
4.50 2.66
5.00 5.00
5.00 2.62
5.00 5.00
5.00 5.00
5.00 2.63
5.00 2.61
5.00 2.72
5.00 2.63
5.00 5.00
5.00 2.71
5.00 5.00
5.00 2.62
5.00 2.73
5.00 5.00
5.00 2.62
5.00 2.63
5.00 2.72
5.00 2.72
0.00 1.25
0.00 1.14
0.00 0.93
0.00 1.14
0.00 0.83
0.00 1.03
0.50 1.64
0.50 1.94
0.50 1.64
0.50 1.78
0.50 1.78
0.50 1.37
1.00 2.41
1.00 2.24
1.00 2.78
1.00 2.58
1.00 2.78
1.00 2.08
1.50 2.96
1.50 3.16
1.50 3.60
1.50 3.16
1.50 3.60
1.50 2.96
2.00 3.79
2.00 3.77
2.00 3.73
2.00 3.82
2.00 3.79
2.00 3.75
2.50 3.68
2.50 3.68
2.50 3.71
2.50 3.70
2.50 3.70
2.50 3.71
3.00 3.62
3.00 3.60
3.00 3.60
3.00 3.65
3.00 3.63
3.00 3.64
3.50 3.58
3.50 3.58
3.50 3.55
3.50 3.54
3.50 3.57
3.50 3.59
4.00 3.44
4.00 3.50
4.00 3.46
4.00 3.46
4.00 3.50
4.00 3.48
4.50 3.43
4.50 3.38
4.50 3.33
4.50 3.43
4.50 3.35
4.50 3.40
5.00 3.88
5.00 2.98
5.00 5.00
5.00 3.02
5.00 5.00
5.00 2.96
5.00 2.96
5.00 3.04
5.00 3.29
5.00 3.33
5.00 3.10
5.00 3.19
5.00 3.33
5.00 3.45
5.00 5.00
5.00 3.93
5.00 3.12
5.00 4.15
0.00 0.98
0.00 1.16
0.00 1.25
0.00 1.07
0.00 5.00
0.00 1.16
0.50 2.36
0.50 2.57
0.50 1.79
0.50 1.79
0.50 1.98
1.00 3.95
1.00 2.81
1.00 3.34
1.00 3.95
1.00 3.08
1.50 4.70
1.50 4.62
1.50 4.30
1.50 4.42
1.50 4.41
2.00 4.43
2.00 4.36
2.00 4.40
2.00 4.33
2.00 4.40
2.50 4.29
2.50 4.29
2.50 4.30
2.50 4.29
2.50 4.30
3.00 4.38
3.00 4.31
3.00 4.40
3.00 4.33
3.00 4.35
3.50 4.47
3.50 4.55
3.50 4.43
3.50 2.74
3.50 1.36
5.00 2.97
5.00 5.00
5.00 5.00
5.00 5.00
5.00 5.00
5.00 4.69
5.00 5.00
5.00 1.11
5.00 5.00
5.00 2.61
5.00 5.00
5.00 5.00
5.00 5.00
5.00 5.00
5.00 2.10
0.00 1.17
0.00 1.31
0.00 1.46
0.00 1.62
0.00 1.62
4.00 1.19
4.00 1.28
4.00 1.03
4.00 1.11
4.00 0.95
4.50 0.76
4.50 0.88
4.50 0.82
4.50 0.72
4.50 0.69
0.50 1.69
0.50 2.30
0.50 2.30
0.50 2.12
0.50 1.69
1.00 2.94
1.00 3.44
1.00 2.49
1.00 3.19
1.00 2.71
1.50 3.71
1.50 4.35
1.50 4.69
1.50 3.71
1.50 4.72
2.00 4.63
2.00 4.63
2.00 4.64
2.00 4.64
2.00 4.63
2.50 4.39
2.50 4.43
2.50 4.72
2.50 4.67
2.50 4.65
3.00 4.74
3.00 4.20
3.00 4.35
3.00 4.81
3.00 4.27
3.50 4.16
3.50 4.99
3.50 5.00
3.50 4.13
3.50 4.94
4.00 5.00
4.00 5.00
4.00 5.00
4.00 5.00
4.00 5.00
5.00 4.59
5.00 2.14
5.00 4.37
5.00 3.05
5.00 4.24
5.00 2.06
5.00 2.48
5.00 4.46
5.00 5.00
5.00 5.00
5.00 5.00
5.00 2.81
5.00 2.15
5.00 4.35
5.00 4.13
0.00 1.23
0.00 1.23
0.00 1.33
0.00 1.33
0.00 1.56
4.50 5.00
4.50 5.00
4.50 5.00
4.50 5.00
4.50 5.00
0.50 1.89
0.50 1.36
0.50 1.89
0.50 1.62
0.50 1.44
0.50 1.73
0.50 1.53
0.50 1.44
0.50 1.73
0.50 1.76
0.50 1.63
0.50 1.48
0.50 1.34
0.50 1.34
0.50 1.63
1.00 2.53
1.00 2.27
1.00 2.16
1.00 2.16
1.00 2.35
1.00 2.03
1.00 1.83
1.00 1.94
1.00 2.03
1.00 2.69
1.00 2.35
1.00 1.83
1.00 2.05
1.00 2.19
1.00 2.05
1.50 3.06
1.50 3.48
1.50 2.43
1.50 2.43
1.50 2.79
1.50 2.60
1.50 3.20
1.50 2.87
1.50 2.99
1.50 3.48
1.50 2.99
1.50 3.26
1.50 2.79
1.50 3.20
1.50 3.26
2.00 3.25
2.00 3.63
2.00 4.41
2.00 3.41
2.00 3.25
2.00 3.16
2.00 3.21
2.00 3.30
2.00 3.41
2.00 3.21
2.00 4.13
2.00 3.16
2.00 4.13
2.00 3.87
2.00 3.36
2.50 4.42
2.50 4.41
2.50 3.05
2.50 4.41
2.50 3.01
2.50 2.98
2.50 3.08
2.50 3.12
2.50 2.98
2.50 3.01
2.50 3.05
2.50 4.42
2.50 4.41
2.50 4.42
2.50 4.41
3.00 4.50
3.00 2.92
3.00 2.89
3.00 2.92
3.00 4.48
3.00 4.47
3.00 4.44
3.00 4.50
3.00 2.84
3.00 2.95
3.00 2.87
3.00 4.46
3.00 4.48
3.00 4.44
3.00 2.87
3.50 2.78
3.50 2.82
3.50 4.53
3.50 4.55
3.50 4.56
3.50 4.52
3.50 4.53
3.50 2.78
3.50 2.74
3.50 4.54
3.50 4.52
3.50 4.57
3.50 2.80
3.50 2.82
3.50 2.76
5.00 2.62
5.00 3.87
5.00 4.38
5.00 2.67
5.00 5.00
5.00 5.00
5.00 5.00
5.00 3.36
5.00 2.48
5.00 5.00
5.00 2.70
5.00 2.34
5.00 5.00
5.00 4.44
5.00 2.36
5.00 2.68
5.00 4.96
5.00 5.00
5.00 4.54
5.00 2.72
5.00 3.15
5.00 5.00
5.00 3.28
5.00 2.67
5.00 2.47
5.00 2.21
5.00 5.00
5.00 3.23
5.00 3.39
5.00 4.47
5.00 5.00
5.00 3.61
5.00 4.89
5.00 4.21
5.00 5.00
5.00 2.67
5.00 5.00
5.00 5.00
5.00 4.82
5.00 5.00
5.00 5.00
5.00 4.05
5.00 4.29
5.00 4.60
5.00 5.00
0.00 1.25
0.00 1.25
0.00 1.59
0.00 0.79
0.00 1.13
0.00 1.31
0.00 1.31
0.00 1.59
0.00 0.72
0.00 0.86
0.00 0.83
0.00 1.24
0.00 1.91
0.00 1.25
0.00 1.03
4.00 4.61
4.00 2.72
4.00 2.69
4.00 4.61
4.00 2.67
4.00 4.58
4.00 4.60
4.00 4.59
4.00 2.71
4.00 2.68
4.00 2.71
4.00 2.67
4.00 2.68
4.00 2.69
4.00 2.72
4.50 2.64
4.50 2.63
4.50 2.64
4.50 4.62
4.50 2.65
4.50 2.63
4.50 4.62
4.50 4.60
4.50 4.61
4.50 2.64
4.50 2.65
4.50 4.61
4.50 2.66
4.50 2.66
4.50 2.64
0.50 3.62
0.50 2.52
0.50 5.00
0.50 5.00
0.50 2.98
0.50 4.55
0.50 3.62
0.50 2.98
0.50 2.52
0.50 4.55
1.00 5.00
1.00 5.00
1.00 5.00
1.00 5.00
1.00 5.00
1.00 5.00
1.00 5.00
1.00 5.00
1.00 5.00
1.00 5.00
1.50 5.00
1.50 5.00
1.50 5.00
1.50 5.00
1.50 5.00
1.50 5.00
1.50 5.00
1.50 5.00
1.50 5.00
1.50 5.00
2.00 5.00
2.00 5.00
2.00 5.00
2.00 5.00
2.00 5.00
2.00 5.00
2.00 5.00
2.00 5.00
2.00 5.00
2.00 5.00
2.50 5.00
2.50 5.00
2.50 5.00
2.50 5.00
2.50 5.00
2.50 5.00
2.50 5.00
2.50 5.00
2.50 5.00
2.50 5.00
3.00 4.05
3.00 4.48
3.00 3.46
3.00 4.48
3.00 3.46
3.00 3.72
3.00 3.72
3.00 3.26
3.00 3.26
3.00 4.05
3.50 2.83
3.50 2.95
3.50 2.74
3.50 2.74
3.50 2.65
3.50 2.95
3.50 3.09
3.50 3.09
3.50 2.83
3.50 5.00
4.00 2.27
4.00 5.00
4.00 4.85
4.00 4.33
4.00 2.49
4.00 2.39
4.00 4.60
4.00 5.00
4.00 2.13
4.00 2.57
4.50 1.95
4.50 1.75
4.50 3.04
4.50 1.68
4.50 4.02
4.50 1.75
4.50 2.98
4.50 3.28
4.50 3.60
4.50 1.44
5.00 5.00
5.00 5.00
5.00 5.00
5.00 5.00
5.00 5.00
5.00 2.55
5.00 5.00
5.00 5.00
5.00 5.00
5.00 5.00
5.00 2.68
5.00 5.00
5.00 5.00
5.00 3.21
5.00 5.00
5.00 5.00
5.00 5.00
5.00 5.00
5.00 5.00
5.00 5.00
5.00 5.00
5.00 5.00
5.00 5.00
5.00 5.00
5.00 5.00
5.00 5.00
5.00 5.00
5.00 5.00
5.00 4.63
5.00 5.00
0.00 2.19
0.00 1.25
0.00 0.86
0.00 1.93
0.00 2.19
0.00 0.86
0.00 1.25
0.00 1.73
0.00 1.93
0.00 1.73
0.50 1.82
0.50 2.13
0.50 1.93
0.50 1.86
0.50 1.86
0.50 1.76
0.50 1.56
0.50 1.82
0.50 1.76
0.50 1.56
0.50 1.66
0.50 2.03
0.50 1.46
0.50 2.03
0.50 1.72
1.00 2.11
1.00 1.96
1.00 2.06
1.00 2.62
1.00 2.23
1.00 2.36
1.00 2.16
1.00 2.13
1.00 2.06
1.00 3.06
1.00 2.25
1.00 2.16
1.00 2.26
1.00 1.96
1.00 2.19
1.50 2.82
1.50 4.13
1.50 4.46
1.50 3.83
1.50 3.56
1.50 2.46
1.50 3.26
1.50 3.31
1.50 3.83
1.50 2.45
1.50 4.57
1.50 2.38
1.50 2.46
1.50 2.51
1.50 3.26
2.00 5.00
2.00 5.00
2.00 5.00
2.00 5.00
2.00 4.81
2.00 4.81
2.00 2.63
2.00 4.80
2.00 2.61
2.00 4.80
2.00 5.00
2.00 5.00
2.00 5.00
2.00 5.00
2.00 5.00
2.50 5.00
2.50 5.00
2.50 4.84
2.50 4.82
2.50 4.89
2.50 5.00
2.50 2.65
2.50 2.70
2.50 5.00
2.50 5.00
2.50 5.00
2.50 5.00
2.50 2.67
2.50 5.00
2.50 2.76
3.00 5.00
3.00 5.00
3.00 5.00
3.00 5.00
3.00 2.97
3.00 2.84
3.00 4.95
3.00 2.88
3.00 5.00
3.00 5.00
3.00 5.00
3.00 5.00
3.00 2.80
3.00 5.00
3.00 4.99
3.50 5.00
3.50 5.00
3.50 5.00
3.50 5.00
3.50 5.00
3.50 5.00
3.50 5.00
3.50 5.00
3.50 3.07
3.50 5.00
3.50 5.00
3.50 3.02
3.50 5.00
3.50 5.00
3.50 5.00
4.00 5.00
4.00 5.00
4.00 5.00
4.00 5.00
4.00 5.00
4.00 5.00
4.00 5.00
4.00 5.00
4.00 5.00
4.00 5.00
4.00 5.00
4.00 5.00
4.00 5.00
4.00 5.00
4.00 5.00
4.50 5.00
4.50 5.00
4.50 5.00
4.50 5.00
4.50 5.00
4.50 5.00
4.50 5.00
4.50 5.00
4.50 5.00
4.50 5.00
4.50 5.00
4.50 5.00
4.50 5.00
4.50 5.00
4.50 5.00
5.00 5.00
5.00 5.00
5.00 5.00
5.00 5.00
5.00 5.00
5.00 5.00
5.00 5.00
5.00 1.98
5.00 5.00
5.00 5.00
5.00 5.00
5.00 2.51
5.00 5.00
5.00 5.00
5.00 4.35
5.00 5.00
5.00 5.00
5.00 5.00
5.00 4.07
5.00 5.00
5.00 5.00
5.00 5.00
5.00 5.00
5.00 5.00
5.00 5.00
5.00 5.00
5.00 5.00
5.00 5.00
5.00 5.00
5.00 2.51
5.00 5.00
5.00 5.00
5.00 5.00
5.00 5.00
5.00 5.00
5.00 5.00
5.00 5.00
5.00 5.00
5.00 5.00
5.00 1.85
5.00 5.00
5.00 5.00
5.00 5.00
5.00 5.00
5.00 5.00
0.00 1.06
0.00 1.42
0.00 1.22
0.00 1.22
0.00 1.26
0.00 1.32
0.00 1.06
0.00 0.96
0.00 1.36
0.00 1.52
0.00 1.42
0.00 1.16
0.00 1.62
0.00 1.32
0.00 1.36
0.50 2.14
0.50 1.93
0.50 2.03
0.50 1.83
0.50 2.03
0.50 1.72
0.50 2.14
0.50 1.72
0.50 1.83
0.50 1.93
1.00 2.61
1.00 2.74
1.00 2.42
1.00 2.24
1.00 2.24
1.00 2.82
1.00 2.42
1.00 2.61
1.00 3.04
1.00 2.75
1.50 2.72
1.50 2.73
1.50 4.11
1.50 2.73
1.50 3.81
1.50 2.72
1.50 3.54
1.50 4.25
1.50 3.29
1.50 2.73
2.00 2.74
2.00 4.35
2.00 4.31
2.00 2.78
2.00 2.80
2.00 4.33
2.00 4.32
2.00 2.76
2.00 4.30
2.00 2.82
2.50 2.99
2.50 2.88
2.50 2.95
2.50 4.27
2.50 4.28
2.50 4.26
2.50 2.91
2.50 4.29
2.50 4.28
2.50 2.85
3.00 4.97
3.00 4.25
3.00 4.25
3.00 5.00
3.00 4.25
3.00 3.03
3.00 4.25
3.00 5.00
3.00 3.08
3.00 4.26
3.50 5.00
3.50 5.00
3.50 5.00
3.50 4.24
3.50 4.24
3.50 4.24
3.50 4.24
3.50 5.00
3.50 4.24
3.50 5.00
4.00 4.24
4.00 4.24
4.00 4.24
4.00 5.00
4.00 5.00
4.00 5.00
4.00 4.25
4.00 4.24
4.00 5.00
4.00 5.00
4.50 4.25
4.50 5.00
4.50 4.25
4.50 5.00
4.50 4.25
4.50 4.25
4.50 5.00
4.50 4.25
4.50 5.00
4.50 5.00
5.00 5.00
5.00 1.84
5.00 1.93
5.00 5.00
5.00 4.71
5.00 3.26
5.00 3.50
5.00 2.20
5.00 3.46
5.00 5.00
5.00 2.96
5.00 3.60
5.00 2.96
5.00 2.62
5.00 3.67
5.00 5.00
5.00 4.22
5.00 5.00
5.00 2.94
5.00 2.05
5.00 3.31
5.00 3.19
5.00 5.00
5.00 5.00
5.00 2.51
5.00 2.21
5.00 5.00
5.00 4.24
5.00 2.94
5.00 4.25
0.00 1.33
0.00 1.53
0.00 1.43
0.00 1.23
0.00 1.63
0.00 1.63
0.00 1.23
0.00 1.53
0.00 1.33
0.00 1.43
0.50 0.93
0.50 1.11
0.50 1.30
0.50 1.02
0.50 1.20
1.00 1.72
1.00 1.83
1.00 1.39
1.00 1.50
1.00 1.61
1.50 2.46
1.50 2.18
1.50 2.32
1.50 2.06
1.50 1.94
2.00 2.62
2.00 3.29
2.00 2.78
2.00 2.96
2.00 3.16
2.50 3.31
2.50 3.32
2.50 3.29
2.50 3.29
2.50 3.29
3.00 3.32
3.00 3.52
3.00 3.37
3.00 3.47
3.00 3.41
3.50 3.76
3.50 3.70
3.50 3.64
3.50 3.58
3.50 3.83
4.00 4.04
4.00 3.90
4.00 4.20
4.00 3.97
4.00 4.12
4.50 4.66
4.50 4.47
4.50 4.29
4.50 4.38
4.50 4.56
5.00 0.41
5.00 1.68
5.00 2.49
5.00 5.00
5.00 5.00
5.00 5.00
5.00 5.00
5.00 5.00
5.00 1.18
5.00 5.00
5.00 5.00
5.00 4.22
5.00 4.16
5.00 5.00
5.00 5.00
0.00 0.75
0.00 0.75
0.00 0.77
0.00 0.85
0.00 0.77
0.50 2.16
0.50 1.52
0.50 1.43
0.50 2.16
0.50 1.80
0.50 1.98
0.50 1.98
0.50 1.69
0.50 1.84
0.50 2.16
0.50 1.52
0.50 2.36
0.50 1.83
0.50 2.57
0.50 2.36
0.50 1.83
0.50 1.99
0.50 1.98
0.50 1.43
0.50 1.69
1.00 3.07
1.00 2.84
1.00 3.19
1.00 3.19
1.00 3.33
1.00 2.29
1.00 2.65
1.00 2.34
1.00 2.29
1.00 3.61
1.00 2.54
1.00 2.65
1.00 2.96
1.00 3.61
1.00 2.81
1.00 2.81
1.00 2.96
1.00 3.33
1.00 3.92
1.00 3.07
1.50 3.70
1.50 3.50
1.50 4.28
1.50 2.97
1.50 3.11
1.50 3.43
1.50 3.90
1.50 3.27
1.50 3.81
1.50 4.46
1.50 3.70
1.50 4.52
1.50 4.00
1.50 4.00
1.50 3.74
1.50 4.59
1.50 3.02
1.50 4.46
1.50 4.68
1.50 4.68
2.00 4.28
2.00 4.32
2.00 3.58
2.00 4.36
2.00 4.41
2.00 3.65
2.00 3.12
2.00 3.65
2.00 3.06
2.00 3.46
2.00 4.30
2.00 4.31
2.00 3.52
2.00 4.41
2.00 4.33
2.00 3.73
2.00 4.29
2.00 4.33
2.00 3.16
2.00 3.73
2.50 3.35
2.50 4.25
2.50 4.25
2.50 3.04
2.50 2.98
2.50 4.39
2.50 4.36
2.50 4.26
2.50 3.40
2.50 3.01
2.50 4.44
2.50 3.25
2.50 2.92
2.50 4.25
2.50 2.95
2.50 4.25
2.50 4.26
2.50 4.26
2.50 3.40
2.50 3.35
3.00 4.51
3.00 3.10
3.00 4.29
3.00 4.27
3.00 4.34
3.00 2.84
3.00 3.14
3.00 3.07
3.00 3.10
3.00 3.07
3.00 3.17
3.00 2.89
3.00 4.27
3.00 2.87
3.00 4.31
3.00 3.04
3.00 4.37
3.00 4.37
3.00 3.04
3.00 4.29
5.00 5.00
5.00 2.17
5.00 3.21
5.00 2.93
5.00 5.00
5.00 3.01
5.00 5.00
5.00 2.78
5.00 4.54
5.00 5.00
5.00 5.00
5.00 4.49
5.00 5.00
5.00 2.14
5.00 5.00
5.00 4.88
5.00 5.00
5.00 5.00
5.00 5.00
5.00 5.00
5.00 5.00
5.00 1.92
5.00 4.91
5.00 2.51
5.00 2.79
5.00 2.77
5.00 4.33
5.00 2.67
5.00 4.12
5.00 2.14
5.00 3.30
5.00 3.17
5.00 2.19
5.00 5.00
5.00 4.23
5.00 2.60
5.00 2.67
5.00 2.49
5.00 5.00
5.00 5.00
5.00 4.90
5.00 4.95
5.00 3.28
5.00 5.00
5.00 5.00
5.00 5.00
5.00 1.84
5.00 5.00
5.00 2.85
5.00 5.00
5.00 2.52
5.00 2.78
5.00 4.20
5.00 2.73
5.00 4.60
5.00 5.00
5.00 5.00
5.00 2.15
5.00 4.89
5.00 5.00
0.00 1.63
0.00 1.37
0.00 1.19
0.00 0.93
0.00 1.24
0.00 1.00
0.00 1.12
0.00 0.88
0.00 1.00
0.00 1.33
0.00 1.13
0.00 1.33
0.00 1.37
0.00 0.88
0.00 1.33
0.00 1.23
0.00 1.23
0.00 1.12
0.00 0.93
0.00 1.24
3.50 4.70
3.50 4.82
3.50 4.45
3.50 2.90
3.50 2.93
3.50 4.66
3.50 2.95
3.50 2.95
3.50 2.98
3.50 4.68
3.50 4.52
3.50 4.26
3.50 4.59
3.50 2.90
3.50 3.01
3.50 4.78
3.50 4.74
3.50 3.01
3.50 2.93
3.50 4.41
4.00 2.80
4.00 4.90
4.00 4.77
4.00 2.88
4.00 4.87
4.00 2.86
4.00 2.82
4.00 4.82
4.00 2.86
4.00 2.80
4.00 4.63
4.00 4.97
4.00 4.86
4.00 2.84
4.00 4.73
4.00 2.82
4.00 5.00
4.00 2.88
4.00 2.84
4.00 4.94
4.50 4.25
4.50 5.00
4.50 5.00
4.50 4.16
4.50 2.73
4.50 2.75
4.50 5.00
4.50 4.44
4.50 4.53
4.50 2.76
4.50 4.34
4.50 5.00
4.50 2.72
4.50 2.75
4.50 2.72
4.50 2.78
4.50 2.73
4.50 5.00
4.50 2.76
4.50 2.78
0.50 1.92
0.50 1.21
0.50 1.11
0.50 1.31
0.50 1.21
0.50 1.41
0.50 1.92
0.50 1.54
0.50 1.77
0.50 1.41
0.50 1.68
0.50 1.64
0.50 1.31
0.50 1.01
0.50 1.77
0.50 1.38
0.50 1.68
0.50 1.20
0.50 1.01
0.50 1.50
0.50 1.01
0.50 1.54
1.00 1.61
1.00 2.29
1.00 2.14
1.00 1.83
1.00 1.30
1.00 2.14
1.00 2.21
1.00 2.74
1.00 2.46
1.00 2.29
1.00 2.06
1.00 2.38
1.00 1.98
1.00 2.21
1.00 1.39
1.00 2.46
1.00 1.74
1.00 1.49
1.00 2.55
1.00 1.98
1.00 2.74
1.00 1.83
1.50 1.87
1.50 2.82
1.50 2.30
1.50 3.42
1.50 3.01
1.50 3.21
1.50 2.92
1.50 3.32
1.50 2.63
1.50 3.01
1.50 3.78
1.50 3.54
1.50 2.92
1.50 2.63
1.50 3.11
1.50 2.44
1.50 2.82
1.50 3.78
1.50 2.01
1.50 3.11
1.50 3.54
1.50 2.16
2.00 3.67
2.00 3.62
2.00 4.13
2.00 3.74
2.00 3.65
2.00 3.88
2.00 3.62
2.00 4.17
2.00 3.70
2.00 4.17
2.00 2.76
2.00 4.15
2.00 2.60
2.00 2.93
2.00 3.74
2.00 4.13
2.00 3.70
2.00 3.64
2.00 3.67
2.00 3.30
2.00 4.15
2.00 3.88
2.50 3.51
2.50 3.55
2.50 3.59
2.50 4.04
2.50 3.57
2.50 3.50
2.50 3.53
2.50 4.09
2.50 4.09
2.50 3.98
2.50 3.93
2.50 3.59
2.50 3.53
2.50 4.22
2.50 4.28
2.50 4.28
2.50 4.16
2.50 4.19
2.50 4.19
2.50 3.70
2.50 4.16
2.50 3.57
3.00 3.41
3.00 3.49
3.00 3.47
3.00 4.40
3.00 4.35
3.00 4.35
3.00 4.44
3.00 4.16
3.00 4.40
3.00 4.10
3.00 4.47
3.00 4.47
3.00 4.30
3.00 3.49
3.00 3.45
3.00 3.41
3.00 4.36
3.00 3.45
3.00 4.36
3.00 4.36
3.00 3.43
3.00 3.43
3.50 4.58
3.50 4.55
3.50 4.63
3.50 3.39
3.50 3.37
3.50 4.51
3.50 3.30
3.50 4.59
3.50 4.55
3.50 3.30
3.50 4.58
3.50 4.72
3.50 4.59
3.50 3.35
3.50 4.65
3.50 3.35
3.50 4.72
3.50 4.63
3.50 3.32
3.50 4.67
3.50 4.51
3.50 4.67
4.00 5.00
4.00 4.83
4.00 3.21
4.00 4.79
4.00 3.21
4.00 5.00
4.00 5.00
4.00 4.95
4.00 4.80
4.00 4.79
4.00 5.00
4.00 4.77
4.00 3.26
4.00 4.71
4.00 4.77
4.00 3.19
4.00 4.71
4.00 4.95
4.00 3.24
4.00 4.80
4.00 3.24
4.00 4.74
5.00 4.41
5.00 3.94
5.00 2.91
5.00 2.04
5.00 5.00
5.00 1.43
5.00 5.00
5.00 4.19
5.00 5.00
5.00 4.23
5.00 2.17
5.00 5.00
5.00 5.00
5.00 4.36
5.00 2.89
5.00 4.82
5.00 5.00
5.00 3.03
5.00 2.95
5.00 4.51
5.00 3.96
5.00 5.00
5.00 4.14
5.00 2.66
5.00 4.93
5.00 5.00
5.00 5.00
5.00 5.00
5.00 5.00
5.00 5.00
5.00 5.00
5.00 1.93
5.00 3.35
5.00 4.20
5.00 5.00
5.00 5.00
5.00 3.56
5.00 3.69
5.00 4.61
5.00 5.00
5.00 5.00
5.00 4.44
5.00 5.00
5.00 1.35
5.00 2.97
5.00 5.00
5.00 4.12
5.00 4.17
5.00 4.13
5.00 5.00
5.00 5.00
5.00 4.44
5.00 5.00
5.00 5.00
5.00 5.00
5.00 2.86
5.00 5.00
5.00 4.23
5.00 5.00
5.00 1.66
5.00 5.00
5.00 2.38
5.00 4.38
5.00 3.87
5.00 5.00
5.00 2.85
0.00 1.11
0.00 5.00
0.00 0.92
0.00 1.00
0.00 1.01
0.00 1.23
0.00 1.02
0.00 1.12
0.00 0.89
0.00 1.37
0.00 1.17
0.00 0.91
0.00 1.09
0.00 1.26
0.00 1.01
0.00 0.91
0.00 1.02
0.00 1.17
0.00 1.23
0.00 0.91
0.00 5.00
0.00 1.37
4.50 5.00
4.50 5.00
4.50 4.99
4.50 4.84
4.50 3.14
4.50 3.16
4.50 4.93
4.50 5.00
4.50 4.74
4.50 3.16
4.50 3.12
4.50 3.14
4.50 4.94
4.50 5.00
4.50 5.00
4.50 4.88
4.50 3.09
4.50 5.00
4.50 3.07
4.50 3.12
4.50 5.00
4.50 4.64
0.50 1.81
0.50 1.69
0.50 1.94
0.50 1.94
0.50 1.81
1.00 2.58
1.00 2.80
1.00 2.15
1.00 3.30
1.00 3.04
1.50 2.26
1.50 3.87
1.50 2.32
1.50 2.40
1.50 4.56
2.00 5.00
2.00 4.96
2.00 2.59
2.00 2.61
2.00 2.63
2.50 2.72
2.50 2.69
2.50 2.66
2.50 5.00
2.50 5.00
3.00 5.00
3.00 5.00
3.00 2.94
3.00 3.22
3.00 2.87
3.50 3.34
3.50 5.00
3.50 4.11
3.50 3.86
3.50 5.00
4.00 5.00
4.00 4.77
4.00 5.00
4.00 5.00
4.00 4.40
5.00 3.02
5.00 3.17
5.00 2.55
5.00 3.27
5.00 2.78
5.00 5.00
5.00 2.30
5.00 5.00
5.00 3.63
5.00 5.00
5.00 5.00
5.00 5.00
5.00 5.00
5.00 1.75
5.00 3.28
0.00 1.28
0.00 1.48
0.00 1.18
0.00 1.58
0.00 1.38
4.50 5.00
4.50 5.00
4.50 5.00
4.50 5.00
4.50 5.00
0.50 1.33
0.50 1.74
0.50 1.60
0.50 1.46
0.50 1.33
0.50 1.46
0.50 1.88
0.50 1.60
0.50 1.88
0.50 1.74
1.00 2.54
1.00 2.35
1.00 2.03
1.00 2.18
1.00 2.71
1.00 2.18
1.00 2.54
1.00 2.71
1.00 2.03
1.00 2.35
1.50 3.30
1.50 3.30
1.50 3.09
1.50 3.53
1.50 2.89
1.50 3.47
1.50 2.89
1.50 3.47
1.50 3.53
1.50 3.09
2.00 3.32
2.00 3.24
2.00 3.37
2.00 3.28
2.00 3.42
2.00 3.28
2.00 3.32
2.00 3.24
2.00 3.37
2.00 3.42
2.50 3.21
2.50 3.21
2.50 3.14
2.50 3.17
2.50 3.09
2.50 3.17
2.50 3.11
2.50 3.11
2.50 3.09
2.50 3.14
3.00 3.02
3.00 3.04
3.00 3.02
3.00 3.04
3.00 3.07
3.00 3.01
3.00 2.99
3.00 2.99
3.00 3.01
3.00 3.07
3.50 2.94
3.50 2.98
3.50 2.93
3.50 2.95
3.50 2.95
3.50 2.96
3.50 2.94
3.50 2.93
3.50 2.98
3.50 2.96
4.00 2.91
4.00 2.91
4.00 2.92
4.00 2.92
4.00 2.92
4.00 2.92
4.00 2.92
4.00 2.91
4.00 2.92
4.00 2.91
4.50 2.91
4.50 2.94
4.50 2.91
4.50 2.93
4.50 2.92
4.50 2.92
4.50 2.93
4.50 2.92
4.50 2.92
4.50 2.94
5.00 1.65
5.00 0.83
5.00 0.80
5.00 0.80
5.00 0.62
5.00 0.81
5.00 0.81
5.00 2.41
5.00 0.60
5.00 0.82
5.00 2.66
5.00 2.42
5.00 2.95
5.00 2.55
5.00 0.56
5.00 0.77
5.00 0.83
5.00 0.83
5.00 0.69
5.00 0.83
5.00 0.66
5.00 0.71
5.00 0.83
5.00 0.67
5.00 0.77
5.00 0.83
5.00 0.83
5.00 0.74
5.00 0.78
5.00 1.24
0.00 0.75
0.00 1.10
0.00 1.21
0.00 0.86
0.00 0.75
0.00 1.21
0.00 0.86
0.00 1.10
0.00 0.98
0.00 0.98
0.50 1.38
0.50 1.68
0.50 1.58
0.50 1.61
0.50 1.76
0.50 1.48
0.50 1.78
0.50 1.78
0.50 1.48
0.50 2.06
0.50 1.47
0.50 2.06
0.50 1.68
0.50 1.91
0.50 1.38
0.50 1.91
0.50 1.58
1.00 2.23
1.00 2.10
1.00 1.89
1.00 1.99
1.00 3.01
1.00 2.42
1.00 2.62
1.00 2.10
1.00 2.21
1.00 2.23
1.00 2.81
1.00 2.32
1.00 2.42
1.00 1.89
1.00 2.81
1.00 1.99
1.00 2.21
1.50 3.53
1.50 2.49
1.50 3.23
1.50 2.67
1.50 2.67
1.50 3.23
1.50 3.74
1.50 3.29
1.50 3.29
1.50 3.47
1.50 3.63
1.50 3.63
1.50 3.53
1.50 3.74
1.50 3.07
1.50 2.86
1.50 2.86
2.00 3.20
2.00 4.25
2.00 3.74
2.00 3.27
2.00 3.13
2.00 3.99
2.00 3.13
2.00 3.99
2.00 3.27
2.00 3.35
2.00 3.51
2.00 3.74
2.00 3.35
2.00 3.44
2.00 3.51
2.00 3.44
2.00 4.53
2.50 4.59
2.50 2.90
2.50 2.90
2.50 4.60
2.50 3.00
2.50 2.95
2.50 2.85
2.50 2.95
2.50 3.06
2.50 3.06
2.50 4.59
2.50 4.57
2.50 4.65
2.50 4.63
2.50 4.65
2.50 2.85
2.50 3.00
3.00 2.76
3.00 2.69
3.00 4.74
3.00 4.81
3.00 2.72
3.00 4.78
3.00 2.76
3.00 2.80
3.00 2.69
3.00 4.71
3.00 4.74
3.00 2.65
3.00 4.78
3.00 2.65
3.00 4.71
3.00 4.68
3.00 4.81
3.50 4.93
3.50 4.89
3.50 4.97
3.50 4.97
3.50 2.62
3.50 2.52
3.50 4.85
3.50 2.54
3.50 2.59
3.50 2.52
3.50 5.00
3.50 2.62
3.50 4.93
3.50 5.00
3.50 2.59
3.50 4.89
3.50 4.85
4.00 5.00
4.00 5.00
4.00 2.45
4.00 5.00
4.00 5.00
4.00 2.44
4.00 5.00
4.00 2.47
4.00 2.47
4.00 5.00
4.00 5.00
4.00 2.45
4.00 5.00
4.00 2.48
4.00 2.48
4.00 2.50
4.00 5.00
4.50 5.00
4.50 5.00
4.50 2.41
4.50 2.41
4.50 5.00
4.50 2.43
4.50 2.41
4.50 5.00
4.50 5.00
4.50 5.00
4.50 5.00
4.50 2.41
4.50 5.00
4.50 2.41
4.50 2.42
4.50 5.00
4.50 2.41
5.00 5.00
5.00 0.22
5.00 5.00
5.00 5.00
5.00 5.00
5.00 5.00
5.00 2.71
5.00 2.54
5.00 5.00
5.00 1.67
5.00 5.00
5.00 0.48
5.00 2.76
5.00 1.50
5.00 5.00
5.00 5.00
5.00 5.00
5.00 1.41
5.00 0.25
5.00 0.99
5.00 5.00
5.00 5.00
5.00 5.00
5.00 0.22
5.00 1.52
5.00 0.21
5.00 0.52
5.00 1.35
5.00 5.00
5.00 4.56
5.00 0.35
5.00 5.00
5.00 0.63
5.00 5.00
5.00 2.65
5.00 5.00
5.00 3.59
5.00 5.00
5.00 0.61
5.00 5.00
5.00 5.00
5.00 3.62
5.00 4.50
5.00 3.60
5.00 0.21
5.00 5.00
5.00 1.68
5.00 0.76
5.00 1.58
5.00 1.28
5.00 2.79
0.00 1.34
0.00 1.34
0.00 1.21
0.00 1.28
0.00 1.62
0.00 1.10
0.00 1.10
0.00 1.28
0.00 1.62
0.00 0.86
0.00 0.98
0.00 1.35
0.00 1.28
0.00 0.86
0.00 1.84
0.00 1.28
0.00 0.98
0.50 1.91
0.50 1.50
0.50 1.50
0.50 1.80
0.50 1.60
1.00 2.02
1.00 2.02
1.00 2.24
1.00 2.52
1.00 2.13
1.50 3.35
1.50 2.71
1.50 3.12
1.50 2.91
1.50 2.71
2.00 4.69
2.00 3.83
2.00 3.83
2.00 4.69
2.00 4.09
2.50 3.36
2.50 4.77
2.50 4.84
2.50 3.34
2.50 4.73
3.00 5.00
3.00 3.25
3.00 4.91
3.00 3.32
3.00 3.26
3.50 3.20
3.50 5.00
3.50 3.18
3.50 5.00
3.50 3.15
5.00 5.00
5.00 4.02
5.00 5.00
5.00 4.82
5.00 4.04
5.00 5.00
5.00 4.90
5.00 2.94
5.00 3.87
5.00 3.36
5.00 5.00
5.00 5.00
5.00 4.39
5.00 3.85
5.00 5.00
0.00 1.30
0.00 1.30
0.00 1.65
0.00 1.30
0.00 1.37
4.00 5.00
4.00 5.00
4.00 5.00
4.00 5.00
4.00 5.00
4.50 5.00
4.50 5.00
4.50 5.00
4.50 5.00
4.50 5.00
0.50 5.00
0.50 2.48
0.50 2.48
0.50 2.92
0.50 4.44
0.50 1.87
0.50 4.44
0.50 3.54
0.50 1.32
0.50 1.44
0.50 1.72
0.50 1.87
0.50 2.92
0.50 3.54
0.50 5.00
1.00 2.67
1.00 2.16
1.00 5.00
1.00 2.16
1.00 2.01
1.00 2.67
1.00 2.32
1.00 5.00
1.00 2.49
1.00 2.01
1.00 2.32
1.00 5.00
1.00 2.49
1.00 5.00
1.00 5.00
1.50 3.03
1.50 5.00
1.50 3.66
1.50 2.84
1.50 5.00
1.50 5.00
1.50 5.00
1.50 5.00
1.50 3.44
1.50 5.00
1.50 2.84
1.50 3.44
1.50 5.00
1.50 3.22
1.50 3.03
2.00 4.62
2.00 3.54
2.00 5.00
2.00 3.63
2.00 3.56
2.00 4.02
2.00 5.00
2.00 5.00
2.00 3.51
2.00 3.56
2.00 4.62
2.00 5.00
2.00 5.00
2.00 3.59
2.00 5.00
2.50 3.26
2.50 3.46
2.50 3.44
2.50 2.83
2.50 2.83
2.50 3.49
2.50 3.44
2.50 3.58
2.50 3.42
2.50 3.46
2.50 3.40
2.50 3.58
2.50 3.40
2.50 2.68
2.50 3.01
3.00 2.40
3.00 2.40
3.00 3.35
3.00 3.31
3.00 2.48
3.00 2.34
3.00 3.31
3.00 3.36
3.00 2.29
3.00 3.33
3.00 3.38
3.00 2.34
3.00 2.48
3.00 2.57
3.00 3.36
3.50 3.29
3.50 3.23
3.50 3.21
3.50 2.25
3.50 3.21
3.50 2.18
3.50 2.17
3.50 3.27
3.50 2.20
3.50 2.17
3.50 2.22
3.50 3.25
3.50 2.18
3.50 3.29
3.50 3.25
4.00 2.15
4.00 2.14
4.00 2.15
4.00 3.20
4.00 2.15
4.00 3.13
4.00 3.20
4.00 2.16
4.00 2.14
4.00 3.17
4.00 2.15
4.00 3.11
4.00 2.15
4.00 3.13
4.00 2.16
4.50 1.90
4.50 3.03
4.50 2.09
4.50 3.09
4.50 3.00
4.50 2.12
4.50 1.90
4.50 2.25
4.50 2.25
4.50 2.05
4.50 2.12
4.50 3.05
4.50 2.09
4.50 3.07
4.50 2.05
5.00 2.51
5.00 5.00
5.00 5.00
5.00 5.00
5.00 4.21
5.00 2.83
5.00 3.08
5.00 5.00
5.00 5.00
5.00 5.00
5.00 5.00
5.00 5.00
5.00 5.00
5.00 5.00
5.00 4.74
5.00 5.00
5.00 5.00
5.00 2.94
5.00 5.00
5.00 5.00
5.00 5.00
5.00 5.00
5.00 2.54
5.00 5.00
5.00 5.00
5.00 3.11
5.00 5.00
5.00 5.00
5.00 5.00
5.00 5.00
5.00 5.00
5.00 5.00
5.00 5.00
5.00 4.37
5.00 5.00
5.00 5.00
5.00 5.00
5.00 4.10
5.00 5.00
5.00 5.00
5.00 5.00
5.00 5.00
5.00 3.99
5.00 3.17
5.00 5.00
0.00 2.16
0.00 1.20
0.00 1.91
0.00 0.93
0.00 1.71
0.00 5.00
0.00 1.20
0.00 1.02
0.00 1.25
0.00 5.00
0.00 1.11
0.00 1.91
0.00 1.11
0.00 2.16
0.00 5.00
0.50 1.98
0.50 2.16
0.50 2.09
0.50 1.58
0.50 2.36
0.50 1.79
0.50 2.58
0.50 2.16
0.50 1.96
0.50 1.98
1.00 3.35
1.00 2.82
1.00 3.65
1.00 3.09
1.00 2.20
1.00 2.15
1.00 3.13
1.00 3.65
1.00 3.35
1.00 2.26
1.50 4.25
1.50 4.61
1.50 4.76
1.50 4.61
1.50 4.68
1.50 2.35
1.50 4.55
1.50 3.37
1.50 4.35
1.50 4.61
2.00 4.51
2.00 4.42
2.00 2.50
2.00 4.50
2.00 4.57
2.00 4.49
2.00 4.45
2.00 2.52
2.00 4.38
2.00 4.38
2.50 2.51
2.50 4.38
2.50 2.53
2.50 4.38
2.50 2.55
2.50 4.42
2.50 4.48
2.50 4.38
2.50 4.49
2.50 4.40
3.00 4.60
3.00 4.51
3.00 4.54
3.00 4.49
3.00 4.58
3.00 4.55
3.00 2.72
3.00 4.61
3.00 4.66
3.00 4.54
3.50 2.81
3.50 2.76
3.50 4.64
3.50 4.73
3.50 4.90
3.50 4.67
3.50 4.74
3.50 5.00
3.50 4.73
3.50 4.82
5.00 3.40
5.00 3.23
5.00 3.58
5.00 5.00
5.00 3.79
5.00 2.80
5.00 5.00
5.00 2.06
5.00 3.98
5.00 3.77
5.00 5.00
5.00 2.23
5.00 5.00
5.00 2.77
5.00 5.00
5.00 5.00
5.00 2.27
5.00 2.91
5.00 2.19
5.00 2.77
5.00 3.97
5.00 3.24
5.00 3.62
5.00 3.17
5.00 5.00
5.00 5.00
5.00 2.59
5.00 2.76
5.00 5.00
5.00 5.00
0.00 1.04
0.00 1.61
0.00 1.08
0.00 1.27
0.00 1.61
0.00 1.37
0.00 1.45
0.00 1.18
0.00 1.04
0.00 1.47
4.00 5.00
4.00 5.00
4.00 5.00
4.00 5.00
4.00 5.00
4.00 5.00
4.00 5.00
4.00 5.00
4.00 5.00
4.00 5.00
4.50 5.00
4.50 5.00
4.50 5.00
4.50 5.00
4.50 5.00
4.50 5.00
4.50 5.00
4.50 5.00
4.50 5.00
4.50 5.00
0.50 2.22
0.50 1.56
0.50 1.88
0.50 2.04
0.50 2.22
1.00 2.81
1.00 2.40
1.00 3.25
1.00 3.03
1.00 2.60
1.50 3.50
1.50 4.01
1.50 3.77
1.50 3.77
1.50 4.01
2.00 3.98
2.00 3.99
2.00 3.98
2.00 3.98
2.00 3.98
2.50 4.02
2.50 3.99
2.50 4.03
2.50 4.00
2.50 4.00
3.00 4.17
3.00 4.10
3.00 4.13
3.00 4.07
3.00 4.07
5.00 5.00
5.00 3.04
5.00 5.00
5.00 5.00
5.00 5.00
5.00 5.00
5.00 4.38
5.00 5.00
5.00 5.00
5.00 5.00
5.00 5.00
5.00 5.00
5.00 5.00
5.00 2.85
5.00 5.00
0.00 1.28
0.00 0.88
0.00 1.28
0.00 1.42
0.00 1.15
3.50 4.37
3.50 4.33
3.50 4.24
3.50 4.29
3.50 4.20
4.00 4.54
4.00 4.59
4.00 4.41
4.00 4.46
4.00 4.50
4.50 4.81
4.50 4.63
4.50 4.68
4.50 4.77
4.50 4.72
0.50 2.24
0.50 1.69
0.50 1.81
0.50 2.07
0.50 1.94
0.50 2.07
0.50 1.94
0.50 1.69
0.50 1.81
0.50 2.24
1.00 2.43
1.00 2.84
1.00 3.08
1.00 2.18
1.00 2.62
1.00 3.31
1.00 1.83
1.00 2.09
1.00 2.00
1.00 1.91
1.50 4.45
1.50 1.65
1.50 1.74
1.50 1.43
1.50 1.58
1.50 4.15
1.50 4.49
1.50 3.85
1.50 1.50
1.50 3.57
2.00 4.36
2.00 1.16
2.00 4.38
2.00 4.41
2.00 4.33
2.00 4.32
2.00 1.19
2.00 1.37
2.00 1.24
2.00 1.30
2.50 4.30
2.50 1.14
2.50 1.14
2.50 4.29
2.50 4.29
2.50 1.13
2.50 4.31
2.50 1.13
2.50 1.13
2.50 4.29
3.00 1.27
3.00 4.32
3.00 1.38
3.00 1.22
3.00 1.17
3.00 4.30
3.00 4.30
3.00 1.32
3.00 4.31
3.00 4.30
3.50 1.44
3.50 4.33
3.50 4.34
3.50 4.34
3.50 4.35
3.50 4.33
3.50 4.36
3.50 4.35
3.50 4.33
3.50 4.36
4.00 4.38
4.00 4.37
4.00 4.39
4.00 4.38
4.00 4.39
4.00 4.39
4.00 4.38
4.00 4.39
4.00 4.37
4.00 4.38
4.50 4.40
4.50 4.42
4.50 4.41
4.50 4.40
4.50 4.42
4.50 4.40
4.50 4.40
4.50 4.41
4.50 4.41
4.50 4.41
5.00 5.00
5.00 5.00
5.00 4.88
5.00 5.00
5.00 5.00
5.00 5.00
5.00 5.00
5.00 4.64
5.00 5.00
5.00 5.00
5.00 5.00
5.00 5.00
5.00 5.00
5.00 4.43
5.00 5.00
5.00 5.00
5.00 4.52
5.00 5.00
5.00 5.00
5.00 5.00
5.00 5.00
5.00 5.00
5.00 5.00
5.00 5.00
5.00 5.00
5.00 5.00
5.00 5.00
5.00 5.00
5.00 5.00
5.00 5.00
0.00 1.57
0.00 1.45
0.00 1.57
0.00 1.16
0.00 1.45
0.00 1.26
0.00 1.36
0.00 1.26
0.00 1.16
0.00 1.36
0.50 2.13
0.50 2.02
0.50 1.19
0.50 1.83
0.50 1.67
0.50 1.19
0.50 1.83
0.50 2.66
0.50 2.02
0.50 1.27
0.50 1.91
0.50 1.10
0.50 1.27
0.50 2.13
0.50 1.79
0.50 1.79
0.50 1.79
0.50 1.02
0.50 2.02
0.50 2.43
1.00 3.52
1.00 1.95
1.00 2.85
1.00 2.73
1.00 3.22
1.00 3.09
1.00 2.96
1.00 2.43
1.00 2.53
1.00 1.82
1.00 1.47
1.00 3.22
1.00 1.47
1.00 2.16
1.00 1.58
1.00 1.58
1.00 3.09
1.00 1.70
1.00 2.63
1.00 2.85
1.50 4.64
1.50 2.07
1.50 4.88
1.50 2.47
1.50 2.39
1.50 2.07
1.50 3.62
1.50 3.91
1.50 2.52
1.50 2.33
1.50 4.64
1.50 2.62
1.50 5.00
1.50 2.33
1.50 5.00
1.50 3.91
1.50 4.23
1.50 2.45
1.50 2.20
1.50 4.88
2.00 4.62
2.00 3.39
2.00 3.06
2.00 4.46
2.00 4.65
2.00 4.67
2.00 2.64
2.00 4.91
2.00 4.91
2.00 4.95
2.00 4.62
2.00 3.23
2.00 3.39
2.00 4.51
2.00 2.91
2.00 4.91
2.00 4.91
2.00 2.76
2.00 4.65
2.00 4.93
2.50 2.70
2.50 3.38
2.50 4.93
2.50 4.77
2.50 4.39
2.50 3.38
2.50 2.68
2.50 4.94
2.50 3.33
2.50 4.16
2.50 4.71
2.50 4.94
2.50 4.39
2.50 4.39
2.50 4.96
2.50 3.33
2.50 2.80
2.50 4.96
2.50 3.35
2.50 2.73
3.00 4.36
3.00 5.00
3.00 3.31
3.00 5.00
3.00 4.39
3.00 3.28
3.00 5.00
3.00 5.00
3.00 3.29
3.00 5.00
3.00 3.29
3.00 5.00
3.00 5.00
3.00 4.46
3.00 3.26
3.00 3.28
3.00 4.96
3.00 2.97
3.00 4.42
3.00 4.42
3.50 5.00
3.50 4.98
3.50 3.18
3.50 5.00
3.50 3.16
3.50 4.55
3.50 5.00
3.50 3.22
3.50 3.20
3.50 5.00
3.50 4.68
3.50 3.20
3.50 3.18
3.50 5.00
3.50 4.61
3.50 4.61
3.50 4.55
3.50 4.50
3.50 5.00
3.50 5.00
4.00 5.00
4.00 3.09
4.00 5.00
4.00 3.14
4.00 4.84
4.00 5.00
4.00 5.00
4.00 3.08
4.00 5.00
4.00 3.12
4.00 3.10
4.00 4.95
4.00 3.12
4.00 5.00
4.00 5.00
4.00 5.00
4.00 5.00
4.00 3.14
4.00 5.00
4.00 4.84
5.00 2.71
5.00 1.79
5.00 3.30
5.00 3.78
5.00 5.00
5.00 5.00
5.00 3.46
5.00 4.41
5.00 5.00
5.00 5.00
5.00 3.75
5.00 5.00
5.00 4.54
5.00 4.44
5.00 5.00
5.00 4.09
5.00 2.75
5.00 3.01
5.00 5.00
5.00 3.65
5.00 5.00
5.00 3.03
5.00 5.00
5.00 3.26
5.00 5.00
5.00 3.53
5.00 4.16
5.00 1.84
5.00 5.00
5.00 2.97
5.00 3.84
5.00 3.45
5.00 3.15
5.00 5.00
5.00 5.00
5.00 3.81
5.00 5.00
5.00 2.78
5.00 5.00
5.00 5.00
5.00 5.00
5.00 3.27
5.00 5.00
5.00 2.11
5.00 2.73
5.00 3.26
5.00 3.74
5.00 2.88
5.00 3.87
5.00 1.73
5.00 5.00
5.00 5.00
5.00 1.57
5.00 4.73
5.00 2.09
5.00 4.56
5.00 4.33
5.00 4.36
5.00 2.89
5.00 2.92
0.00 1.28
0.00 0.93
0.00 0.93
0.00 0.93
0.00 1.46
0.00 1.68
0.00 1.16
0.00 1.56
0.00 1.68
0.00 1.48
0.00 1.26
0.00 1.19
0.00 1.26
0.00 1.19
0.00 1.16
0.00 1.38
0.00 1.05
0.00 1.16
0.00 1.16
0.00 1.48
4.50 5.00
4.50 3.07
4.50 5.00
4.50 5.00
4.50 3.05
4.50 3.04
4.50 5.00
4.50 5.00
4.50 5.00
4.50 5.00
4.50 5.00
4.50 5.00
4.50 5.00
4.50 5.00
4.50 3.06
4.50 5.00
4.50 5.00
4.50 3.06
4.50 5.00
4.50 5.00
0.50 1.22
0.50 1.33
0.50 1.45
0.50 1.57
0.50 1.70
1.00 1.82
1.00 2.24
1.00 2.09
1.00 2.40
1.00 1.95
1.50 2.73
1.50 2.92
1.50 3.35
1.50 2.56
1.50 3.12
2.00 3.36
2.00 3.38
2.00 3.43
2.00 3.39
2.00 3.41
2.50 3.56
2.50 3.53
2.50 3.48
2.50 3.50
2.50 3.45
3.00 3.75
3.00 3.70
3.00 3.59
3.00 3.63
3.00 3.67
3.50 3.88
3.50 3.98
3.50 3.93
3.50 3.83
3.50 3.79
4.00 4.14
4.00 4.14
4.00 4.26
4.00 4.09
4.00 4.03
4.50 4.46
4.50 4.50
4.50 4.44
4.50 4.39
4.50 4.56
5.00 5.00
5.00 4.36
5.00 1.36
5.00 5.00
5.00 5.00
5.00 5.00
5.00 3.31
5.00 3.69
5.00 4.19
5.00 3.24
5.00 5.00
5.00 3.32
5.00 3.34
5.00 1.29
5.00 5.00
0.00 1.02
0.00 0.91
0.00 0.81
0.00 0.72
0.00 0.91
0.50 2.23
0.50 1.90
0.50 1.14
0.50 1.33
0.50 0.94
0.50 0.94
0.50 1.73
0.50 1.58
0.50 1.14
0.50 1.23
0.50 1.43
0.50 1.68
0.50 1.90
0.50 1.33
0.50 1.13
0.50 1.01
0.50 1.79
0.50 1.58
0.50 1.58
0.50 1.54
0.50 1.58
0.50 1.90
0.50 2.05
0.50 1.13
0.50 1.20
0.50 1.90
0.50 1.20
0.50 1.43
0.50 1.07
0.50 1.73
0.50 2.23
0.50 1.54
0.50 2.05
1.00 2.83
1.00 1.77
1.00 2.29
1.00 2.99
1.00 1.27
1.00 2.61
1.00 2.47
1.00 1.88
1.00 2.61
1.00 2.00
1.00 1.43
1.00 1.77
1.00 2.88
1.00 3.06
1.00 1.43
1.00 2.29
1.00 2.67
1.00 2.41
1.00 2.12
1.00 2.13
1.00 2.88
1.00 2.12
1.00 1.66
1.00 1.52
1.00 1.62
1.00 3.28
1.00 1.88
1.00 2.13
1.00 1.66
1.00 3.05
1.00 2.83
1.00 2.00
1.00 2.67
1.50 2.13
1.50 1.81
1.50 2.13
1.50 1.91
1.50 2.80
1.50 3.85
1.50 3.85
1.50 3.27
1.50 3.28
1.50 4.05
1.50 3.34
1.50 3.11
1.50 3.20
1.50 3.13
1.50 3.80
1.50 4.15
1.50 2.66
1.50 2.02
1.50 1.71
1.50 3.26
1.50 1.81
1.50 3.34
1.50 3.59
1.50 2.02
1.50 3.53
1.50 2.39
1.50 4.15
1.50 3.11
1.50 1.91
1.50 3.59
1.50 1.71
1.50 4.11
1.50 2.27
2.00 3.96
2.00 2.72
2.00 3.25
2.00 3.26
2.00 2.73
2.00 3.25
2.00 4.44
2.00 4.39
2.00 4.47
2.00 4.44
2.00 2.59
2.00 2.59
2.00 4.41
2.00 3.26
2.00 2.47
2.00 2.83
2.00 4.41
2.00 2.25
2.00 4.37
2.00 3.88
2.00 2.78
2.00 2.95
2.00 4.37
2.00 3.92
2.00 4.39
2.00 2.89
2.00 2.25
2.00 2.36
2.00 3.83
2.00 2.72
2.00 2.36
2.00 2.47
2.00 3.25
2.50 4.32
2.50 2.80
2.50 2.84
2.50 2.72
2.50 4.33
2.50 4.32
2.50 3.79
2.50 4.34
2.50 4.33
2.50 2.72
2.50 3.25
2.50 3.26
2.50 3.78
2.50 4.32
2.50 4.35
2.50 4.32
2.50 2.76
2.50 2.76
2.50 4.34
2.50 3.76
2.50 2.84
2.50 4.35
2.50 2.80
2.50 2.64
2.50 3.75
2.50 3.26
2.50 2.52
2.50 2.59
2.50 2.68
2.50 3.26
2.50 2.55
2.50 3.81
2.50 2.69
3.00 3.32
3.00 3.34
3.00 3.74
3.00 2.41
3.00 4.32
3.00 2.62
3.00 3.28
3.00 2.59
3.00 4.32
3.00 3.30
3.00 2.65
3.00 2.38
3.00 4.32
3.00 4.32
3.00 4.32
3.00 2.53
3.00 2.48
3.00 2.56
3.00 2.53
3.00 4.32
3.00 3.29
3.00 2.56
3.00 2.44
3.00 2.62
3.00 4.32
3.00 2.65
3.00 4.32
3.00 4.32
3.00 4.32
3.00 2.59
3.00 3.73
3.00 3.73
3.00 3.72
3.50 2.51
3.50 2.44
3.50 2.26
3.50 4.33
3.50 3.43
3.50 4.37
3.50 3.46
3.50 2.46
3.50 2.42
3.50 2.46
3.50 2.48
3.50 2.42
3.50 3.72
3.50 3.40
3.50 3.72
3.50 4.33
3.50 4.41
3.50 2.48
3.50 2.23
3.50 3.72
3.50 2.33
3.50 3.72
3.50 4.33
3.50 2.23
3.50 2.51
3.50 3.72
3.50 4.33
3.50 2.44
3.50 4.45
3.50 3.35
3.50 3.38
3.50 2.28
3.50 2.30
4.00 3.62
4.00 2.36
4.00 3.73
4.00 2.36
4.00 3.67
4.00 4.51
4.00 2.38
4.00 3.73
4.00 3.72
4.00 2.20
4.00 2.16
4.00 2.15
4.00 2.38
4.00 3.72
4.00 2.20
4.00 3.53
4.00 4.69
4.00 2.16
4.00 4.76
4.00 2.33
4.00 2.18
4.00 4.62
4.00 2.33
4.00 2.21
4.00 2.35
4.00 2.40
4.00 2.21
4.00 3.58
4.00 2.40
4.00 2.18
4.00 3.72
4.00 3.49
4.00 2.15
4.50 2.08
4.50 3.76
4.50 5.00
4.50 2.30
4.50 3.74
4.50 2.30
4.50 2.31
4.50 2.09
4.50 2.32
4.50 3.76
4.50 3.73
4.50 5.00
4.50 3.74
4.50 4.93
4.50 2.31
4.50 4.84
4.50 2.10
4.50 3.75
4.50 2.12
4.50 2.29
4.50 2.12
4.50 2.13
4.50 2.13
4.50 3.74
4.50 3.76
4.50 2.09
4.50 2.29
4.50 3.75
4.50 3.76
4.50 2.10
4.50 2.32
4.50 2.28
4.50 2.08
5.00 5.00
5.00 5.00
5.00 2.06
5.00 2.70
5.00 5.00
5.00 2.68
5.00 3.73
5.00 5.00
5.00 4.28
5.00 2.25
5.00 2.06
5.00 3.73
5.00 5.00
5.00 5.00
5.00 5.00
5.00 5.00
5.00 5.00
5.00 5.00
5.00 4.31
5.00 1.84
5.00 2.68
5.00 5.00
5.00 3.49
5.00 2.26
5.00 2.01
5.00 2.69
5.00 4.00
5.00 5.00
5.00 3.26
5.00 3.01
5.00 5.00
5.00 5.00
5.00 2.04
5.00 2.34
5.00 5.00
5.00 2.91
5.00 5.00
5.00 1.85
5.00 3.06
5.00 2.84
5.00 5.00
5.00 1.99
5.00 5.00
5.00 3.33
5.00 5.00
5.00 5.00
5.00 4.25
5.00 0.64
5.00 3.32
5.00 3.17
5.00 5.00
5.00 5.00
5.00 2.31
5.00 2.41
5.00 2.38
5.00 1.48
5.00 3.29
5.00 5.00
5.00 2.28
5.00 5.00
5.00 4.78
5.00 5.00
5.00 2.17
5.00 5.00
5.00 3.53
5.00 5.00
5.00 3.13
5.00 3.27
5.00 3.50
5.00 2.30
5.00 4.93
5.00 2.53
5.00 5.00
5.00 5.00
5.00 0.64
5.00 5.00
5.00 3.26
5.00 5.00
5.00 5.00
5.00 5.00
5.00 2.46
5.00 5.00
5.00 3.02
5.00 2.13
5.00 5.00
5.00 2.16
5.00 5.00
5.00 3.72
5.00 5.00
5.00 5.00
5.00 4.42
5.00 3.90
5.00 2.27
5.00 3.39
5.00 5.00
5.00 2.66
5.00 2.34
5.00 0.62
5.00 5.00
0.00 1.30
0.00 1.51
0.00 1.48
0.00 0.96
0.00 0.74
0.00 0.95
0.00 0.89
0.00 1.51
0.00 1.34
0.00 1.20
0.00 0.74
0.00 1.77
0.00 1.17
0.00 0.95
0.00 1.39
0.00 1.06
0.00 0.89
0.00 1.17
0.00 1.30
0.00 1.30
0.00 1.48
0.00 0.96
0.00 1.43
0.00 0.82
0.00 1.06
0.00 1.05
0.00 1.30
0.00 0.94
0.00 1.77
0.00 1.11
0.00 0.97
0.00 1.43
0.00 1.39
0.50 1.62
0.50 1.62
0.50 1.42
0.50 1.42
0.50 1.33
0.50 1.24
0.50 1.24
0.50 1.33
0.50 1.51
0.50 1.51
1.00 1.73
1.00 1.97
1.00 1.97
1.00 1.73
1.00 2.24
1.00 2.09
1.00 1.85
1.00 2.09
1.00 2.24
1.00 1.85
1.50 2.55
1.50 2.39
1.50 2.73
1.50 2.39
1.50 3.09
1.50 2.73
1.50 2.91
1.50 2.55
1.50 3.09
1.50 2.91
2.00 3.92
2.00 3.70
2.00 3.48
2.00 3.93
2.00 3.28
2.00 3.93
2.00 3.48
2.00 3.70
2.00 3.28
2.00 3.92
2.50 3.89
2.50 3.90
2.50 3.90
2.50 3.90
2.50 3.89
2.50 3.89
2.50 3.91
2.50 3.91
2.50 3.89
2.50 3.90
3.00 3.88
3.00 3.89
3.00 3.88
3.00 3.89
3.00 3.88
3.00 3.88
3.00 3.89
3.00 3.88
3.00 3.89
3.00 3.88
3.50 3.88
3.50 3.87
3.50 3.86
3.50 3.87
3.50 3.86
3.50 3.87
3.50 3.86
3.50 3.87
3.50 3.86
3.50 3.88
4.00 3.84
4.00 3.83
4.00 3.83
4.00 3.80
4.00 3.80
4.00 3.85
4.00 3.82
4.00 3.85
4.00 3.82
4.00 3.84
4.50 3.79
4.50 3.77
4.50 3.79
4.50 3.76
4.50 3.74
4.50 3.72
4.50 3.74
4.50 3.72
4.50 3.76
4.50 3.77
5.00 2.68
5.00 2.71
5.00 3.50
5.00 5.00
5.00 1.99
5.00 5.00
5.00 2.64
5.00 2.70
5.00 1.95
5.00 1.97
5.00 5.00
5.00 3.05
5.00 2.68
5.00 2.68
5.00 2.07
5.00 1.64
5.00 2.34
5.00 5.00
5.00 2.57
5.00 2.41
5.00 4.00
5.00 5.00
5.00 2.41
5.00 2.68
5.00 5.00
5.00 5.00
5.00 2.68
5.00 5.00
5.00 2.17
5.00 5.00
0.00 1.06
0.00 1.08
0.00 1.15
0.00 1.29
0.00 1.15
0.00 1.29
0.00 1.06
0.00 1.08
0.00 1.06
0.00 1.06
0.50 2.44
0.50 2.03
0.50 2.22
0.50 2.44
0.50 1.83
1.00 3.51
1.00 3.83
1.00 3.51
1.00 2.93
1.00 3.83
1.50 4.74
1.50 4.74
1.50 4.84
1.50 4.60
1.50 5.00
2.00 4.47
2.00 4.59
2.00 4.47
2.00 4.59
2.00 4.66
2.50 4.39
2.50 4.14
2.50 4.35
2.50 4.14
2.50 4.39
3.00 4.31
3.00 4.32
3.00 4.30
3.00 4.29
3.00 4.28
3.50 4.36
3.50 4.36
3.50 4.38
3.50 4.41
3.50 4.44
4.00 4.53
4.00 4.47
4.00 4.61
4.00 4.50
4.00 4.57
5.00 1.61
5.00 2.78
5.00 2.13
5.00 2.63
5.00 4.05
5.00 2.50
5.00 5.00
5.00 2.59
5.00 5.00
5.00 5.00
5.00 1.84
5.00 1.61
5.00 3.00
5.00 2.28
5.00 4.85
0.00 1.65
0.00 1.49
0.00 1.05
0.00 1.19
0.00 1.65
4.50 4.65
4.50 4.73
4.50 4.77
4.50 4.81
4.50 4.69
0.50 1.29
0.50 1.39
0.50 1.12
0.50 1.04
0.50 1.19
1.00 1.74
1.00 1.62
1.00 1.85
1.00 1.50
1.00 1.97
1.50 2.10
1.50 2.24
1.50 2.24
1.50 2.65
1.50 2.65
2.00 3.11
2.00 3.02
2.00 2.79
2.00 2.79
2.00 3.11
2.50 2.83
2.50 2.98
2.50 2.90
2.50 2.87
2.50 2.90
3.00 2.74
3.00 2.72
3.00 2.77
3.00 2.80
3.00 2.74
3.50 2.62
3.50 2.59
3.50 2.60
3.50 2.62
3.50 2.59
4.00 2.53
4.00 2.52
4.00 2.57
4.00 2.57
4.00 2.54
4.50 2.49
4.50 2.49
4.50 2.50
4.50 2.50
4.50 2.49
5.00 4.14
5.00 5.00
5.00 5.00
5.00 4.33
5.00 5.00
5.00 5.00
5.00 5.00
5.00 5.00
5.00 5.00
5.00 5.00
5.00 5.00
5.00 5.00
5.00 5.00
5.00 2.66
5.00 4.03
0.00 0.81
0.00 0.81
0.00 0.96
0.00 0.82
0.00 0.82
0.50 2.12
0.50 1.67
0.50 1.96
0.50 1.52
0.50 2.12
0.50 1.96
0.50 1.82
1.00 2.29
1.00 3.07
1.00 2.68
1.00 2.87
1.00 2.48
1.00 2.68
1.00 3.07
1.50 3.28
1.50 3.29
1.50 3.15
1.50 3.80
1.50 3.29
1.50 3.72
1.50 3.53
2.00 3.33
2.00 3.00
2.00 3.57
2.00 2.93
2.00 3.44
2.00 2.80
2.00 3.50
2.50 3.15
2.50 3.19
2.50 2.50
2.50 2.58
2.50 3.23
2.50 2.67
2.50 2.62
3.00 2.48
3.00 2.47
3.00 2.97
3.00 3.08
3.00 2.47
3.00 3.04
3.00 2.51
3.50 2.89
3.50 2.86
3.50 2.83
3.50 2.59
3.50 2.74
3.50 2.68
3.50 2.63
4.00 2.74
4.00 2.70
4.00 2.76
4.00 2.74
4.00 2.79
4.00 2.72
4.00 2.76
4.50 2.68
4.50 2.68
4.50 2.65
4.50 2.66
4.50 2.66
4.50 2.63
4.50 2.62
5.00 5.00
5.00 2.75
5.00 2.62
5.00 5.00
5.00 2.58
5.00 2.64
5.00 2.61
5.00 2.67
5.00 5.00
5.00 5.00
5.00 5.00
5.00 2.76
5.00 5.00
5.00 2.74
5.00 2.59
5.00 5.00
5.00 2.59
5.00 2.69
5.00 5.00
5.00 2.58
5.00 2.74
0.00 1.15
0.00 1.04
0.00 1.15
0.00 0.94
0.00 1.04
0.00 1.26
0.00 1.39
0.50 1.77
0.50 1.88
0.50 2.00
0.50 1.66
0.50 2.11
0.50 1.66
0.50 1.77
0.50 1.88
0.50 2.11
0.50 2.00
1.00 2.40
1.00 2.59
1.00 2.79
1.00 2.23
1.00 2.59
1.00 2.23
1.00 3.01
1.00 2.40
1.00 3.01
1.00 2.79
1.50 4.03
1.50 4.03
1.50 3.25
1.50 3.75
1.50 4.34
1.50 4.34
1.50 3.49
1.50 3.25
1.50 3.75
1.50 3.49
2.00 4.68
2.00 4.67
2.00 4.67
2.00 4.68
2.00 4.67
2.00 4.69
2.00 4.67
2.00 4.67
2.00 4.67
2.00 4.69
2.50 4.75
2.50 4.71
2.50 4.82
2.50 4.78
2.50 4.75
2.50 4.73
2.50 4.78
2.50 4.73
2.50 4.82
2.50 4.71
3.00 4.98
3.00 5.00
3.00 5.00
3.00 4.85
3.00 4.94
3.00 4.89
3.00 4.89
3.00 4.85
3.00 4.94
3.00 4.98
3.50 5.00
3.50 5.00
3.50 5.00
3.50 5.00
3.50 5.00
3.50 5.00
3.50 5.00
3.50 5.00
3.50 5.00
3.50 5.00
4.00 5.00
4.00 5.00
4.00 5.00
4.00 5.00
4.00 5.00
4.00 5.00
4.00 5.00
4.00 5.00
4.00 5.00
4.00 5.00
4.50 5.00
4.50 5.00
4.50 5.00
4.50 5.00
4.50 5.00
4.50 5.00
4.50 5.00
4.50 5.00
4.50 5.00
4.50 5.00
5.00 5.00
5.00 3.07
5.00 5.00
5.00 5.00
5.00 5.00
5.00 5.00
5.00 5.00
5.00 5.00
5.00 4.86
5.00 5.00
5.00 5.00
5.00 5.00
5.00 5.00
5.00 5.00
5.00 5.00
5.00 5.00
5.00 5.00
5.00 5.00
5.00 5.00
5.00 5.00
5.00 5.00
5.00 5.00
5.00 4.15
5.00 4.10
5.00 5.00
5.00 5.00
5.00 4.15
5.00 5.00
5.00 5.00
5.00 5.00
0.00 1.16
0.00 1.26
0.00 1.46
0.00 1.56
0.00 1.36
0.00 1.56
0.00 1.46
0.00 1.36
0.00 1.26
0.00 1.16
0.50 2.14
0.50 1.79
0.50 1.56
0.50 2.14
0.50 1.79
0.50 1.46
0.50 1.67
0.50 1.98
0.50 1.46
0.50 1.37
0.50 1.82
0.50 1.67
0.50 1.98
0.50 1.67
0.50 1.56
1.00 2.32
1.00 2.49
1.00 2.93
1.00 1.91
1.00 2.49
1.00 2.73
1.00 2.32
1.00 2.04
1.00 2.73
1.00 2.32
1.00 2.17
1.00 2.93
1.00 1.91
1.00 3.15
1.00 2.04
1.50 2.86
1.50 3.49
1.50 2.86
1.50 3.49
1.50 3.39
1.50 3.76
1.50 3.85
1.50 3.95
1.50 3.76
1.50 3.39
1.50 3.65
1.50 3.95
1.50 3.07
1.50 3.27
1.50 3.65
2.00 3.46
2.00 4.26
2.00 3.67
2.00 4.27
2.00 3.52
2.00 3.67
2.00 3.39
2.00 3.59
2.00 3.98
2.00 3.52
2.00 4.28
2.00 3.39
2.00 3.98
2.00 4.28
2.00 3.46
2.50 4.30
2.50 3.18
2.50 3.28
2.50 4.43
2.50 3.14
2.50 4.36
2.50 4.39
2.50 4.30
2.50 3.33
2.50 4.33
2.50 4.43
2.50 3.33
2.50 3.28
2.50 3.14
2.50 4.39
3.00 3.06
3.00 3.10
3.00 4.79
3.00 4.70
3.00 4.48
3.00 4.53
3.00 3.03
3.00 2.96
3.00 3.06
3.00 2.99
3.00 3.03
3.00 2.96
3.00 2.99
3.00 4.61
3.00 4.48
5.00 3.68
5.00 5.00
5.00 4.00
5.00 2.41
5.00 3.12
5.00 2.75
5.00 2.61
5.00 2.74
5.00 5.00
5.00 5.00
5.00 5.00
5.00 5.00
5.00 2.68
5.00 5.00
5.00 5.00
5.00 5.00
5.00 2.62
5.00 4.47
5.00 2.62
5.00 2.70
5.00 4.50
5.00 4.65
5.00 5.00
5.00 2.61
5.00 5.00
5.00 5.00
5.00 5.00
5.00 2.81
5.00 5.00
5.00 5.00
5.00 5.00
5.00 2.73
5.00 5.00
5.00 2.61
5.00 2.59
5.00 5.00
5.00 5.00
5.00 4.83
5.00 1.82
5.00 2.70
5.00 5.00
5.00 4.92
5.00 3.50
5.00 5.00
5.00 5.00
0.00 1.08
0.00 1.38
0.00 1.27
0.00 1.17
0.00 1.01
0.00 1.18
0.00 0.89
0.00 1.25
0.00 1.08
0.00 1.27
0.00 1.13
0.00 1.08
0.00 1.17
0.00 1.01
0.00 1.08
3.50 2.85
3.50 2.87
3.50 2.93
3.50 4.90
3.50 2.82
3.50 5.00
3.50 2.85
3.50 2.93
3.50 2.90
3.50 5.00
3.50 2.82
3.50 5.00
3.50 5.00
3.50 2.87
3.50 2.90
4.00 2.78
4.00 2.71
4.00 5.00
4.00 2.73
4.00 2.78
4.00 2.73
4.00 2.80
4.00 2.76
4.00 2.80
4.00 5.00
4.00 2.76
4.00 5.00
4.00 2.71
4.00 5.00
4.00 5.00
4.50 5.00
4.50 2.64
4.50 2.68
4.50 2.70
4.50 5.00
4.50 5.00
4.50 2.65
4.50 2.66
4.50 5.00
4.50 2.70
4.50 2.64
4.50 2.68
4.50 2.65
4.50 2.66
4.50 5.00
0.50 1.80
0.50 1.65
0.50 2.16
0.50 1.74
0.50 2.27
0.50 2.35
0.50 2.16
0.50 1.50
0.50 2.35
0.50 1.80
0.50 2.08
0.50 1.74
0.50 2.27
0.50 1.99
0.50 1.50
0.50 1.67
0.50 2.47
0.50 2.12
0.50 2.12
0.50 2.47
0.50 2.08
0.50 1.84
0.50 1.96
0.50 1.84
0.50 1.99
0.50 1.65
0.50 1.92
0.50 1.96
0.50 1.67
0.50 1.92
1.00 2.55
1.00 2.30
1.00 2.69
1.00 3.12
1.00 3.47
1.00 3.21
1.00 2.69
1.00 3.48
1.00 2.49
1.00 2.49
1.00 3.80
1.00 2.70
1.00 3.12
1.00 2.98
1.00 3.47
1.00 2.90
1.00 3.19
1.00 2.55
1.00 3.80
1.00 3.19
1.00 2.94
1.00 2.78
1.00 2.30
1.00 3.21
1.00 2.98
1.00 2.78
1.00 2.94
1.00 3.48
1.00 2.90
1.00 2.70
1.50 3.89
1.50 3.82
1.50 4.16
1.50 4.56
1.50 3.89
1.50 3.74
1.50 4.06
1.50 3.94
1.50 4.16
1.50 3.83
1.50 4.58
1.50 4.57
1.50 3.61
1.50 3.75
1.50 3.94
1.50 3.35
1.50 4.57
1.50 3.35
1.50 3.83
1.50 4.53
1.50 3.61
1.50 4.53
1.50 4.06
1.50 3.75
1.50 4.56
1.50 3.74
1.50 3.75
1.50 3.82
1.50 3.75
1.50 4.56
2.00 4.49
2.00 3.69
2.00 3.54
2.00 4.28
2.00 3.65
2.00 3.56
2.00 3.63
2.00 3.63
2.00 3.35
2.00 4.33
2.00 3.42
2.00 3.42
2.00 4.44
2.00 3.58
2.00 4.28
2.00 3.69
2.00 3.49
2.00 4.39
2.00 3.54
2.00 3.58
2.00 3.35
2.00 4.49
2.00 4.33
2.00 3.50
2.00 3.50
2.00 3.49
2.00 3.56
2.00 3.65
2.00 4.44
2.00 4.39
2.50 3.08
2.50 3.23
2.50 4.24
2.50 3.18
2.50 3.40
2.50 3.43
2.50 3.34
2.50 3.37
2.50 4.18
2.50 4.24
2.50 3.08
2.50 3.13
2.50 3.13
2.50 4.16
2.50 3.40
2.50 3.18
2.50 3.23
2.50 4.16
2.50 3.29
2.50 3.46
2.50 4.17
2.50 3.37
2.50 4.18
2.50 4.17
2.50 3.43
2.50 3.34
2.50 3.29
2.50 4.21
2.50 3.46
2.50 4.21
3.00 4.17
3.00 2.93
3.00 3.25
3.00 2.89
3.00 3.28
3.00 2.89
3.00 4.19
3.00 4.17
3.00 2.96
3.00 3.27
3.00 3.04
3.00 3.30
3.00 4.21
3.00 3.00
3.00 4.15
3.00 3.32
3.00 3.04
3.00 3.27
3.00 4.21
3.00 2.96
3.00 3.32
3.00 3.28
3.00 3.00
3.00 2.93
3.00 3.30
3.00 4.15
3.00 4.16
3.00 4.19
3.00 4.16
3.00 3.25
3.50 4.37
3.50 4.24
3.50 2.75
3.50 4.32
3.50 2.83
3.50 2.86
3.50 3.23
3.50 2.86
3.50 2.75
3.50 3.20
3.50 4.43
3.50 2.80
3.50 2.83
3.50 2.77
3.50 4.28
3.50 4.43
3.50 2.80
3.50 3.24
3.50 4.32
3.50 3.23
3.50 3.21
3.50 3.21
3.50 3.21
3.50 4.37
3.50 3.20
3.50 4.28
3.50 3.24
3.50 2.77
3.50 3.21
3.50 4.24
4.00 3.18
4.00 3.18
4.00 3.18
4.00 4.85
4.00 4.57
4.00 2.69
4.00 4.75
4.00 2.67
4.00 2.67
4.00 4.65
4.00 3.18
4.00 2.71
4.00 4.57
4.00 2.65
4.00 3.19
4.00 2.71
4.00 3.18
4.00 3.18
4.00 4.50
4.00 3.19
4.00 3.18
4.00 2.73
4.00 2.69
4.00 3.18
4.00 2.73
4.00 4.85
4.00 4.50
4.00 4.75
4.00 4.65
4.00 2.65
4.50 5.00
4.50 2.63
4.50 2.58
4.50 3.19
4.50 3.18
4.50 5.00
4.50 4.96
4.50 5.00
4.50 2.58
4.50 2.62
4.50 3.19
4.50 2.60
4.50 2.60
4.50 2.59
4.50 3.18
4.50 3.18
4.50 3.18
4.50 2.62
4.50 5.00
4.50 3.18
4.50 5.00
4.50 5.00
4.50 5.00
4.50 5.00
4.50 3.18
4.50 3.19
4.50 2.63
4.50 3.19
4.50 2.59
4.50 4.96
5.00 4.54
5.00 5.00
5.00 2.75
5.00 2.72
5.00 4.82
5.00 2.70
5.00 5.00
5.00 4.23
5.00 3.07
5.00 4.45
5.00 5.00
5.00 1.12
5.00 5.00
5.00 5.00
5.00 5.00
5.00 5.00
5.00 5.00
5.00 4.80
5.00 3.13
5.00 3.71
5.00 3.72
5.00 5.00
5.00 3.97
5.00 4.26
5.00 5.00
5.00 2.66
5.00 5.00
5.00 4.73
5.00 5.00
5.00 4.75
5.00 5.00
5.00 3.05
5.00 3.33
5.00 2.91
5.00 5.00
5.00 2.76
5.00 5.00
5.00 4.97
5.00 5.00
5.00 2.57
5.00 1.64
5.00 3.38
5.00 1.86
5.00 1.07
5.00 4.49
5.00 5.00
5.00 3.92
5.00 5.00
5.00 1.60
5.00 5.00
5.00 5.00
5.00 4.54
5.00 4.82
5.00 2.58
5.00 4.76
5.00 2.55
5.00 2.41
5.00 4.36
5.00 1.85
5.00 2.69
5.00 4.20
5.00 2.56
5.00 4.44
5.00 2.55
5.00 2.81
5.00 2.74
5.00 2.66
5.00 5.00
5.00 4.34
5.00 1.84
5.00 5.00
5.00 5.00
5.00 2.76
5.00 3.84
5.00 2.55
5.00 4.08
5.00 5.00
5.00 2.72
5.00 3.13
5.00 1.84
5.00 2.56
5.00 4.30
5.00 2.44
5.00 4.13
5.00 2.55
5.00 2.40
5.00 1.84
5.00 5.00
5.00 5.00
5.00 1.85
0.00 0.99
0.00 1.43
0.00 1.11
0.00 1.11
0.00 1.36
0.00 0.99
0.00 1.03
0.00 1.30
0.00 1.37
0.00 1.43
0.00 1.58
0.00 1.24
0.00 0.86
0.00 1.58
0.00 1.24
0.00 1.51
0.00 1.17
0.00 1.30
0.00 0.86
0.00 0.98
0.00 1.11
0.00 0.98
0.00 1.51
0.00 1.11
0.00 1.23
0.00 1.03
0.00 1.37
0.00 1.17
0.00 1.23
0.00 1.36
0.50 1.94
0.50 1.91
0.50 2.50
0.50 1.80
0.50 2.74
1.00 2.26
1.00 3.57
1.00 3.00
1.00 4.25
1.00 2.15
1.50 2.30
1.50 2.33
1.50 4.95
1.50 4.66
1.50 5.00
2.00 4.71
2.00 2.19
2.00 4.82
2.00 4.68
2.00 2.17
2.50 2.07
2.50 2.05
2.50 2.10
2.50 4.67
2.50 4.66
3.00 2.00
3.00 4.70
3.00 4.78
3.00 1.99
3.00 2.03
3.50 1.93
3.50 1.96
3.50 4.81
3.50 4.98
3.50 4.89
4.00 1.88
4.00 1.88
4.00 5.00
4.00 5.00
4.00 5.00
5.00 5.00
5.00 2.71
5.00 3.26
5.00 5.00
5.00 5.00
5.00 5.00
5.00 5.00
5.00 2.77
5.00 5.00
5.00 1.71
5.00 5.00
5.00 5.00
5.00 2.12
5.00 5.00
5.00 2.06
0.00 1.41
0.00 1.56
0.00 1.17
0.00 1.73
0.00 1.27
4.50 5.00
4.50 5.00
4.50 5.00
4.50 5.00
4.50 5.00
0.50 1.72
0.50 1.46
0.50 1.34
0.50 1.85
0.50 1.59
1.00 2.46
1.00 2.46
1.00 2.61
1.00 1.99
1.00 1.99
1.50 2.78
1.50 3.14
1.50 2.95
1.50 3.29
1.50 2.95
2.00 3.17
2.00 3.23
2.00 3.17
2.00 3.12
2.00 3.03
2.50 2.85
2.50 2.99
2.50 2.88
2.50 2.95
2.50 2.99
3.00 2.74
3.00 2.77
3.00 2.72
3.00 2.82
3.00 2.77
3.50 2.64
3.50 2.68
3.50 2.66
3.50 2.66
3.50 2.70
4.00 2.57
4.00 2.59
4.00 2.61
4.00 2.57
4.00 2.60
4.50 2.55
4.50 2.55
4.50 2.55
4.50 2.56
4.50 2.56
5.00 5.00
5.00 2.62
5.00 2.75
5.00 2.58
5.00 2.56
5.00 5.00
5.00 2.72
5.00 2.74
5.00 5.00
5.00 2.56
5.00 2.62
5.00 2.71
5.00 5.00
5.00 5.00
5.00 2.55
0.00 0.91
0.00 0.91
0.00 1.11
0.00 1.12
0.00 1.12
0.50 1.57
0.50 1.86
0.50 1.71
0.50 1.31
0.50 1.71
0.50 1.44
0.50 1.44
1.00 2.01
1.00 2.67
1.00 2.16
1.00 2.49
1.00 2.16
1.00 2.32
1.00 2.01
1.50 3.47
1.50 3.05
1.50 3.47
1.50 3.26
1.50 2.86
1.50 3.26
1.50 3.05
2.00 3.94
2.00 3.94
2.00 3.94
2.00 3.94
2.00 3.94
2.00 3.94
2.00 3.95
2.50 3.97
2.50 3.96
2.50 3.97
2.50 3.95
2.50 3.94
2.50 3.96
2.50 3.94
3.00 3.99
3.00 3.99
3.00 4.00
3.00 4.00
3.00 3.98
3.00 4.02
3.00 4.01
3.50 4.04
3.50 4.03
3.50 4.05
3.50 4.05
3.50 4.03
3.50 4.05
3.50 4.04
4.00 4.03
4.00 4.02
4.00 4.02
4.00 4.04
4.00 4.03
4.00 4.04
4.00 4.05
4.50 4.00
4.50 3.98
4.50 3.98
4.50 4.00
4.50 3.98
4.50 3.98
4.50 3.98
5.00 2.72
5.00 3.66
5.00 3.70
5.00 5.00
5.00 5.00
5.00 3.71
5.00 4.19
5.00 3.71
5.00 2.74
5.00 3.29
5.00 2.74
5.00 3.97
5.00 3.30
5.00 3.31
5.00 2.72
5.00 3.71
5.00 2.69
5.00 4.20
5.00 2.68
5.00 3.87
5.00 5.00
0.00 1.02
0.00 0.92
0.00 0.92
0.00 1.02
0.00 1.21
0.00 0.83
0.00 1.12
0.50 1.23
0.50 1.91
0.50 1.92
0.50 1.43
0.50 1.32
0.50 1.43
0.50 1.94
0.50 1.91
0.50 1.53
0.50 1.53
0.50 1.75
0.50 1.92
0.50 1.95
0.50 1.13
0.50 1.23
1.00 2.04
1.00 1.98
1.00 1.01
1.00 0.92
1.00 1.11
1.00 1.99
1.00 2.07
1.00 1.86
1.00 1.98
1.00 1.65
1.00 2.11
1.00 0.84
1.00 2.01
1.00 1.75
1.00 1.75
1.50 2.14
1.50 2.24
1.50 2.24
1.50 2.36
1.50 2.48
1.50 2.10
1.50 2.61
1.50 2.36
1.50 0.72
1.50 2.26
1.50 0.66
1.50 2.48
1.50 0.66
1.50 2.75
1.50 0.68
2.00 2.38
2.00 2.90
2.00 2.43
2.00 2.85
2.00 0.76
2.00 2.73
2.00 2.77
2.00 2.34
2.00 0.66
2.00 2.30
2.00 0.72
2.00 0.69
2.00 2.81
2.00 2.77
2.00 2.81
2.50 1.11
2.50 2.67
2.50 2.69
2.50 1.05
2.50 2.70
2.50 0.93
2.50 2.67
2.50 2.65
2.50 2.60
2.50 2.70
2.50 2.60
2.50 2.62
2.50 2.61
2.50 2.62
2.50 2.52
3.00 2.72
3.00 1.29
3.00 2.81
3.00 2.54
3.00 2.56
3.00 2.78
3.00 1.18
3.00 2.56
3.00 1.35
3.00 2.54
3.00 2.80
3.00 1.40
3.00 2.58
3.00 2.53
3.00 2.75
3.50 1.47
3.50 2.52
3.50 2.52
3.50 2.65
3.50 2.84
3.50 1.68
3.50 2.52
3.50 2.78
3.50 2.52
3.50 2.52
3.50 1.68
3.50 2.52
3.50 2.52
3.50 1.49
3.50 2.52
4.00 2.52
4.00 2.53
4.00 1.94
4.00 3.03
4.00 3.32
4.00 2.53
4.00 1.77
4.00 2.12
4.00 2.94
4.00 2.52
4.00 2.52
4.00 3.23
4.00 3.13
4.00 2.52
4.00 1.86
4.50 2.22
4.50 2.52
4.50 2.52
4.50 4.01
4.50 3.86
4.50 2.65
4.50 3.72
4.50 2.55
4.50 2.54
4.50 2.44
4.50 2.53
4.50 3.45
4.50 3.59
4.50 2.53
4.50 2.33
5.00 5.00
5.00 5.00
5.00 2.03
5.00 5.00
5.00 5.00
5.00 1.82
5.00 5.00
5.00 0.66
5.00 5.00
5.00 3.10
5.00 5.00
5.00 5.00
5.00 5.00
5.00 5.00
5.00 5.00
5.00 5.00
5.00 5.00
5.00 5.00
5.00 3.68
5.00 5.00
5.00 2.71
5.00 5.00
5.00 3.41
5.00 5.00
5.00 2.03
5.00 3.15
5.00 5.00
5.00 5.00
5.00 2.55
5.00 5.00
5.00 5.00
5.00 5.00
5.00 3.58
5.00 2.35
5.00 5.00
5.00 4.86
5.00 5.00
5.00 5.00
5.00 3.31
5.00 5.00
5.00 5.00
5.00 3.36
5.00 2.78
5.00 4.31
5.00 5.00
0.00 1.05
0.00 1.93
0.00 0.80
0.00 0.72
0.00 1.92
0.00 0.88
0.00 0.96
0.00 1.93
0.00 1.92
0.00 0.80
0.00 1.05
0.00 1.92
0.00 0.72
0.00 1.95
0.00 0.88
0.50 2.04
0.50 1.60
0.50 1.89
0.50 1.74
0.50 2.04
0.50 1.60
0.50 1.74
0.50 2.22
0.50 1.89
0.50 2.22
1.00 2.85
1.00 2.85
1.00 3.34
1.00 2.62
1.00 3.34
1.00 2.62
1.00 3.10
1.00 2.41
1.00 2.41
1.00 3.10
1.50 3.92
1.50 3.62
1.50 4.56
1.50 4.56
1.50 4.25
1.50 3.62
1.50 3.92
1.50 4.62
1.50 4.62
1.50 4.25
2.00 4.46
2.00 4.51
2.00 4.51
2.00 4.37
2.00 4.40
2.00 4.46
2.00 4.40
2.00 4.43
2.00 4.43
2.00 4.37
2.50 4.34
2.50 4.32
2.50 4.33
2.50 4.34
2.50 4.35
2.50 4.33
2.50 4.35
2.50 4.32
2.50 4.32
2.50 4.32
3.00 4.33
3.00 4.32
3.00 4.32
3.00 4.32
3.00 4.32
3.00 4.33
3.00 4.33
3.00 4.33
3.00 4.32
3.00 4.32
3.50 4.34
3.50 4.34
3.50 4.35
3.50 4.37
3.50 4.37
3.50 4.36
3.50 4.37
3.50 4.35
3.50 4.37
3.50 4.36
4.00 4.40
4.00 4.38
4.00 4.40
4.00 4.39
4.00 4.40
4.00 4.39
4.00 4.40
4.00 4.40
4.00 4.40
4.00 4.38
4.50 4.40
4.50 4.39
4.50 4.40
4.50 4.40
4.50 4.40
4.50 4.40
4.50 4.40
4.50 4.40
4.50 4.39
4.50 4.40
5.00 4.21
5.00 5.00
5.00 3.91
5.00 4.29
5.00 2.51
5.00 5.00
5.00 5.00
5.00 5.00
5.00 5.00
5.00 5.00
5.00 4.10
5.00 3.73
5.00 5.00
5.00 4.76
5.00 5.00
5.00 2.12
5.00 5.00
5.00 5.00
5.00 4.04
5.00 2.12
5.00 5.00
5.00 5.00
5.00 5.00
5.00 5.00
5.00 5.00
5.00 2.50
5.00 5.00
5.00 5.00
5.00 5.00
5.00 5.00
0.00 1.34
0.00 1.15
0.00 1.34
0.00 1.15
0.00 1.24
0.00 1.47
0.00 1.05
0.00 1.47
0.00 1.24
0.00 1.05
0.50 1.43
0.50 1.14
0.50 1.14
0.50 1.43
0.50 1.33
1.00 1.74
1.00 1.85
1.00 1.97
1.00 1.74
1.00 2.09
3.50 2.05
3.50 2.00
3.50 2.00
3.50 2.03
3.50 2.03
4.00 1.94
4.00 1.99
4.00 1.96
4.00 1.95
4.00 1.95
4.50 1.91
4.50 1.92
4.50 1.92
4.50 1.93
4.50 1.93
5.00 5.00
5.00 2.31
5.00 5.00
5.00 5.00
5.00 4.67
5.00 3.13
5.00 5.00
5.00 5.00
5.00 5.00
5.00 5.00
5.00 5.00
5.00 5.00
5.00 3.31
5.00 5.00
5.00 5.00
0.00 0.69
0.00 0.78
0.00 0.86
0.00 1.05
0.00 0.95
1.50 2.20
1.50 2.31
1.50 2.56
1.50 2.43
1.50 2.69
2.00 2.47
2.00 2.42
2.00 2.63
2.00 2.57
2.00 2.52
2.50 2.26
2.50 2.29
2.50 2.22
2.50 2.33
2.50 2.38
3.00 2.11
3.00 2.13
3.00 2.09
3.00 2.16
3.00 2.19
0.50 1.71
0.50 1.57
0.50 2.02
0.50 2.02
0.50 1.87
0.50 1.71
0.50 1.87
0.50 1.57
0.50 1.43
0.50 1.43
1.00 2.34
1.00 2.34
1.00 2.91
1.00 2.53
1.00 2.53
1.00 2.17
1.00 2.17
1.00 2.72
1.00 2.72
1.00 2.91
1.50 3.33
1.50 3.82
1.50 3.82
1.50 3.12
1.50 3.57
1.50 3.12
1.50 3.79
1.50 3.79
1.50 3.57
1.50 3.33
2.00 3.71
2.00 3.69
2.00 3.67
2.00 3.69
2.00 3.73
2.00 3.71
2.00 3.76
2.00 3.73
2.00 3.76
2.00 3.67
2.50 3.65
2.50 3.64
2.50 3.64
2.50 3.64
2.50 3.63
2.50 3.66
2.50 3.63
2.50 3.66
2.50 3.64
2.50 3.65
3.00 3.63
3.00 3.63
3.00 3.63
3.00 3.63
3.00 3.63
3.00 3.63
3.00 3.63
3.00 3.63
3.00 3.63
3.00 3.63
3.50 3.63
3.50 3.64
3.50 3.65
3.50 3.64
3.50 3.65
3.50 3.64
3.50 3.64
3.50 3.63
3.50 3.66
3.50 3.66
4.00 3.68
4.00 3.70
4.00 3.70
4.00 3.68
4.00 3.67
4.00 3.71
4.00 3.67
4.00 3.71
4.00 3.66
4.00 3.66
4.50 3.73
4.50 3.76
4.50 3.78
4.50 3.74
4.50 3.76
4.50 3.73
4.50 3.80
4.50 3.80
4.50 3.74
4.50 3.78
5.00 2.57
5.00 2.88
5.00 3.07
5.00 2.64
5.00 3.62
5.00 3.48
5.00 3.37
5.00 2.58
5.00 2.57
5.00 2.86
5.00 2.84
5.00 2.56
5.00 3.79
5.00 2.55
5.00 2.87
5.00 3.51
5.00 2.55
5.00 3.29
5.00 2.54
5.00 2.66
5.00 2.90
5.00 3.72
5.00 2.60
5.00 2.87
5.00 2.59
5.00 3.33
5.00 2.54
5.00 2.55
5.00 2.58
5.00 3.20
0.00 0.86
0.00 1.07
0.00 0.96
0.00 1.07
0.00 0.86
0.00 1.30
0.00 1.30
0.00 1.18
0.00 1.18
0.00 0.96
0.50 1.22
0.50 0.92
0.50 1.07
0.50 1.22
0.50 1.14
0.50 1.00
0.50 0.92
0.50 1.14
0.50 1.07
0.50 1.00
1.00 1.72
1.00 1.40
1.00 1.51
1.00 1.61
1.00 1.61
1.00 1.72
1.00 1.40
1.00 1.51
1.00 1.31
1.00 1.31
1.50 2.30
1.50 2.05
1.50 2.30
1.50 2.17
1.50 1.93
1.50 2.17
1.50 1.83
1.50 1.93
1.50 1.83
1.50 2.05
2.00 2.93
2.00 2.53
2.00 2.66
2.00 2.66
2.00 2.93
2.00 2.41
2.00 2.53
2.00 2.41
2.00 2.79
2.00 2.79
2.50 2.83
2.50 2.86
2.50 2.80
2.50 2.78
2.50 2.83
2.50 2.86
2.50 2.78
2.50 2.90
2.50 2.80
2.50 2.90
3.00 2.67
3.00 2.69
3.00 2.69
3.00 2.67
3.00 2.71
3.00 2.75
3.00 2.71
3.00 2.75
3.00 2.73
3.00 2.73
3.50 2.60
3.50 2.64
3.50 2.61
3.50 2.60
3.50 2.62
3.50 2.64
3.50 2.65
3.50 2.62
3.50 2.61
3.50 2.65
4.00 2.57
4.00 2.57
4.00 2.59
4.00 2.57
4.00 2.57
4.00 2.57
4.00 2.58
4.00 2.57
4.00 2.59
4.00 2.58
4.50 2.58
4.50 2.57
4.50 2.57
4.50 2.57
4.50 2.57
4.50 2.58
4.50 2.57
4.50 2.58
4.50 2.58
4.50 2.57
5.00 5.00
5.00 4.80
5.00 5.00
5.00 5.00
5.00 5.00
5.00 5.00
5.00 5.00
5.00 4.92
5.00 5.00
5.00 2.32
5.00 5.00
5.00 2.68
5.00 5.00
5.00 5.00
5.00 5.00
5.00 5.00
5.00 5.00
5.00 5.00
5.00 4.85
5.00 2.12
5.00 5.00
5.00 5.00
5.00 4.83
5.00 2.86
5.00 5.00
5.00 5.00
5.00 4.75
5.00 5.00
5.00 5.00
5.00 5.00
0.00 0.99
0.00 0.85
0.00 0.85
0.00 0.99
0.00 1.19
0.00 1.19
0.00 0.85
0.00 0.85
0.00 0.85
0.00 0.85
0.50 1.84
0.50 1.40
0.50 1.20
0.50 2.43
0.50 1.51
0.50 2.66
0.50 2.66
0.50 1.30
0.50 1.56
0.50 1.11
0.50 1.43
0.50 1.40
0.50 1.84
0.50 1.84
0.50 2.04
0.50 1.51
0.50 2.22
0.50 2.22
0.50 1.30
0.50 1.30
1.00 4.28
1.00 2.15
1.00 2.63
1.00 3.20
1.00 1.84
1.00 2.91
1.00 2.00
1.00 1.73
1.00 3.20
1.00 3.51
1.00 3.87
1.00 2.91
1.00 1.62
1.00 1.96
1.00 2.31
1.00 2.09
1.00 4.28
1.00 2.09
1.00 1.96
1.00 1.62
1.50 2.69
1.50 4.76
1.50 5.00
1.50 2.60
1.50 5.00
1.50 5.00
1.50 2.89
1.50 2.23
1.50 2.35
1.50 5.00
1.50 4.79
1.50 2.74
1.50 2.74
1.50 4.82
1.50 4.76
1.50 2.79
1.50 2.47
1.50 2.84
1.50 4.79
1.50 4.82
2.00 2.72
2.00 4.67
2.00 2.93
2.00 4.59
2.00 2.94
2.00 2.89
2.00 4.77
2.00 4.77
2.00 2.90
2.00 2.66
2.00 2.67
2.00 2.77
2.00 2.92
2.00 2.80
2.00 2.87
2.00 2.83
2.00 4.59
2.00 4.45
2.00 4.51
2.00 2.91
2.50 4.25
2.50 2.57
2.50 4.34
2.50 2.60
2.50 4.27
2.50 2.54
2.50 2.86
2.50 4.30
2.50 4.39
2.50 2.53
2.50 2.62
2.50 2.87
2.50 2.88
2.50 2.49
2.50 2.42
2.50 4.27
2.50 2.89
2.50 4.39
2.50 2.45
2.50 2.41
3.00 4.20
3.00 2.81
3.00 4.19
3.00 2.24
3.00 4.22
3.00 4.19
3.00 2.82
3.00 4.19
3.00 4.19
3.00 2.83
3.00 2.44
3.00 2.42
3.00 2.41
3.00 4.22
3.00 2.32
3.00 2.41
3.00 4.20
3.00 4.21
3.00 2.29
3.00 2.38
3.50 2.18
3.50 4.24
3.50 4.24
3.50 2.30
3.50 4.21
3.50 4.22
3.50 2.56
3.50 2.15
3.50 2.77
3.50 2.20
3.50 2.78
3.50 2.75
3.50 2.24
3.50 4.22
3.50 4.20
3.50 4.20
3.50 2.49
3.50 4.21
3.50 2.76
3.50 2.22
4.00 2.72
4.00 3.12
4.00 4.27
4.00 2.71
4.00 4.31
4.00 2.71
4.00 2.90
4.00 2.12
4.00 2.09
4.00 3.08
4.00 3.04
4.00 2.12
4.00 2.16
4.00 2.83
4.00 2.16
4.00 2.74
4.00 3.00
4.00 2.61
4.00 2.14
4.00 4.25
4.50 4.41
4.50 2.06
4.50 2.04
4.50 2.62
4.50 2.07
4.50 2.06
4.50 4.45
4.50 4.38
4.50 2.65
4.50 2.63
4.50 2.04
4.50 2.66
4.50 2.97
4.50 4.43
4.50 3.05
4.50 2.07
4.50 2.05
4.50 3.26
4.50 4.36
4.50 3.19
5.00 5.00
5.00 2.66
5.00 2.44
5.00 5.00
5.00 5.00
5.00 5.00
5.00 5.00
5.00 5.00
5.00 4.49
5.00 5.00
5.00 5.00
5.00 5.00
5.00 5.00
5.00 5.00
5.00 2.54
5.00 3.67
5.00 1.78
5.00 5.00
5.00 2.04
5.00 4.23
5.00 5.00
5.00 5.00
5.00 2.33
5.00 1.42
5.00 5.00
5.00 5.00
5.00 5.00
5.00 5.00
5.00 5.00
5.00 5.00
5.00 2.44
5.00 2.89
5.00 4.22
5.00 5.00
5.00 5.00
5.00 5.00
5.00 3.39
5.00 3.64
5.00 3.34
5.00 3.77
5.00 5.00
5.00 3.50
5.00 4.46
5.00 5.00
5.00 2.14
5.00 5.00
5.00 2.76
5.00 2.90
5.00 4.38
5.00 1.98
5.00 2.27
5.00 2.20
5.00 2.04
5.00 5.00
5.00 5.00
5.00 5.00
5.00 2.51
5.00 5.00
5.00 5.00
5.00 2.71
0.00 0.69
0.00 1.02
0.00 1.51
0.00 1.67
0.00 1.12
0.00 0.93
0.00 1.07
0.00 1.51
0.00 1.22
0.00 1.36
0.00 1.07
0.00 0.93
0.00 0.84
0.00 0.85
0.00 0.77
0.00 1.12
0.00 1.21
0.00 0.77
0.00 0.69
0.00 1.67
0.50 1.68
0.50 1.40
0.50 1.49
0.50 1.31
0.50 1.31
0.50 1.49
0.50 1.58
0.50 1.40
0.50 1.58
0.50 1.68
1.00 1.79
1.00 2.26
1.00 1.79
1.00 2.26
1.00 2.11
1.00 2.00
1.00 2.00
1.00 1.89
1.00 2.11
1.00 1.89
1.50 2.95
1.50 2.41
1.50 2.58
1.50 2.41
1.50 3.14
1.50 2.76
1.50 2.95
1.50 3.14
1.50 2.58
1.50 2.76
2.00 3.33
2.00 4.01
2.00 3.99
2.00 4.01
2.00 3.33
2.00 3.99
2.00 3.77
2.00 3.54
2.00 3.77
2.00 3.54
2.50 3.92
2.50 3.96
2.50 3.93
2.50 3.92
2.50 3.95
2.50 3.97
2.50 3.97
2.50 3.93
2.50 3.95
2.50 3.96
3.00 3.89
3.00 3.88
3.00 3.87
3.00 3.87
3.00 3.90
3.00 3.91
3.00 3.90
3.00 3.91
3.00 3.88
3.00 3.89
3.50 3.86
3.50 3.82
3.50 3.82
3.50 3.80
3.50 3.85
3.50 3.83
3.50 3.83
3.50 3.80
3.50 3.86
3.50 3.85
4.00 3.72
4.00 3.75
4.00 3.72
4.00 3.77
4.00 3.74
4.00 3.74
4.00 3.79
4.00 3.75
4.00 3.79
4.00 3.77
4.50 3.69
4.50 3.65
4.50 3.63
4.50 3.69
4.50 3.63
4.50 3.65
4.50 3.61
4.50 3.67
4.50 3.61
4.50 3.67
5.00 2.47
5.00 2.39
5.00 3.27
5.00 3.21
5.00 5.00
5.00 3.32
5.00 5.00
5.00 5.00
5.00 5.00
5.00 5.00
5.00 2.45
5.00 5.00
5.00 3.28
5.00 3.27
5.00 5.00
5.00 5.00
5.00 5.00
5.00 5.00
5.00 5.00
5.00 3.30
5.00 3.52
5.00 5.00
5.00 5.00
5.00 5.00
5.00 5.00
5.00 5.00
5.00 3.37
5.00 3.06
5.00 5.00
5.00 3.56
0.00 1.18
0.00 1.47
0.00 1.13
0.00 1.47
0.00 1.22
0.00 1.22
0.00 1.13
0.00 1.13
0.00 1.13
0.00 1.18
0.50 1.41
0.50 2.09
0.50 2.18
0.50 2.50
0.50 2.22
0.50 2.32
0.50 1.65
0.50 1.89
0.50 2.22
0.50 2.09
0.50 2.15
0.50 2.75
0.50 2.75
0.50 2.50
0.50 1.53
0.50 1.29
0.50 2.15
0.50 1.79
0.50 2.26
0.50 2.26
0.50 2.18
0.50 2.29
0.50 2.29
0.50 2.32
0.50 1.89
1.00 2.51
1.00 3.62
1.00 2.19
1.00 2.12
1.00 2.08
1.00 3.02
1.00 3.96
1.00 2.34
1.00 1.91
1.00 2.05
1.00 2.08
1.00 2.05
1.00 2.51
1.00 2.34
1.00 2.09
1.00 3.32
1.00 2.12
1.00 2.09
1.00 3.32
1.00 3.62
1.00 3.96
1.00 3.02
1.00 4.34
1.00 2.10
1.00 4.34
1.50 5.00
1.50 4.77
1.50 2.82
1.50 3.18
1.50 2.14
1.50 2.12
1.50 5.00
1.50 5.00
1.50 2.66
1.50 3.37
1.50 2.11
1.50 2.09
1.50 2.82
1.50 2.99
1.50 2.09
1.50 2.09
1.50 5.00
1.50 2.09
1.50 2.12
1.50 3.37
1.50 4.94
1.50 4.94
1.50 2.14
1.50 2.11
1.50 5.00
2.00 2.25
2.00 3.18
2.00 3.22
2.00 3.18
2.00 2.25
2.00 4.36
2.00 2.22
2.00 2.19
2.00 3.22
2.00 4.78
2.00 4.45
2.00 3.27
2.00 4.45
2.00 2.19
2.00 4.36
2.00 4.85
2.00 2.22
2.00 4.85
2.00 2.17
2.00 3.32
2.00 2.29
2.00 3.32
2.00 2.29
2.00 3.27
2.00 2.17
2.50 2.40
2.50 3.03
2.50 4.60
2.50 2.36
2.50 2.49
2.50 4.53
2.50 4.60
2.50 4.48
2.50 3.10
2.50 2.96
2.50 2.33
2.50 3.10
2.50 4.51
2.50 4.49
2.50 4.48
2.50 4.51
2.50 4.49
2.50 2.36
2.50 3.06
2.50 2.49
2.50 2.44
2.50 2.40
2.50 2.99
2.50 2.44
2.50 3.06
3.00 4.48
3.00 2.90
3.00 2.93
3.00 2.68
3.00 4.51
3.00 2.61
3.00 2.53
3.00 2.57
3.00 2.84
3.00 2.61
3.00 4.48
3.00 4.48
3.00 2.90
3.00 4.49
3.00 2.87
3.00 2.87
3.00 4.48
3.00 2.53
3.00 2.57
3.00 4.50
3.00 2.68
3.00 2.84
3.00 2.82
3.00 4.49
3.00 4.50
3.50 2.76
3.50 2.77
3.50 2.75
3.50 2.79
3.50 2.72
3.50 4.57
3.50 4.55
3.50 2.71
3.50 4.60
3.50 2.70
3.50 2.76
3.50 4.62
3.50 4.53
3.50 2.77
3.50 4.62
3.50 4.53
3.50 4.57
3.50 2.74
3.50 2.76
3.50 4.60
3.50 2.75
3.50 2.74
3.50 2.79
3.50 2.70
3.50 2.71
4.00 2.64
4.00 2.46
4.00 4.66
4.00 4.76
4.00 4.69
4.00 4.79
4.00 2.68
4.00 2.62
4.00 2.31
4.00 4.79
4.00 4.66
4.00 2.46
4.00 4.72
4.00 2.66
4.00 2.66
4.00 2.31
4.00 4.76
4.00 4.72
4.00 2.67
4.00 2.46
4.00 2.55
4.00 2.62
4.00 2.67
4.00 2.55
4.00 2.64
4.50 4.90
4.50 2.72
4.50 2.63
4.50 4.87
4.50 4.83
4.50 2.72
4.50 2.90
4.50 2.81
4.50 2.59
4.50 2.61
4.50 2.63
4.50 2.59
4.50 2.58
4.50 2.60
4.50 2.58
4.50 4.98
4.50 3.03
4.50 2.58
4.50 4.83
4.50 2.60
4.50 2.61
4.50 2.58
4.50 2.81
4.50 4.94
4.50 3.03
5.00 5.00
5.00 4.83
5.00 3.21
5.00 5.00
5.00 5.00
5.00 2.92
5.00 5.00
5.00 1.89
5.00 5.00
5.00 2.76
5.00 2.76
5.00 5.00
5.00 2.59
5.00 4.80
5.00 5.00
5.00 5.00
5.00 5.00
5.00 2.43
5.00 4.41
5.00 4.49
5.00 3.91
5.00 5.00
5.00 4.81
5.00 5.00
5.00 5.00
5.00 5.00
5.00 2.72
5.00 3.32
5.00 5.00
5.00 2.68
5.00 2.14
5.00 2.76
5.00 5.00
5.00 4.55
5.00 5.00
5.00 3.86
5.00 2.20
5.00 5.00
5.00 2.75
5.00 4.93
5.00 2.46
5.00 5.00
5.00 2.55
5.00 2.80
5.00 2.00
5.00 5.00
5.00 5.00
5.00 4.70
5.00 2.86
5.00 5.00
5.00 3.36
5.00 5.00
5.00 2.50
5.00 5.00
5.00 3.39
5.00 5.00
5.00 3.82
5.00 2.72
5.00 5.00
5.00 2.64
5.00 2.97
5.00 5.00
5.00 5.00
5.00 5.00
5.00 2.57
5.00 4.32
5.00 5.00
5.00 2.76
5.00 5.00
5.00 2.09
5.00 4.00
5.00 5.00
5.00 5.00
5.00 4.50
5.00 5.00
0.00 2.65
0.00 1.19
0.00 1.11
0.00 1.10
0.00 1.23
0.00 1.02
0.00 1.70
0.00 0.94
0.00 2.54
0.00 2.38
0.00 1.11
0.00 1.53
0.00 1.38
0.00 1.38
0.00 1.19
0.00 0.86
0.00 2.38
0.00 1.10
0.00 0.94
0.00 1.53
0.00 2.45
0.00 2.45
0.00 1.23
0.00 1.70
0.00 2.04
0.50 2.00
0.50 1.80
0.50 2.08
0.50 2.27
0.50 2.19
0.50 2.00
0.50 1.74
0.50 1.91
0.50 2.08
0.50 2.39
0.50 2.27
0.50 1.91
0.50 2.62
1.00 3.44
1.00 2.88
1.00 2.95
1.00 3.16
1.00 3.76
1.00 2.95
1.00 3.76
1.00 4.11
1.00 4.11
1.00 3.46
1.00 3.46
1.00 2.70
1.00 3.20
1.50 4.47
1.50 4.51
1.50 4.97
1.50 4.85
1.50 4.23
1.50 4.51
1.50 4.23
1.50 4.47
1.50 4.09
1.50 4.34
1.50 4.34
1.50 4.85
1.50 4.97
2.00 4.50
2.00 4.39
2.00 4.57
2.00 3.73
2.00 3.80
2.00 3.95
2.00 4.50
2.00 4.34
2.00 4.03
2.00 4.44
2.00 3.87
2.00 4.34
2.00 4.57
2.50 4.28
2.50 3.57
2.50 4.31
2.50 3.48
2.50 4.28
2.50 4.31
2.50 4.25
2.50 4.22
2.50 4.25
2.50 3.62
2.50 3.67
2.50 3.52
2.50 4.22
3.00 4.21
3.00 4.19
3.00 3.40
3.00 4.22
3.00 3.44
3.00 4.20
3.00 4.19
3.00 3.37
3.00 4.20
3.00 4.22
3.00 3.34
3.00 3.31
3.00 4.21
3.50 4.18
3.50 4.17
3.50 3.23
3.50 3.25
3.50 4.17
3.50 3.18
3.50 4.18
3.50 4.19
3.50 4.18
3.50 4.19
3.50 3.28
3.50 4.17
3.50 4.18
4.00 4.16
4.00 4.15
4.00 3.14
4.00 3.16
4.00 3.12
4.00 4.14
4.00 4.16
4.00 3.08
4.00 4.14
4.00 4.15
4.00 3.10
4.00 4.16
4.00 4.15
5.00 5.00
5.00 2.58
5.00 2.69
5.00 4.15
5.00 3.46
5.00 4.55
5.00 5.00
5.00 5.00
5.00 4.16
5.00 2.88
5.00 2.33
5.00 2.96
5.00 2.76
5.00 2.77
5.00 4.98
5.00 5.00
5.00 4.89
5.00 5.00
5.00 5.00
5.00 5.00
5.00 4.73
5.00 4.64
5.00 2.83
5.00 5.00
5.00 5.00
5.00 3.55
5.00 5.00
5.00 5.00
5.00 3.29
5.00 5.00
5.00 5.00
5.00 5.00
5.00 2.29
5.00 3.08
5.00 3.37
5.00 3.52
5.00 5.00
5.00 4.09
5.00 5.00
0.00 1.63
0.00 1.28
0.00 1.46
0.00 1.57
0.00 1.46
0.00 1.17
0.00 1.03
0.00 1.15
0.00 1.31
0.00 1.15
0.00 1.57
0.00 1.42
0.00 1.63
4.50 4.18
4.50 3.01
4.50 4.20
4.50 3.00
4.50 3.03
4.50 3.00
4.50 3.07
4.50 4.19
4.50 4.17
4.50 3.05
4.50 3.05
4.50 3.01
4.50 3.03
0.50 2.00
0.50 1.97
0.50 1.97
0.50 2.04
0.50 2.00
0.50 1.95
0.50 1.94
0.50 2.04
0.50 1.95
0.50 1.94
1.00 1.92
1.00 1.58
1.00 1.93
1.00 1.93
1.00 1.89
1.00 1.92
1.00 1.93
1.00 1.73
1.00 1.44
1.00 1.92
1.50 0.97
1.50 1.94
1.50 1.30
1.50 0.88
1.50 1.18
1.50 1.95
1.50 1.97
1.50 1.99
1.50 1.07
1.50 2.01
2.00 0.65
2.00 0.63
2.00 0.81
2.00 2.08
2.00 2.14
2.00 2.11
2.00 2.03
2.00 0.69
2.00 0.74
2.00 2.06
2.50 0.66
2.50 2.27
2.50 0.64
2.50 2.20
2.50 2.17
2.50 2.23
2.50 0.73
2.50 0.63
2.50 2.30
2.50 0.69
3.00 2.42
3.00 2.33
3.00 0.91
3.00 2.38
3.00 0.86
3.00 2.35
3.00 0.81
3.00 0.77
3.00 0.95
3.00 2.40
3.50 1.00
3.50 1.09
3.50 2.35
3.50 2.43
3.50 2.39
3.50 2.43
3.50 1.03
3.50 1.07
3.50 2.42
3.50 1.11
4.00 1.34
4.00 1.27
4.00 2.56
4.00 2.19
4.00 1.11
4.00 2.46
4.00 1.28
4.00 1.41
4.00 2.36
4.00 2.36
4.50 2.87
4.50 2.76
4.50 2.66
4.50 1.56
4.50 3.01
4.50 3.16
4.50 1.49
4.50 1.71
4.50 1.63
4.50 1.80
5.00 2.53
5.00 2.07
5.00 2.83
5.00 2.39
5.00 3.07
5.00 2.06
5.00 2.11
5.00 3.37
5.00 2.64
5.00 3.73
5.00 2.07
5.00 1.97
5.00 2.07
5.00 2.37
5.00 3.40
5.00 2.08
5.00 2.54
5.00 3.45
5.00 2.10
5.00 2.10
5.00 3.18
5.00 2.60
5.00 2.13
5.00 2.18
5.00 2.12
5.00 5.00
5.00 2.09
5.00 5.00
5.00 2.80
5.00 2.13
0.00 2.25
0.00 2.18
0.00 2.08
0.00 2.18
0.00 1.75
0.00 2.13
0.00 2.13
0.00 2.25
0.00 1.75
0.00 2.08
0.50 5.00
0.50 5.00
0.50 5.00
0.50 5.00
0.50 5.00
0.50 5.00
0.50 5.00
0.50 5.00
0.50 5.00
0.50 5.00
1.00 5.00
1.00 5.00
1.00 5.00
1.00 5.00
1.00 5.00
1.00 5.00
1.00 5.00
1.00 5.00
1.00 5.00
1.00 5.00
1.50 5.00
1.50 5.00
1.50 5.00
1.50 5.00
1.50 5.00
1.50 5.00
1.50 5.00
1.50 5.00
1.50 5.00
1.50 5.00
2.00 5.00
2.00 5.00
2.00 5.00
2.00 5.00
2.00 5.00
2.00 5.00
2.00 5.00
2.00 5.00
2.00 5.00
2.00 5.00
2.50 5.00
2.50 5.00
2.50 5.00
2.50 5.00
2.50 5.00
2.50 5.00
2.50 5.00
2.50 5.00
2.50 5.00
2.50 5.00
3.00 5.00
3.00 5.00
3.00 5.00
3.00 5.00
3.00 5.00
3.00 5.00
3.00 5.00
3.00 5.00
3.00 5.00
3.00 5.00
3.50 5.00
3.50 5.00
3.50 5.00
3.50 5.00
3.50 5.00
3.50 5.00
3.50 5.00
3.50 5.00
3.50 5.00
3.50 5.00
4.00 5.00
4.00 5.00
4.00 5.00
4.00 5.00
4.00 5.00
4.00 5.00
4.00 5.00
4.00 5.00
4.00 5.00
4.00 5.00
4.50 5.00
4.50 5.00
4.50 5.00
4.50 5.00
4.50 5.00
4.50 5.00
4.50 5.00
4.50 5.00
4.50 5.00
4.50 5.00
5.00 5.00
5.00 0.55
5.00 5.00
5.00 5.00
5.00 4.66
5.00 5.00
5.00 5.00
5.00 5.00
5.00 1.37
5.00 5.00
5.00 5.00
5.00 5.00
5.00 4.81
5.00 5.00
5.00 5.00
5.00 2.09
5.00 5.00
5.00 5.00
5.00 5.00
5.00 5.00
5.00 5.00
5.00 2.80
5.00 5.00
5.00 5.00
5.00 5.00
5.00 5.00
5.00 5.00
5.00 5.00
5.00 5.00
5.00 5.00
0.00 3.51
0.00 1.09
0.00 2.91
0.00 4.42
0.00 1.09
0.00 4.42
0.00 3.51
0.00 2.48
0.00 2.91
0.00 2.48
0.50 1.51
0.50 1.42
0.50 1.32
0.50 1.70
0.50 1.42
0.50 1.61
0.50 1.70
0.50 1.32
0.50 1.61
0.50 1.51
1.00 2.19
1.00 1.80
1.00 2.09
1.00 2.09
1.00 1.99
1.00 1.99
1.00 1.90
1.00 1.80
1.00 1.90
1.00 2.19
1.50 2.28
1.50 2.57
1.50 2.67
1.50 2.67
1.50 2.28
1.50 2.38
1.50 2.47
1.50 2.57
1.50 2.38
1.50 2.47
2.00 3.51
2.00 5.00
2.00 4.10
2.00 3.04
2.00 3.51
2.00 4.10
2.00 4.88
2.00 5.00
2.00 3.04
2.00 4.88
2.50 5.00
2.50 5.00
2.50 5.00
2.50 5.00
2.50 5.00
2.50 5.00
2.50 5.00
2.50 5.00
2.50 5.00
2.50 5.00
3.00 5.00
3.00 5.00
3.00 5.00
3.00 5.00
3.00 5.00
3.00 5.00
3.00 5.00
3.00 5.00
3.00 5.00
3.00 5.00
3.50 5.00
3.50 5.00
3.50 5.00
3.50 5.00
3.50 5.00
3.50 5.00
3.50 5.00
3.50 5.00
3.50 5.00
3.50 5.00
4.00 4.96
4.00 4.97
4.00 4.98
4.00 4.98
4.00 5.00
4.00 4.97
4.00 4.94
4.00 5.00
4.00 4.96
4.00 4.94
4.50 4.93
4.50 4.93
4.50 4.90
4.50 4.87
4.50 4.92
4.50 4.90
4.50 4.89
4.50 4.92
4.50 4.89
4.50 4.87
5.00 5.00
5.00 5.00
5.00 5.00
5.00 5.00
5.00 4.37
5.00 4.67
5.00 5.00
5.00 5.00
5.00 5.00
5.00 5.00
5.00 5.00
5.00 5.00
5.00 5.00
5.00 4.64
5.00 5.00
5.00 5.00
5.00 5.00
5.00 5.00
5.00 4.57
5.00 5.00
5.00 5.00
5.00 5.00
5.00 5.00
5.00 5.00
5.00 4.75
5.00 5.00
5.00 5.00
5.00 5.00
5.00 5.00
5.00 4.73
0.00 1.22
0.00 1.22
0.00 1.28
0.00 1.84
0.00 1.55
0.00 1.84
0.00 1.22
0.00 1.55
0.00 1.28
0.00 1.22
0.50 1.87
0.50 2.71
0.50 2.26
0.50 1.87
0.50 2.26
0.50 1.26
0.50 2.07
0.50 1.44
0.50 1.16
0.50 1.35
0.50 1.07
0.50 1.44
0.50 1.26
0.50 1.07
0.50 2.71
1.00 3.27
1.00 1.83
1.00 3.89
1.00 2.98
1.00 1.97
1.00 3.57
1.00 3.89
1.00 2.98
1.00 2.12
1.00 1.57
1.00 1.69
1.00 1.83
1.00 1.69
1.00 3.27
1.00 1.57
1.50 5.00
1.50 4.69
1.50 4.85
1.50 4.94
1.50 5.00
1.50 4.85
1.50 5.00
1.50 4.69
1.50 2.40
1.50 2.72
1.50 5.00
1.50 4.94
1.50 2.26
1.50 2.89
1.50 2.56
2.00 4.59
2.00 3.44
2.00 4.64
2.00 4.64
2.00 4.77
2.00 4.70
2.00 3.85
2.00 3.07
2.00 4.55
2.00 3.25
2.00 4.77
2.00 4.55
2.00 3.64
2.00 4.70
2.00 4.59
2.50 3.87
2.50 3.86
2.50 4.44
2.50 4.25
2.50 3.89
2.50 3.91
2.50 3.86
2.50 4.48
2.50 4.25
2.50 4.48
2.50 4.27
2.50 4.51
2.50 4.27
2.50 4.44
2.50 4.51
3.00 4.43
3.00 4.43
3.00 4.46
3.00 4.00
3.00 4.44
3.00 4.44
3.00 4.46
3.00 3.96
3.00 4.42
3.00 4.42
3.00 4.42
3.00 3.98
3.00 4.42
3.00 4.00
3.00 3.94
3.50 4.30
3.50 4.42
3.50 4.10
3.50 4.02
3.50 4.58
3.50 4.48
3.50 4.34
3.50 4.10
3.50 4.38
3.50 4.52
3.50 4.26
3.50 4.06
3.50 4.55
3.50 4.04
3.50 4.50
4.00 4.72
4.00 4.76
4.00 4.22
4.00 4.18
4.00 4.19
4.00 4.16
4.00 4.65
4.00 4.16
4.00 4.14
4.00 4.19
4.00 4.68
4.00 4.14
4.00 4.61
4.00 4.16
4.00 4.10
5.00 5.00
5.00 5.00
5.00 5.00
5.00 3.04
5.00 5.00
5.00 4.12
5.00 5.00
5.00 3.97
5.00 3.75
5.00 5.00
5.00 4.77
5.00 2.12
5.00 5.00
5.00 5.00
5.00 5.00
5.00 5.00
5.00 3.12
5.00 5.00
5.00 5.00
5.00 5.00
5.00 5.00
5.00 5.00
5.00 1.87
5.00 5.00
5.00 4.87
5.00 5.00
5.00 5.00
5.00 2.10
5.00 3.90
5.00 1.99
5.00 5.00
5.00 5.00
5.00 2.46
5.00 5.00
5.00 3.30
5.00 2.51
5.00 3.37
5.00 5.00
5.00 5.00
5.00 4.68
5.00 5.00
5.00 2.60
5.00 3.58
5.00 5.00
5.00 3.90
0.00 0.97
0.00 1.07
0.00 0.97
0.00 0.97
0.00 1.52
0.00 0.97
0.00 1.68
0.00 1.09
0.00 1.09
0.00 0.97
0.00 1.22
0.00 1.36
0.00 0.97
0.00 1.68
0.00 1.07
4.50 4.26
4.50 4.24
4.50 4.23
4.50 4.23
4.50 4.88
4.50 4.26
4.50 4.28
4.50 4.21
4.50 4.28
4.50 4.21
4.50 4.24
4.50 4.84
4.50 4.92
4.50 4.96
4.50 4.80
0.50 1.50
0.50 1.74
0.50 1.77
0.50 1.98
0.50 1.74
0.50 1.64
0.50 1.95
0.50 1.95
0.50 2.15
0.50 1.54
1.00 2.16
1.00 2.26
1.00 3.21
1.00 2.26
1.00 2.63
1.00 1.84
1.00 2.05
1.00 1.83
1.00 2.05
1.00 2.44
1.50 2.84
1.50 4.37
1.50 3.46
1.50 1.93
1.50 3.74
1.50 3.06
1.50 3.31
1.50 3.82
1.50 3.56
1.50 3.31
2.00 1.84
2.00 1.79
2.00 4.78
2.00 1.87
2.00 1.89
2.00 4.79
2.00 4.43
2.00 4.43
2.00 4.11
2.00 4.34
2.50 4.82
2.50 4.86
2.50 1.73
2.50 1.75
2.50 4.80
2.50 1.77
2.50 4.53
2.50 4.80
2.50 4.86
2.50 4.79
3.00 4.93
3.00 4.97
3.00 4.93
3.00 1.67
3.00 4.97
3.00 4.66
3.00 4.85
3.00 5.00
3.00 5.00
3.00 4.89
3.50 5.00
3.50 5.00
3.50 5.00
3.50 5.00
3.50 5.00
3.50 5.00
3.50 5.00
3.50 5.00
3.50 5.00
3.50 5.00
5.00 5.00
5.00 5.00
5.00 5.00
5.00 5.00
5.00 5.00
5.00 5.00
5.00 3.59
5.00 5.00
5.00 1.95
5.00 5.00
5.00 3.35
5.00 5.00
5.00 5.00
5.00 5.00
5.00 5.00
5.00 5.00
5.00 4.75
5.00 5.00
5.00 5.00
5.00 5.00
5.00 5.00
5.00 5.00
5.00 5.00
5.00 2.45
5.00 3.72
5.00 5.00
5.00 5.00
5.00 5.00
5.00 5.00
5.00 3.15
0.00 1.24
0.00 1.00
0.00 1.22
0.00 0.89
0.00 0.89
0.00 1.00
0.00 1.11
0.00 1.34
0.00 1.35
0.00 1.24
4.00 5.00
4.00 5.00
4.00 5.00
4.00 5.00
4.00 5.00
4.00 5.00
4.00 5.00
4.00 5.00
4.00 5.00
4.00 5.00
4.50 4.75
4.50 5.00
4.50 4.84
4.50 5.00
4.50 5.00
4.50 4.66
4.50 5.00
4.50 5.00
4.50 5.00
4.50 4.93
0.50 1.93
0.50 1.51
0.50 1.38
0.50 1.26
0.50 1.35
0.50 1.35
0.50 1.65
0.50 1.69
0.50 1.45
0.50 1.79
0.50 1.57
0.50 1.93
0.50 1.69
0.50 1.57
0.50 1.26
0.50 1.45
1.00 1.82
1.00 1.95
1.00 2.23
1.00 2.23
1.00 1.82
1.00 2.39
1.00 2.08
1.00 1.95
1.00 2.79
1.00 2.61
1.00 2.08
1.00 2.79
1.00 2.08
1.00 2.08
1.00 2.39
1.00 2.25
1.50 3.59
1.50 3.42
1.50 3.59
1.50 3.12
1.50 2.93
1.50 2.98
1.50 3.66
1.50 3.32
1.50 2.56
1.50 3.19
1.50 2.93
1.50 2.56
1.50 2.98
1.50 3.12
1.50 2.74
1.50 3.32
2.00 4.01
2.00 4.00
2.00 3.34
2.00 4.00
2.00 3.39
2.00 3.52
2.00 3.29
2.00 3.76
2.00 4.00
2.00 3.52
2.00 3.76
2.00 3.45
2.00 3.45
2.00 3.54
2.00 3.29
2.00 4.01
2.50 3.19
2.50 4.00
2.50 4.00
2.50 4.00
2.50 3.15
2.50 3.19
2.50 3.11
2.50 4.00
2.50 4.00
2.50 3.11
2.50 4.00
2.50 4.01
2.50 4.01
2.50 3.24
2.50 3.24
2.50 3.08
3.00 2.91
3.00 4.02
3.00 4.04
3.00 2.94
3.00 2.94
3.00 3.04
3.00 4.02
3.00 4.02
3.00 3.04
3.00 2.97
3.00 4.03
3.00 4.02
3.00 2.91
3.00 4.03
3.00 3.01
3.00 3.01
3.50 2.86
3.50 2.89
3.50 2.83
3.50 2.86
3.50 4.05
3.50 4.05
3.50 4.04
3.50 4.05
3.50 2.79
3.50 2.81
3.50 4.05
3.50 4.05
3.50 4.05
3.50 4.04
3.50 2.79
3.50 2.89
4.00 2.69
4.00 2.69
4.00 2.77
4.00 4.05
4.00 2.74
4.00 2.77
4.00 4.04
4.00 2.70
4.00 4.01
4.00 4.03
4.00 4.03
4.00 4.05
4.00 4.02
4.00 4.02
4.00 4.04
4.00 2.72
4.50 3.92
4.50 2.67
4.50 3.95
4.50 2.64
4.50 3.89
4.50 2.62
4.50 2.63
4.50 3.97
4.50 2.66
4.50 3.89
4.50 2.67
4.50 2.66
4.50 3.97
4.50 2.63
4.50 3.95
4.50 3.92
5.00 5.00
5.00 2.71
5.00 5.00
5.00 2.72
5.00 1.53
5.00 5.00
5.00 3.77
5.00 5.00
5.00 3.65
5.00 3.60
5.00 2.62
5.00 1.49
5.00 3.48
5.00 4.68
5.00 2.63
5.00 2.71
5.00 5.00
5.00 3.68
5.00 3.81
5.00 2.75
5.00 2.59
5.00 5.00
5.00 2.57
5.00 3.50
5.00 5.00
5.00 4.32
5.00 2.52
5.00 5.00
5.00 5.00
5.00 2.59
5.00 3.87
5.00 2.63
5.00 5.00
5.00 2.73
5.00 5.00
5.00 1.44
5.00 3.54
5.00 2.75
5.00 2.70
5.00 3.47
5.00 5.00
5.00 2.59
5.00 3.54
5.00 2.59
5.00 2.60
5.00 2.72
5.00 5.00
5.00 3.49
0.00 0.98
0.00 1.04
0.00 0.99
0.00 1.07
0.00 1.04
0.00 0.94
0.00 0.98
0.00 0.98
0.00 0.98
0.00 1.25
0.00 0.99
0.00 1.07
0.00 0.94
0.00 1.14
0.00 1.14
0.00 0.84
0.50 2.05
0.50 2.44
0.50 1.88
0.50 2.24
0.50 1.88
0.50 2.05
0.50 1.72
0.50 1.72
0.50 2.24
0.50 2.44
1.00 3.16
1.00 3.16
1.00 2.65
1.00 2.89
1.00 3.71
1.00 2.65
1.00 3.42
1.00 3.71
1.00 3.42
1.00 2.89
1.50 4.04
1.50 4.40
1.50 4.80
1.50 4.80
1.50 4.69
1.50 4.74
1.50 4.04
1.50 4.74
1.50 4.69
1.50 4.40
2.00 4.65
2.00 4.61
2.00 4.59
2.00 4.57
2.00 4.59
2.00 4.65
2.00 4.61
2.00 4.55
2.00 4.57
2.00 4.55
2.50 4.58
2.50 4.55
2.50 4.55
2.50 4.55
2.50 4.56
2.50 4.55
2.50 4.55
2.50 4.56
2.50 4.58
2.50 4.55
3.00 4.62
3.00 4.62
3.00 4.60
3.00 4.68
3.00 4.71
3.00 4.71
3.00 4.65
3.00 4.65
3.00 4.68
3.00 4.60
3.50 4.66
3.50 4.93
3.50 4.83
3.50 4.57
3.50 4.93
3.50 4.66
3.50 4.75
3.50 4.75
3.50 4.83
3.50 4.57
4.00 5.00
4.00 4.92
4.00 5.00
4.00 5.00
4.00 5.00
4.00 5.00
4.00 4.99
4.00 5.00
4.00 4.92
4.00 4.99
4.50 5.00
4.50 5.00
4.50 5.00
4.50 5.00
4.50 5.00
4.50 5.00
4.50 5.00
4.50 5.00
4.50 5.00
4.50 5.00
5.00 1.66
5.00 5.00
5.00 5.00
5.00 5.00
5.00 5.00
5.00 5.00
5.00 5.00
5.00 5.00
5.00 5.00
5.00 5.00
5.00 5.00
5.00 4.59
5.00 5.00
5.00 5.00
5.00 5.00
5.00 5.00
5.00 5.00
5.00 5.00
5.00 5.00
5.00 5.00
5.00 5.00
5.00 3.92
5.00 5.00
5.00 5.00
5.00 5.00
5.00 5.00
5.00 3.59
5.00 5.00
5.00 5.00
5.00 5.00
0.00 1.42
0.00 1.19
0.00 1.29
0.00 1.42
0.00 1.29
0.00 1.57
0.00 1.09
0.00 1.57
0.00 1.19
0.00 1.09
0.50 2.25
0.50 5.00
0.50 5.00
0.50 1.91
0.50 2.25
0.50 5.00
0.50 2.49
0.50 2.25
0.50 2.15
0.50 2.36
0.50 5.00
0.50 2.15
0.50 2.08
0.50 2.07
0.50 1.58
0.50 1.58
0.50 5.00
0.50 1.91
0.50 2.07
0.50 5.00
0.50 1.74
0.50 2.25
0.50 5.00
0.50 5.00
0.50 5.00
1.00 3.36
1.00 5.00
1.00 3.36
1.00 1.97
1.00 5.00
1.00 5.00
1.00 5.00
1.00 2.44
1.00 1.91
1.00 1.94
1.00 5.00
1.00 3.11
1.00 5.00
1.00 5.00
1.00 2.89
1.00 5.00
1.00 3.11
1.00 1.97
1.00 2.02
1.00 1.89
1.00 1.91
1.00 1.89
1.00 5.00
1.00 1.94
1.00 2.65
1.50 3.94
1.50 4.27
1.50 4.16
1.50 5.00
1.50 5.00
1.50 1.87
1.50 5.00
1.50 5.00
1.50 5.00
1.50 1.88
1.50 3.63
1.50 1.87
1.50 1.87
1.50 4.16
1.50 3.63
1.50 1.87
1.50 5.00
1.50 5.00
1.50 5.00
1.50 4.06
1.50 5.00
1.50 1.87
1.50 1.88
1.50 1.87
1.50 1.87
2.00 3.79
2.00 5.00
2.00 1.91
2.00 5.00
2.00 3.71
2.00 1.94
2.00 3.96
2.00 5.00
2.00 1.91
2.00 5.00
2.00 1.94
2.00 1.90
2.00 3.64
2.00 1.96
2.00 5.00
2.00 3.87
2.00 1.88
2.00 5.00
2.00 1.90
2.00 5.00
2.00 5.00
2.00 5.00
2.00 1.88
2.00 5.00
2.00 1.96
2.50 5.00
2.50 5.00
2.50 2.11
2.50 2.08
2.50 5.00
2.50 3.51
2.50 2.05
2.50 5.00
2.50 2.02
2.50 3.41
2.50 5.00
2.50 3.46
2.50 3.57
2.50 5.00
2.50 2.08
2.50 1.99
2.50 2.02
2.50 1.99
2.50 5.00
2.50 5.00
2.50 5.00
2.50 3.36
2.50 2.05
2.50 5.00
2.50 2.11
3.00 2.29
3.00 5.00
3.00 5.00
3.00 5.00
3.00 3.19
3.00 5.00
3.00 5.00
3.00 3.23
3.00 5.00
3.00 3.15
3.00 5.00
3.00 2.29
3.00 2.15
3.00 5.00
3.00 3.27
3.00 2.19
3.00 5.00
3.00 2.19
3.00 2.22
3.00 5.00
3.00 2.26
3.00 2.22
3.00 3.31
3.00 2.26
3.00 2.15
3.50 5.00
3.50 2.40
3.50 2.40
3.50 2.98
3.50 2.33
3.50 2.33
3.50 5.00
3.50 3.01
3.50 5.00
3.50 2.36
3.50 2.37
3.50 5.00
3.50 5.00
3.50 5.00
3.50 3.11
3.50 3.04
3.50 5.00
3.50 2.36
3.50 5.00
3.50 5.00
3.50 2.38
3.50 2.38
3.50 5.00
3.50 3.08
3.50 2.42
4.00 2.27
4.00 5.00
4.00 2.40
4.00 2.91
4.00 2.95
4.00 5.00
4.00 5.00
4.00 2.11
4.00 5.00
4.00 5.00
4.00 2.42
4.00 2.20
4.00 5.00
4.00 2.33
4.00 2.19
4.00 2.86
4.00 5.00
4.00 2.23
4.00 5.00
4.00 2.83
4.00 2.40
4.00 2.37
4.00 2.89
4.00 5.00
4.00 5.00
4.50 2.36
4.50 2.86
4.50 2.70
4.50 2.70
4.50 2.55
4.50 3.04
4.50 2.30
4.50 5.00
4.50 2.49
4.50 2.40
4.50 5.00
4.50 2.25
4.50 5.00
4.50 5.00
4.50 2.78
4.50 5.00
4.50 2.73
4.50 2.70
4.50 2.42
4.50 5.00
4.50 2.75
4.50 2.73
4.50 5.00
4.50 2.80
4.50 2.75
5.00 4.91
5.00 5.00
5.00 5.00
5.00 5.00
5.00 1.43
5.00 0.81
5.00 5.00
5.00 5.00
5.00 5.00
5.00 4.47
5.00 1.77
5.00 5.00
5.00 3.30
5.00 0.67
5.00 5.00
5.00 5.00
5.00 5.00
5.00 5.00
5.00 5.00
5.00 2.65
5.00 1.88
5.00 3.79
5.00 5.00
5.00 5.00
5.00 5.00
5.00 5.00
5.00 3.35
5.00 5.00
5.00 2.60
5.00 5.00
5.00 5.00
5.00 5.00
5.00 1.78
5.00 3.64
5.00 5.00
5.00 5.00
5.00 5.00
5.00 5.00
5.00 5.00
5.00 5.00
5.00 2.48
5.00 5.00
5.00 5.00
5.00 4.85
5.00 2.77
5.00 5.00
5.00 5.00
5.00 5.00
5.00 5.00
5.00 3.92
5.00 1.80
5.00 3.51
5.00 5.00
5.00 2.60
5.00 5.00
5.00 3.23
5.00 2.08
5.00 1.95
5.00 5.00
5.00 4.96
5.00 5.00
5.00 5.00
5.00 5.00
5.00 5.00
5.00 5.00
5.00 5.00
5.00 1.78
5.00 2.28
5.00 5.00
5.00 2.54
5.00 5.00
5.00 2.72
5.00 5.00
5.00 2.91
5.00 5.00
0.00 2.95
0.00 1.30
0.00 3.12
0.00 1.17
0.00 2.19
0.00 1.43
0.00 5.00
0.00 1.43
0.00 5.00
0.00 2.78
0.00 1.06
0.00 4.43
0.00 3.12
0.00 2.19
0.00 1.06
0.00 1.17
0.00 2.95
0.00 4.43
0.00 5.00
0.00 0.95
0.00 3.53
0.00 1.53
0.00 5.00
0.00 0.95
0.00 1.53
0.50 1.38
0.50 1.30
0.50 2.36
0.50 1.16
0.50 2.36
0.50 2.16
0.50 1.47
0.50 1.30
0.50 1.47
0.50 1.79
0.50 2.58
0.50 1.98
0.50 2.16
0.50 1.98
0.50 2.58
0.50 1.79
0.50 1.38
0.50 1.23
0.50 1.16
0.50 1.23
1.00 1.98
1.00 3.66
1.00 1.86
1.00 3.36
1.00 1.56
1.00 3.10
1.00 1.66
1.00 3.98
1.00 2.83
1.00 1.66
1.00 3.10
1.00 1.75
1.00 1.98
1.00 1.75
1.00 2.83
1.00 1.56
1.00 1.86
1.00 3.98
1.00 3.36
1.00 3.66
1.50 2.24
1.50 2.11
1.50 2.54
1.50 4.35
1.50 4.35
1.50 4.68
1.50 2.39
1.50 2.24
1.50 2.54
1.50 4.61
1.50 4.61
1.50 2.11
1.50 2.39
1.50 2.69
1.50 4.54
1.50 4.68
1.50 4.54
1.50 4.77
1.50 4.77
1.50 2.69
2.00 3.30
2.00 2.84
2.00 3.00
2.00 4.48
2.00 3.30
2.00 4.34
2.00 4.44
2.00 4.37
2.00 3.17
2.00 3.00
2.00 3.36
2.00 4.34
2.00 4.48
2.00 3.36
2.00 3.17
2.00 4.40
2.00 4.37
2.00 4.44
2.00 4.40
2.00 2.84
2.50 3.16
2.50 4.32
2.50 3.21
2.50 3.08
2.50 3.26
2.50 3.12
2.50 4.32
2.50 4.31
2.50 4.31
2.50 4.32
2.50 4.33
2.50 3.08
2.50 3.12
2.50 4.31
2.50 3.21
2.50 3.16
2.50 4.33
2.50 4.31
2.50 4.32
2.50 3.26
3.00 3.01
3.00 2.97
3.00 4.42
3.00 4.42
3.00 4.35
3.00 3.04
3.00 2.94
3.00 2.90
3.00 4.39
3.00 2.94
3.00 4.39
3.00 3.04
3.00 4.35
3.00 4.33
3.00 4.37
3.00 4.33
3.00 2.90
3.00 4.37
3.00 3.01
3.00 2.97
3.50 4.56
3.50 4.48
3.50 2.81
3.50 2.81
3.50 4.45
3.50 4.56
3.50 4.45
3.50 4.52
3.50 2.84
3.50 2.87
3.50 2.79
3.50 2.76
3.50 4.60
3.50 4.60
3.50 2.79
3.50 2.76
3.50 4.48
3.50 2.87
3.50 4.52
3.50 2.84
4.00 4.79
4.00 4.79
4.00 2.65
4.00 4.74
4.00 2.74
4.00 2.67
4.00 4.85
4.00 4.65
4.00 2.65
4.00 4.69
4.00 2.69
4.00 4.74
4.00 4.85
4.00 2.71
4.00 2.69
4.00 2.71
4.00 2.67
4.00 4.65
4.00 2.74
4.00 4.69
4.50 4.71
4.50 5.00
4.50 2.61
4.50 5.00
4.50 2.60
4.50 2.58
4.50 4.96
4.50 4.90
4.50 4.95
4.50 2.58
4.50 2.57
4.50 4.96
4.50 4.90
4.50 2.60
4.50 2.63
4.50 4.83
4.50 5.00
4.50 2.63
4.50 2.61
4.50 2.57
5.00 5.00
5.00 5.00
5.00 2.58
5.00 5.00
5.00 5.00
5.00 5.00
5.00 5.00
5.00 5.00
5.00 5.00
5.00 4.48
5.00 5.00
5.00 5.00
5.00 5.00
5.00 5.00
5.00 5.00
5.00 5.00
5.00 5.00
5.00 5.00
5.00 5.00
5.00 3.71
5.00 2.45
5.00 2.49
5.00 4.35
5.00 5.00
5.00 5.00
5.00 5.00
5.00 5.00
5.00 2.47
5.00 5.00
5.00 3.10
5.00 5.00
5.00 5.00
5.00 5.00
5.00 5.00
5.00 5.00
5.00 2.25
5.00 5.00
5.00 5.00
5.00 5.00
5.00 5.00
5.00 5.00
5.00 5.00
5.00 5.00
5.00 5.00
5.00 2.48
5.00 5.00
5.00 5.00
5.00 2.46
5.00 5.00
5.00 5.00
5.00 5.00
5.00 3.42
5.00 5.00
5.00 3.27
5.00 2.34
5.00 5.00
5.00 5.00
5.00 5.00
5.00 5.00
5.00 2.43
0.00 1.34
0.00 1.08
0.00 1.62
0.00 1.05
0.00 1.31
0.00 1.46
0.00 1.01
0.00 1.04
0.00 1.04
0.00 1.05
0.00 1.17
0.00 1.01
0.00 1.01
0.00 1.46
0.00 1.17
0.00 1.34
0.00 1.01
0.00 1.62
0.00 1.31
0.00 1.08
0.50 1.82
0.50 2.01
0.50 1.82
0.50 2.62
0.50 2.01
0.50 1.53
0.50 1.19
0.50 2.62
0.50 2.20
0.50 1.40
1.00 1.81
1.00 3.13
1.00 2.12
1.00 3.69
1.00 3.40
1.00 2.86
1.00 2.28
1.00 2.44
1.00 4.02
1.00 3.40
1.50 4.62
1.50 3.19
1.50 2.80
1.50 3.00
1.50 3.00
1.50 2.62
1.50 4.81
1.50 4.39
1.50 4.39
1.50 3.40
2.00 4.51
2.00 4.14
2.00 4.49
2.00 4.51
2.00 3.62
2.00 3.62
2.00 4.50
2.00 4.57
2.00 4.54
2.00 4.14
2.50 4.49
2.50 4.20
2.50 4.25
2.50 4.23
2.50 4.49
2.50 4.49
2.50 4.50
2.50 4.18
2.50 4.20
2.50 4.16
3.00 4.36
3.00 4.78
3.00 4.67
3.00 4.62
3.00 4.72
3.00 4.31
3.00 4.33
3.00 4.31
3.00 4.72
3.00 4.39
5.00 3.38
5.00 5.00
5.00 4.01
5.00 5.00
5.00 5.00
5.00 3.68
5.00 2.18
5.00 5.00
5.00 5.00
5.00 5.00
5.00 3.10
5.00 5.00
5.00 5.00
5.00 2.06
5.00 3.01
5.00 1.78
5.00 5.00
5.00 5.00
5.00 5.00
5.00 5.00
5.00 5.00
5.00 5.00
5.00 5.00
5.00 5.00
5.00 5.00
5.00 2.36
5.00 5.00
5.00 5.00
5.00 5.00
5.00 5.00
0.00 1.65
0.00 1.09
0.00 1.34
0.00 1.34
0.00 0.89
0.00 1.49
0.00 0.90
0.00 0.99
0.00 1.49
0.00 1.65
3.50 4.48
3.50 4.43
3.50 4.63
3.50 4.85
3.50 4.93
3.50 4.93
3.50 4.58
3.50 5.00
3.50 4.53
3.50 4.85
4.00 4.69
4.00 4.74
4.00 5.00
4.00 4.86
4.00 5.00
4.00 5.00
4.00 4.91
4.00 5.00
4.00 5.00
4.00 4.80
4.50 5.00
4.50 5.00
4.50 5.00
4.50 5.00
4.50 5.00
4.50 5.00
4.50 5.00
4.50 5.00
4.50 5.00
4.50 4.97
0.50 1.27
0.50 1.42
0.50 1.19
0.50 1.29
0.50 1.07
0.50 1.22
0.50 1.19
0.50 1.19
0.50 1.14
0.50 1.28
0.50 1.30
0.50 1.31
0.50 1.28
0.50 1.24
0.50 1.32
1.00 0.97
1.00 1.14
1.00 1.77
1.00 1.53
1.00 1.89
1.00 1.35
1.00 1.37
1.00 1.01
1.00 2.01
1.00 1.33
1.00 1.05
1.00 1.65
1.00 1.34
1.00 2.01
1.00 1.36
1.50 0.87
1.50 2.71
1.50 1.39
1.50 1.49
1.50 2.43
1.50 1.56
1.50 2.29
1.50 0.88
1.50 0.91
1.50 2.15
1.50 2.15
1.50 0.94
1.50 1.42
1.50 2.29
1.50 0.89
2.00 3.03
2.00 1.65
2.00 1.86
2.00 2.87
2.00 1.75
2.00 2.87
2.00 3.11
2.00 3.20
2.00 0.94
2.00 3.03
2.00 0.96
2.00 3.11
2.00 3.20
2.00 1.81
2.00 0.92
2.50 2.95
2.50 1.14
2.50 2.95
2.50 2.92
2.50 1.69
2.50 3.07
2.50 3.03
2.50 1.66
2.50 1.06
2.50 3.07
2.50 1.10
2.50 2.99
2.50 0.99
2.50 2.99
2.50 1.02
3.00 1.53
3.00 2.82
3.00 1.18
3.00 2.85
3.00 2.82
3.00 1.29
3.00 2.88
3.00 1.46
3.00 1.56
3.00 2.88
3.00 2.79
3.00 2.85
3.00 2.77
3.00 2.79
3.00 2.77
5.00 2.34
5.00 1.81
5.00 0.36
5.00 0.36
5.00 1.09
5.00 2.16
5.00 5.00
5.00 0.52
5.00 0.36
5.00 2.46
5.00 2.38
5.00 2.45
5.00 5.00
5.00 0.37
5.00 1.75
5.00 0.40
5.00 2.55
5.00 5.00
5.00 0.39
5.00 5.00
5.00 2.78
5.00 0.38
5.00 5.00
5.00 1.96
5.00 2.49
5.00 2.11
5.00 2.09
5.00 1.54
5.00 1.95
5.00 1.03
5.00 2.03
5.00 5.00
5.00 2.52
5.00 1.96
5.00 2.27
5.00 0.36
5.00 0.38
5.00 2.13
5.00 1.80
5.00 1.96
5.00 0.41
5.00 2.02
5.00 2.19
5.00 1.95
5.00 2.32
0.00 0.84
0.00 0.98
0.00 0.84
0.00 0.85
0.00 0.92
0.00 0.92
0.00 0.84
0.00 1.01
0.00 0.84
0.00 0.92
0.00 1.10
0.00 1.10
0.00 0.99
0.00 0.92
0.00 0.92
3.50 1.43
3.50 2.74
3.50 2.67
3.50 2.72
3.50 1.49
3.50 2.74
3.50 2.72
3.50 2.65
3.50 1.40
3.50 2.65
3.50 2.69
3.50 1.46
3.50 2.67
3.50 2.69
3.50 1.37
4.00 2.60
4.00 1.54
4.00 1.51
4.00 2.63
4.00 2.57
4.00 2.60
4.00 2.58
4.00 1.58
4.00 2.63
4.00 2.61
4.00 2.58
4.00 2.61
4.00 1.59
4.00 1.56
4.00 2.57
4.50 2.55
4.50 1.61
4.50 2.53
4.50 2.54
4.50 2.52
4.50 2.55
4.50 1.63
4.50 2.54
4.50 2.53
4.50 1.62
4.50 1.64
4.50 2.52
4.50 1.65
4.50 2.56
4.50 2.56
0.50 1.79
0.50 1.79
0.50 1.53
0.50 1.66
0.50 1.53
1.00 2.07
1.00 1.92
1.00 2.39
1.00 2.54
1.00 2.22
1.50 3.16
1.50 2.69
1.50 2.87
1.50 2.69
1.50 3.25
4.00 2.09
4.00 2.13
4.00 2.15
4.00 2.13
4.00 2.11
4.50 2.08
4.50 2.05
4.50 2.02
4.50 2.08
4.50 2.06
5.00 5.00
5.00 5.00
5.00 5.00
5.00 4.69
5.00 5.00
5.00 5.00
5.00 5.00
5.00 5.00
5.00 2.62
5.00 3.78
5.00 2.89
5.00 5.00
5.00 5.00
5.00 5.00
5.00 5.00
0.00 1.18
0.00 0.86
0.00 1.18
0.00 0.76
0.00 0.86
2.00 2.92
2.00 2.79
2.00 3.08
2.00 2.86
2.00 3.00
2.50 2.57
2.50 2.68
2.50 2.53
2.50 2.73
2.50 2.62
3.00 2.44
3.00 2.33
3.00 2.40
3.00 2.37
3.00 2.48
3.50 2.30
3.50 2.27
3.50 2.22
3.50 2.19
3.50 2.24
0.50 1.45
0.50 1.71
0.50 1.45
0.50 1.84
0.50 1.84
0.50 1.98
0.50 1.58
0.50 1.71
0.50 1.98
0.50 1.58
1.00 2.49
1.00 2.69
1.00 2.31
1.00 2.31
1.00 2.49
1.00 2.90
1.00 2.14
1.00 2.14
1.00 2.69
1.00 2.90
1.50 4.13
1.50 3.11
1.50 3.11
1.50 3.58
1.50 3.84
1.50 3.33
1.50 3.84
1.50 3.58
1.50 4.13
1.50 3.33
2.00 4.10
2.00 4.00
2.00 4.02
2.00 4.00
2.00 4.07
2.00 4.02
2.00 4.04
2.00 4.10
2.00 4.04
2.00 4.07
2.50 3.97
2.50 3.97
2.50 3.97
2.50 3.97
2.50 3.98
2.50 3.99
2.50 3.97
2.50 3.98
2.50 3.99
2.50 3.97
3.00 3.97
3.00 3.98
3.00 3.97
3.00 3.97
3.00 3.98
3.00 3.97
3.00 3.97
3.00 3.98
3.00 3.97
3.00 3.98
3.50 4.00
3.50 3.99
3.50 3.99
3.50 4.00
3.50 3.99
3.50 4.00
3.50 4.01
3.50 4.01
3.50 3.99
3.50 4.00
4.00 4.02
4.00 4.01
4.00 4.01
4.00 4.02
4.00 4.02
4.00 4.02
4.00 4.02
4.00 4.02
4.00 4.02
4.00 4.02
4.50 4.02
4.50 4.02
4.50 4.00
4.50 4.02
4.50 4.01
4.50 4.02
4.50 4.00
4.50 4.01
4.50 4.02
4.50 4.02
5.00 3.71
5.00 2.99
5.00 5.00
5.00 3.37
5.00 5.00
5.00 3.33
5.00 5.00
5.00 3.33
5.00 5.00
5.00 5.00
5.00 5.00
5.00 5.00
5.00 3.54
5.00 2.89
5.00 5.00
5.00 3.03
5.00 3.19
5.00 5.00
5.00 3.15
5.00 5.00
5.00 3.06
5.00 3.34
5.00 2.88
5.00 5.00
5.00 5.00
5.00 5.00
5.00 3.35
5.00 3.19
5.00 5.00
5.00 3.25
0.00 1.24
0.00 1.06
0.00 0.97
0.00 1.24
0.00 1.33
0.00 1.33
0.00 1.15
0.00 1.15
0.00 0.97
0.00 1.06
0.50 1.72
0.50 1.52
0.50 1.82
0.50 1.76
0.50 1.82
0.50 2.05
0.50 2.05
0.50 1.62
0.50 1.90
0.50 1.72
0.50 1.47
0.50 1.62
0.50 1.61
0.50 1.47
0.50 1.93
1.00 2.14
1.00 2.58
1.00 2.53
1.00 2.76
1.00 2.35
1.00 2.03
1.00 2.76
1.00 2.58
1.00 2.03
1.00 2.39
1.00 2.53
1.00 2.21
1.00 2.24
1.00 2.21
1.00 2.95
1.50 3.61
1.50 2.69
1.50 2.79
1.50 2.64
1.50 3.16
1.50 3.38
1.50 3.14
1.50 2.92
1.50 3.49
1.50 3.38
1.50 3.16
1.50 3.62
1.50 3.56
1.50 3.56
1.50 2.74
2.00 3.33
2.00 3.38
2.00 3.33
2.00 4.15
2.00 3.43
2.00 3.28
2.00 2.90
2.00 3.28
2.00 3.87
2.00 3.24
2.00 3.24
2.00 4.45
2.00 3.43
2.00 2.84
2.00 2.95
2.50 3.02
2.50 3.02
2.50 3.03
2.50 3.07
2.50 3.10
2.50 3.02
2.50 3.20
2.50 4.86
2.50 3.17
2.50 3.07
2.50 4.84
2.50 3.13
2.50 3.13
2.50 3.10
2.50 4.80
3.00 3.03
3.00 2.98
3.00 4.92
3.00 3.03
3.00 2.93
3.00 2.96
3.00 3.03
3.00 2.93
3.00 3.02
3.00 2.98
3.00 2.96
3.00 3.04
3.00 3.04
3.00 3.01
3.00 4.96
3.50 2.85
3.50 5.00
3.50 3.01
3.50 3.02
3.50 2.89
3.50 5.00
3.50 2.83
3.50 2.85
3.50 2.91
3.50 2.89
3.50 3.02
3.50 2.91
3.50 2.87
3.50 2.83
3.50 5.00
4.00 2.79
4.00 3.01
4.00 5.00
4.00 2.73
4.00 2.73
4.00 2.77
4.00 2.81
4.00 2.81
4.00 2.77
4.00 5.00
4.00 5.00
4.00 2.75
4.00 2.75
4.00 3.01
4.00 5.00
4.50 5.00
4.50 5.00
4.50 2.65
4.50 5.00
4.50 2.68
4.50 2.70
4.50 2.65
4.50 2.66
4.50 2.68
4.50 2.71
4.50 2.66
4.50 5.00
4.50 2.71
4.50 5.00
4.50 2.70
5.00 5.00
5.00 5.00
5.00 1.98
5.00 5.00
5.00 5.00
5.00 5.00
5.00 5.00
5.00 5.00
5.00 5.00
5.00 5.00
5.00 5.00
5.00 5.00
5.00 5.00
5.00 5.00
5.00 5.00
5.00 5.00
5.00 5.00
5.00 5.00
5.00 5.00
5.00 5.00
5.00 5.00
5.00 5.00
5.00 5.00
5.00 5.00
5.00 4.98
5.00 5.00
5.00 2.65
5.00 5.00
5.00 5.00
5.00 2.80
5.00 5.00
5.00 5.00
5.00 3.16
5.00 3.92
5.00 5.00
5.00 5.00
5.00 5.00
5.00 3.00
5.00 5.00
5.00 5.00
5.00 5.00
5.00 4.58
5.00 5.00
5.00 4.05
5.00 5.00
0.00 0.86
0.00 1.40
0.00 0.86
0.00 0.98
0.00 1.42
0.00 1.22
0.00 0.98
0.00 1.32
0.00 1.10
0.00 1.22
0.00 1.10
0.00 1.34
0.00 1.34
0.00 1.32
0.00 1.40
0.50 1.77
0.50 5.00
0.50 1.53
0.50 1.42
0.50 1.65
1.00 1.90
1.00 2.49
1.00 2.33
1.00 2.17
1.00 2.49
1.50 3.19
1.50 2.83
1.50 3.39
1.50 2.66
1.50 3.00
2.00 3.56
2.00 3.61
2.00 3.49
2.00 3.53
2.00 3.53
2.50 3.36
2.50 3.30
2.50 3.39
2.50 3.42
2.50 3.39
3.00 3.25
3.00 3.20
3.00 3.28
3.00 3.25
3.00 3.17
3.50 3.15
3.50 3.12
3.50 3.04
3.50 3.07
3.50 3.10
4.00 2.95
4.00 2.97
4.00 3.02
4.00 3.00
4.00 2.93
4.50 2.91
4.50 2.87
4.50 2.85
4.50 2.89
4.50 2.83
5.00 2.94
5.00 2.97
5.00 2.99
5.00 4.35
5.00 5.00
5.00 3.02
5.00 2.90
5.00 2.70
5.00 4.27
5.00 3.28
5.00 3.02
5.00 3.72
5.00 4.13
5.00 2.77
5.00 2.81
0.00 1.06
0.00 5.00
0.00 5.00
0.00 5.00
0.00 1.14
0.50 1.95
0.50 2.51
0.50 2.30
0.50 1.77
0.50 2.30
1.00 2.98
1.00 2.73
1.00 3.89
1.00 3.89
1.00 3.25
1.50 4.57
1.50 4.57
1.50 4.35
1.50 4.28
1.50 4.35
2.00 4.35
2.00 4.40
2.00 4.27
2.00 4.40
2.00 4.31
2.50 4.19
2.50 4.22
2.50 4.19
2.50 4.21
2.50 4.19
3.00 4.19
3.00 4.21
3.00 4.22
3.00 4.20
3.00 4.19
3.50 4.35
3.50 4.33
3.50 4.30
3.50 4.28
3.50 4.33
4.00 4.38
4.00 4.38
4.00 4.47
4.00 4.50
4.00 4.41
5.00 3.67
5.00 4.23
5.00 2.35
5.00 2.34
5.00 2.33
5.00 2.42
5.00 1.90
5.00 3.43
5.00 2.34
5.00 2.33
5.00 2.02
5.00 3.60
5.00 4.07
5.00 2.27
5.00 2.35
0.00 1.45
0.00 1.04
0.00 1.31
0.00 1.31
0.00 1.04
4.50 4.53
4.50 4.59
4.50 4.65
4.50 4.56
4.50 4.62
0.50 1.46
0.50 1.56
0.50 1.66
0.50 1.56
0.50 1.36
1.00 2.28
1.00 1.90
1.00 2.28
1.00 1.78
1.00 2.02
1.50 2.61
1.50 2.44
1.50 3.19
1.50 3.19
1.50 2.79
2.00 3.62
2.00 3.40
2.00 4.11
2.00 4.11
2.00 4.38
2.50 4.41
2.50 4.40
2.50 4.40
2.50 4.49
2.50 4.46
3.00 4.52
3.00 4.62
3.00 4.65
3.00 4.58
3.00 4.62
5.00 5.00
5.00 5.00
5.00 3.64
5.00 3.74
5.00 5.00
5.00 5.00
5.00 5.00
5.00 5.00
5.00 4.05
5.00 5.00
5.00 3.26
5.00 5.00
5.00 5.00
5.00 4.29
5.00 2.32
0.00 1.16
0.00 1.58
0.00 1.58
0.00 1.16
0.00 1.38
3.50 4.76
3.50 4.73
3.50 4.69
3.50 4.84
3.50 4.80
4.00 4.92
4.00 4.96
4.00 4.88
4.00 5.00
4.00 5.00
4.50 5.00
4.50 5.00
4.50 5.00
4.50 5.00
4.50 5.00
0.50 1.82
0.50 1.34
0.50 1.47
0.50 1.18
0.50 1.47
0.50 1.73
0.50 1.60
0.50 1.81
0.50 1.87
0.50 1.42
0.50 1.51
0.50 1.26
0.50 1.73
0.50 2.01
0.50 1.60
1.00 2.16
1.00 1.82
1.00 1.92
1.00 2.69
1.00 2.33
1.00 2.05
1.00 2.89
1.00 2.50
1.00 1.87
1.00 1.90
1.00 2.05
1.00 1.61
1.00 1.96
1.00 1.84
1.00 1.93
1.50 2.34
1.50 3.57
1.50 2.02
1.50 3.11
1.50 2.66
1.50 4.09
1.50 2.19
1.50 2.66
1.50 2.82
1.50 3.82
1.50 2.49
1.50 2.49
1.50 2.04
1.50 2.82
1.50 2.34
2.00 2.03
2.00 4.39
2.00 2.11
2.00 3.16
2.00 4.38
2.00 4.43
2.00 3.35
2.00 2.98
2.00 3.55
2.00 2.07
2.00 3.16
2.00 3.55
2.00 3.51
2.00 3.35
2.00 4.40
2.50 3.42
2.50 4.46
2.50 4.59
2.50 3.32
2.50 3.39
2.50 3.42
2.50 3.35
2.50 3.46
2.50 1.96
2.50 4.48
2.50 1.99
2.50 1.98
2.50 4.55
2.50 3.35
2.50 3.39
3.00 3.16
3.00 4.67
3.00 1.89
3.00 4.63
3.00 4.81
3.00 3.25
3.00 1.91
3.00 3.22
3.00 1.90
3.00 3.19
3.00 1.93
3.00 3.16
3.00 3.28
3.00 4.72
3.00 3.19
5.00 4.94
5.00 5.00
5.00 5.00
5.00 2.72
5.00 2.27
5.00 2.74
5.00 5.00
5.00 2.71
5.00 5.00
5.00 3.36
5.00 5.00
5.00 5.00
5.00 5.00
5.00 4.70
5.00 2.61
5.00 4.70
5.00 4.69
5.00 2.67
5.00 5.00
5.00 4.64
5.00 2.74
5.00 5.00
5.00 4.53
5.00 5.00
5.00 3.37
5.00 4.68
5.00 5.00
5.00 5.00
5.00 5.00
5.00 5.00
5.00 4.71
5.00 5.00
5.00 1.78
5.00 5.00
5.00 4.68
5.00 4.72
5.00 4.71
5.00 4.36
5.00 3.93
5.00 4.70
5.00 2.73
5.00 4.64
5.00 5.00
5.00 1.82
5.00 4.77
0.00 1.10
0.00 1.11
0.00 1.10
0.00 1.37
0.00 1.27
0.00 1.06
0.00 1.02
0.00 1.06
0.00 1.02
0.00 1.16
0.00 1.37
0.00 1.02
0.00 1.27
0.00 1.05
0.00 1.05
3.50 5.00
3.50 3.04
3.50 3.07
3.50 3.10
3.50 3.12
3.50 3.04
3.50 3.10
3.50 3.01
3.50 4.86
3.50 4.97
3.50 3.01
3.50 5.00
3.50 3.07
3.50 4.92
3.50 3.12
4.00 2.90
4.00 5.00
4.00 2.90
4.00 5.00
4.00 5.00
4.00 2.87
4.00 2.98
4.00 5.00
4.00 2.95
4.00 2.95
4.00 2.93
4.00 2.93
4.00 2.98
4.00 5.00
4.00 2.87
4.50 5.00
4.50 2.76
4.50 2.80
4.50 2.76
4.50 2.80
4.50 2.82
4.50 5.00
4.50 2.78
4.50 2.85
4.50 5.00
4.50 5.00
4.50 2.82
4.50 5.00
4.50 2.78
4.50 2.85
0.50 2.00
0.50 2.62
0.50 2.19
0.50 2.63
0.50 1.82
0.50 2.01
0.50 2.00
0.50 1.82
0.50 2.40
0.50 2.40
1.00 4.14
1.00 3.11
1.00 3.72
1.00 2.89
1.00 4.06
1.00 2.87
1.00 3.15
1.00 2.73
1.00 3.46
1.00 3.18
1.50 3.24
1.50 4.71
1.50 4.65
1.50 3.39
1.50 3.48
1.50 4.80
1.50 4.55
1.50 4.71
1.50 4.71
1.50 4.90
2.00 4.64
2.00 4.45
2.00 4.64
2.00 4.47
2.00 3.51
2.00 3.59
2.00 4.45
2.00 4.52
2.00 4.60
2.00 4.57
2.50 3.77
2.50 4.43
2.50 3.87
2.50 4.49
2.50 3.72
2.50 4.48
2.50 4.43
2.50 4.46
2.50 4.43
2.50 4.41
3.00 4.63
3.00 4.45
3.00 4.52
3.00 4.36
3.00 1.95
3.00 4.45
3.00 4.55
3.00 4.57
3.00 1.77
3.00 4.63
3.50 2.22
3.50 4.75
3.50 3.40
3.50 4.95
3.50 2.65
3.50 4.75
3.50 4.84
3.50 5.00
3.50 4.76
3.50 4.95
5.00 3.13
5.00 2.05
5.00 5.00
5.00 5.00
5.00 1.55
5.00 2.34
5.00 5.00
5.00 2.89
5.00 5.00
5.00 4.64
5.00 5.00
5.00 3.43
5.00 5.00
5.00 5.00
5.00 1.87
5.00 5.00
5.00 5.00
5.00 2.40
5.00 5.00
5.00 2.12
5.00 5.00
5.00 5.00
5.00 5.00
5.00 5.00
5.00 5.00
5.00 2.55
5.00 0.97
5.00 4.25
5.00 5.00
5.00 1.85
0.00 1.65
0.00 1.18
0.00 1.48
0.00 1.47
0.00 1.20
0.00 1.34
0.00 1.08
0.00 1.32
0.00 1.34
0.00 1.20
4.00 5.00
4.00 5.00
4.00 5.00
4.00 5.00
4.00 5.00
4.00 5.00
4.00 5.00
4.00 5.00
4.00 5.00
4.00 5.00
4.50 5.00
4.50 5.00
4.50 1.16
4.50 5.00
4.50 1.98
4.50 5.00
4.50 0.88
4.50 5.00
4.50 5.00
4.50 5.00
0.50 1.65
0.50 1.75
0.50 2.10
0.50 1.65
0.50 1.65
0.50 1.75
0.50 1.79
0.50 2.10
0.50 1.94
0.50 1.51
0.50 1.45
0.50 1.51
0.50 1.85
0.50 1.55
0.50 1.79
1.00 2.35
1.00 2.65
1.00 1.95
1.00 2.45
1.00 2.05
1.00 3.09
1.00 2.86
1.00 2.15
1.00 2.15
1.00 2.27
1.00 3.09
1.00 2.05
1.00 2.25
1.00 2.65
1.00 2.86
1.50 4.44
1.50 3.13
1.50 3.83
1.50 3.57
1.50 2.71
1.50 4.12
1.50 3.83
1.50 2.53
1.50 2.53
1.50 4.44
1.50 2.71
1.50 3.13
1.50 3.32
1.50 3.57
1.50 2.91
2.00 4.43
2.00 4.44
2.00 4.43
2.00 4.41
2.00 4.41
2.00 4.11
2.00 4.73
2.00 4.45
2.00 4.11
2.00 3.84
2.00 3.26
2.00 3.59
2.00 3.22
2.00 3.84
2.00 3.24
2.50 3.11
2.50 4.83
2.50 3.16
2.50 3.20
2.50 4.57
2.50 4.77
2.50 4.74
2.50 4.80
2.50 4.77
2.50 3.18
2.50 4.75
2.50 4.51
2.50 4.54
2.50 4.46
2.50 4.75
3.00 5.00
3.00 4.70
3.00 4.61
3.00 4.94
3.00 4.63
3.00 3.01
3.00 3.09
3.00 4.86
3.00 2.99
3.00 4.64
3.00 5.00
3.00 4.90
3.00 3.06
3.00 4.90
3.00 4.98
3.50 5.00
3.50 4.33
3.50 5.00
3.50 5.00
3.50 5.00
3.50 5.00
3.50 2.97
3.50 5.00
3.50 5.00
3.50 4.38
3.50 4.57
3.50 5.00
3.50 4.44
3.50 5.00
3.50 4.50
4.00 5.00
4.00 5.00
4.00 5.00
4.00 4.14
4.00 5.00
4.00 5.00
4.00 5.00
4.00 5.00
4.00 5.00
4.00 5.00
4.00 5.00
4.00 4.28
4.00 4.11
4.00 4.23
4.00 4.18
4.50 5.00
4.50 5.00
4.50 5.00
4.50 5.00
4.50 5.00
4.50 5.00
4.50 4.23
4.50 4.05
4.50 4.15
4.50 4.09
4.50 5.00
4.50 5.00
4.50 5.00
4.50 5.00
4.50 4.07
5.00 5.00
5.00 4.17
5.00 5.00
5.00 5.00
5.00 3.35
5.00 5.00
5.00 5.00
5.00 5.00
5.00 5.00
5.00 3.91
5.00 4.93
5.00 5.00
5.00 5.00
5.00 5.00
5.00 5.00
5.00 5.00
5.00 5.00
5.00 3.47
5.00 5.00
5.00 3.60
5.00 3.44
5.00 5.00
5.00 5.00
5.00 5.00
5.00 5.00
5.00 3.88
5.00 5.00
5.00 5.00
5.00 5.00
5.00 5.00
5.00 5.00
5.00 5.00
5.00 5.00
5.00 5.00
5.00 5.00
5.00 3.83
5.00 3.74
5.00 4.46
5.00 5.00
5.00 5.00
5.00 4.08
5.00 3.43
5.00 5.00
5.00 5.00
5.00 5.00
0.00 1.44
0.00 1.38
0.00 1.76
0.00 1.08
0.00 1.08
0.00 0.98
0.00 2.20
0.00 1.28
0.00 1.35
0.00 1.35
0.00 1.44
0.00 1.76
0.00 1.35
0.00 1.35
0.00 2.20
0.50 1.18
0.50 1.50
0.50 1.28
0.50 1.39
0.50 1.62
1.00 1.85
1.00 2.25
1.00 1.97
1.00 1.97
1.00 2.11
1.50 2.38
1.50 2.81
1.50 2.51
1.50 2.97
1.50 2.65
2.00 2.69
2.00 2.79
2.00 2.69
2.00 2.74
2.00 2.90
2.50 2.53
2.50 2.60
2.50 2.50
2.50 2.57
2.50 2.53
3.00 2.46
3.00 2.36
3.00 2.44
3.00 2.44
3.00 2.36
3.50 2.35
3.50 2.29
3.50 2.31
3.50 2.31
3.50 2.30
4.00 2.27
4.00 2.26
4.00 2.26
4.00 2.27
4.00 2.28
4.50 2.26
4.50 2.28
4.50 2.27
4.50 2.26
4.50 2.29
5.00 2.41
5.00 2.48
5.00 2.88
5.00 5.00
5.00 2.80
5.00 5.00
5.00 5.00
5.00 5.00
5.00 2.80
5.00 2.36
5.00 2.78
5.00 5.00
5.00 2.89
5.00 5.00
5.00 2.82
0.00 0.81
0.00 1.09
0.00 0.99
0.00 0.71
0.00 0.80
0.50 1.19
0.50 1.11
0.50 1.35
0.50 1.45
0.50 1.27
1.00 1.76
1.00 1.88
1.00 1.65
1.00 2.00
1.00 1.55
1.50 2.13
1.50 2.57
1.50 2.57
1.50 2.41
1.50 2.72
2.00 3.39
2.00 2.87
2.00 3.20
2.00 3.39
2.00 3.35
2.50 3.31
2.50 3.28
2.50 3.28
2.50 3.31
2.50 3.18
3.00 3.09
3.00 3.09
3.00 3.12
3.00 3.12
3.00 3.04
3.50 2.92
3.50 2.97
3.50 2.92
3.50 3.02
3.50 2.97
4.00 2.88
4.00 2.86
4.00 2.84
4.00 2.82
4.00 2.90
4.50 2.76
4.50 2.77
4.50 2.80
4.50 2.79
4.50 2.77
5.00 5.00
5.00 2.72
5.00 2.69
5.00 2.72
5.00 2.73
5.00 5.00
5.00 5.00
5.00 5.00
5.00 2.72
5.00 2.73
5.00 5.00
5.00 5.00
5.00 2.72
5.00 2.72
5.00 2.70
0.00 0.96
0.00 1.03
0.00 1.03
0.00 0.97
0.00 1.01
0.50 1.59
0.50 1.72
0.50 1.34
0.50 1.46
0.50 1.87
0.50 1.72
0.50 1.87
0.50 1.46
0.50 1.34
0.50 1.59
1.00 2.67
1.00 2.32
1.00 2.49
1.00 2.16
1.00 2.01
1.00 2.01
1.00 2.16
1.00 2.32
1.00 2.67
1.00 2.49
1.50 3.04
1.50 3.68
1.50 3.04
1.50 2.86
1.50 2.86
1.50 3.46
1.50 3.24
1.50 3.46
1.50 3.68
1.50 3.24
2.00 3.92
2.00 3.90
2.00 3.93
2.00 3.91
2.00 3.90
2.00 3.93
2.00 3.90
2.00 3.90
2.00 3.91
2.00 3.92
2.50 3.90
2.50 3.92
2.50 3.90
2.50 3.91
2.50 3.91
2.50 3.92
2.50 3.91
2.50 3.91
2.50 3.92
2.50 3.92
3.00 3.95
3.00 3.97
3.00 3.97
3.00 3.95
3.00 3.93
3.00 3.94
3.00 3.94
3.00 3.96
3.00 3.96
3.00 3.93
3.50 3.98
3.50 4.00
3.50 3.99
3.50 4.02
3.50 3.98
3.50 4.01
3.50 4.02
3.50 3.99
3.50 4.01
3.50 4.00
4.00 4.08
4.00 4.04
4.00 4.03
4.00 4.07
4.00 4.08
4.00 4.05
4.00 4.04
4.00 4.05
4.00 4.07
4.00 4.03
4.50 4.10
4.50 4.09
4.50 4.12
4.50 4.13
4.50 4.09
4.50 4.15
4.50 4.15
4.50 4.12
4.50 4.13
4.50 4.10
5.00 5.00
5.00 4.45
5.00 4.07
5.00 4.29
5.00 4.52
5.00 5.00
5.00 5.00
5.00 5.00
5.00 5.00
5.00 3.51
5.00 5.00
5.00 3.97
5.00 3.97
5.00 4.66
5.00 5.00
5.00 5.00
5.00 5.00
5.00 5.00
5.00 5.00
5.00 2.74
5.00 5.00
5.00 3.34
5.00 5.00
5.00 3.83
5.00 5.00
5.00 4.61
5.00 5.00
5.00 5.00
5.00 5.00
5.00 5.00
0.00 0.97
0.00 1.25
0.00 1.06
0.00 1.15
0.00 1.25
0.00 0.87
0.00 0.87
0.00 1.15
0.00 0.97
0.00 1.06
0.50 1.97
0.50 1.83
0.50 1.69
0.50 1.56
0.50 1.56
1.00 2.86
1.00 2.46
1.00 2.65
1.00 2.46
1.00 2.28
1.50 4.11
1.50 3.82
1.50 4.43
1.50 3.56
1.50 4.11
2.00 4.39
2.00 4.41
2.00 4.40
2.00 4.41
2.00 4.34
2.50 4.24
2.50 4.42
2.50 4.29
2.50 4.19
2.50 4.09
3.00 4.00
3.00 4.53
3.00 3.92
3.00 3.87
3.00 4.55
3.50 4.61
3.50 4.67
3.50 3.83
3.50 4.64
3.50 4.72
5.00 2.54
5.00 5.00
5.00 5.00
5.00 5.00
5.00 5.00
5.00 3.11
5.00 5.00
5.00 5.00
5.00 5.00
5.00 5.00
5.00 1.92
5.00 3.88
5.00 4.68
5.00 4.14
5.00 5.00
0.00 1.24
0.00 1.34
0.00 1.24
0.00 1.34
0.00 1.14
4.00 4.80
4.00 4.84
4.00 4.77
4.00 4.82
4.00 4.75
4.50 4.87
4.50 4.91
4.50 4.88
4.50 4.90
4.50 4.92
0.50 2.04
0.50 1.85
0.50 2.01
0.50 2.04
0.50 1.72
0.50 1.43
0.50 1.43
0.50 1.89
0.50 1.70
0.50 1.57
0.50 2.01
0.50 2.18
0.50 1.70
0.50 2.37
0.50 1.57
0.50 1.89
0.50 1.72
0.50 2.37
1.00 2.97
1.00 3.55
1.00 3.55
1.00 2.77
1.00 3.04
1.00 2.20
1.00 2.57
1.00 2.20
1.00 2.97
1.00 2.38
1.00 2.38
1.00 3.28
1.00 3.04
1.00 2.56
1.00 2.56
1.00 2.77
1.00 3.28
1.00 2.80
1.50 3.66
1.50 3.93
1.50 3.88
1.50 3.84
1.50 4.52
1.50 4.16
1.50 4.37
1.50 3.18
1.50 3.66
1.50 3.18
1.50 4.16
1.50 4.45
1.50 4.37
1.50 3.41
1.50 4.52
1.50 4.45
1.50 3.88
1.50 3.41
2.00 4.12
2.00 3.77
2.00 4.16
2.00 3.80
2.00 4.26
2.00 4.26
2.00 4.16
2.00 3.80
2.00 3.71
2.00 4.21
2.00 4.12
2.00 3.74
2.00 3.74
2.00 4.21
2.00 4.31
2.00 3.84
2.00 3.84
2.00 3.77
2.50 3.63
2.50 4.01
2.50 3.67
2.50 3.65
2.50 4.09
2.50 4.03
2.50 3.69
2.50 4.06
2.50 4.01
2.50 3.98
2.50 3.61
2.50 4.06
2.50 3.98
2.50 3.69
2.50 3.63
2.50 3.65
2.50 3.61
2.50 3.67
3.00 3.96
3.00 3.92
3.00 3.57
3.00 3.54
3.00 3.94
3.00 3.92
3.00 3.89
3.00 3.94
3.00 3.58
3.00 3.55
3.00 3.60
3.00 3.96
3.00 3.57
3.00 3.54
3.00 3.91
3.00 3.60
3.00 3.58
3.00 3.55
3.50 3.84
3.50 3.82
3.50 3.53
3.50 3.48
3.50 3.53
3.50 3.80
3.50 3.86
3.50 3.80
3.50 3.86
3.50 3.46
3.50 3.84
3.50 3.87
3.50 3.50
3.50 3.48
3.50 3.50
3.50 3.51
3.50 3.46
3.50 3.51
4.00 3.75
4.00 3.40
4.00 3.73
4.00 3.38
4.00 3.73
4.00 3.41
4.00 3.77
4.00 3.70
4.00 3.38
4.00 3.43
4.00 3.70
4.00 3.43
4.00 3.79
4.00 3.45
4.00 3.75
4.00 3.45
4.00 3.41
4.00 3.79
4.50 3.66
4.50 3.68
4.50 3.63
4.50 3.29
4.50 3.35
4.50 3.31
4.50 3.61
4.50 3.58
4.50 3.58
4.50 3.33
4.50 3.27
4.50 3.31
4.50 3.33
4.50 3.68
4.50 3.35
4.50 3.66
4.50 3.61
4.50 3.63
5.00 2.41
5.00 3.07
5.00 5.00
5.00 1.40
5.00 5.00
5.00 2.93
5.00 3.21
5.00 2.91
5.00 5.00
5.00 5.00
5.00 5.00
5.00 3.43
5.00 5.00
5.00 4.42
5.00 1.40
5.00 5.00
5.00 5.00
5.00 5.00
5.00 3.20
5.00 5.00
5.00 5.00
5.00 2.92
5.00 3.03
5.00 3.93
5.00 2.91
5.00 2.96
5.00 2.96
5.00 1.40
5.00 1.40
5.00 5.00
5.00 1.40
5.00 4.48
5.00 1.40
5.00 1.40
5.00 5.00
5.00 5.00
5.00 3.26
5.00 1.40
5.00 5.00
5.00 2.96
5.00 2.91
5.00 4.21
5.00 5.00
5.00 2.54
5.00 5.00
5.00 2.96
5.00 3.19
5.00 2.94
5.00 5.00
5.00 3.34
5.00 3.18
5.00 3.34
5.00 5.00
5.00 3.88
0.00 1.30
0.00 1.43
0.00 1.43
0.00 0.97
0.00 1.12
0.00 1.21
0.00 1.21
0.00 0.88
0.00 1.17
0.00 1.31
0.00 1.17
0.00 0.88
0.00 1.07
0.00 1.57
0.00 1.57
0.00 1.12
0.00 1.31
0.00 1.30
0.50 1.51
0.50 5.00
0.50 1.85
0.50 1.95
0.50 1.28
0.50 0.52
0.50 0.63
0.50 1.65
0.50 1.79
0.50 1.66
0.50 1.37
0.50 1.65
0.50 1.51
0.50 1.38
0.50 1.38
0.50 1.37
0.50 1.85
0.50 1.47
0.50 1.65
0.50 5.00
0.50 5.00
0.50 0.63
0.50 1.47
0.50 1.57
0.50 0.42
0.50 1.95
0.50 0.42
1.00 1.85
1.00 3.05
1.00 1.76
1.00 1.16
1.00 2.61
1.00 2.14
1.00 2.14
1.00 1.95
1.00 2.04
1.00 2.32
1.00 1.05
1.00 1.16
1.00 2.09
1.00 4.37
1.00 2.42
1.00 1.85
1.00 5.00
1.00 0.84
1.00 2.25
1.00 5.00
1.00 3.61
1.00 1.76
1.00 2.04
1.00 0.73
1.00 0.84
1.00 0.84
1.00 4.37
3.00 5.00
3.00 3.94
3.00 3.94
3.00 4.79
3.00 5.00
3.00 4.00
3.00 5.00
3.00 3.92
3.00 3.96
3.00 4.81
3.00 3.88
3.00 3.89
3.00 5.00
3.00 5.00
3.00 4.07
3.00 4.89
3.00 5.00
3.00 4.85
3.00 5.00
3.00 5.00
3.00 3.96
3.00 5.00
3.00 4.94
3.00 5.00
3.00 4.13
3.00 3.90
3.00 3.95
3.50 5.00
3.50 5.00
3.50 4.76
3.50 3.67
3.50 3.98
3.50 3.84
3.50 5.00
3.50 5.00
3.50 4.05
3.50 3.75
3.50 4.07
3.50 5.00
3.50 5.00
3.50 5.00
3.50 4.05
3.50 4.07
3.50 4.76
3.50 4.03
3.50 4.76
3.50 5.00
3.50 4.03
3.50 4.76
3.50 4.00
3.50 4.00
3.50 5.00
3.50 5.00
3.50 3.80
4.00 5.00
4.00 5.00
4.00 4.13
4.00 4.11
4.00 5.00
4.00 3.54
4.00 4.13
4.00 4.09
4.00 3.57
4.00 4.17
4.00 4.09
4.00 4.11
4.00 3.60
4.00 3.50
4.00 4.78
4.00 4.81
4.00 4.89
4.00 4.71
4.00 4.79
4.00 4.80
4.00 3.64
4.00 4.94
4.00 5.00
4.00 4.15
4.00 4.85
4.00 4.17
4.00 5.00
4.50 3.44
4.50 4.21
4.50 4.79
4.50 5.00
4.50 4.26
4.50 4.76
4.50 4.24
4.50 4.77
4.50 4.76
4.50 2.96
4.50 4.76
4.50 4.19
4.50 4.23
4.50 3.47
4.50 3.35
4.50 1.43
4.50 2.09
4.50 3.38
4.50 4.23
4.50 5.00
4.50 4.21
4.50 3.41
4.50 1.67
4.50 5.00
4.50 4.26
4.50 4.19
4.50 4.24
5.00 2.74
5.00 2.75
5.00 5.00
5.00 5.00
5.00 2.55
5.00 3.62
5.00 2.75
5.00 2.68
5.00 2.52
5.00 2.60
5.00 2.29
5.00 1.09
5.00 2.77
5.00 2.94
5.00 2.38
5.00 3.89
5.00 2.75
5.00 2.58
5.00 2.70
5.00 2.23
5.00 2.68
5.00 1.09
5.00 1.28
5.00 1.79
5.00 2.52
5.00 2.67
5.00 1.66
5.00 2.51
5.00 2.16
5.00 2.14
5.00 5.00
5.00 2.30
5.00 2.13
5.00 2.14
5.00 2.60
5.00 0.71
5.00 2.67
5.00 3.97
5.00 2.47
5.00 1.01
5.00 0.80
5.00 2.45
5.00 2.51
5.00 2.56
5.00 2.43
5.00 2.32
5.00 1.35
5.00 2.51
5.00 5.00
5.00 2.68
5.00 5.00
5.00 2.44
5.00 2.75
5.00 3.32
5.00 0.89
5.00 4.19
5.00 2.16
5.00 2.03
5.00 2.31
5.00 2.83
5.00 2.30
5.00 5.00
5.00 2.68
5.00 3.72
5.00 2.06
5.00 3.18
5.00 2.51
5.00 2.82
5.00 1.91
5.00 2.48
5.00 2.61
5.00 2.57
5.00 2.38
5.00 3.22
5.00 4.24
5.00 4.10
5.00 2.76
5.00 2.56
5.00 1.41
5.00 1.43
5.00 2.72
0.00 0.12
0.00 1.25
0.00 0.82
0.00 1.16
0.00 1.25
0.00 0.24
0.00 1.26
0.00 0.82
0.00 0.04
0.00 1.05
0.00 1.16
0.00 1.03
0.00 1.05
0.00 0.24
0.00 0.92
0.00 0.84
0.00 0.04
0.00 0.12
0.00 1.16
0.00 1.14
0.00 0.94
0.00 1.27
0.00 5.00
0.00 0.24
0.00 0.30
0.00 5.00
0.00 5.00
1.50 5.00
1.50 2.96
1.50 5.00
1.50 1.47
1.50 5.00
1.50 2.33
1.50 3.16
1.50 2.28
1.50 3.37
1.50 5.00
1.50 1.85
1.50 2.23
1.50 2.42
1.50 5.00
1.50 1.47
1.50 1.26
1.50 2.52
1.50 1.37
1.50 1.65
1.50 1.26
1.50 2.31
1.50 1.65
1.50 5.00
1.50 5.00
1.50 1.37
1.50 5.00
1.50 5.00
2.00 3.05
2.00 3.81
2.00 4.16
2.00 4.67
2.00 2.07
2.00 5.00
2.00 3.61
2.00 2.52
2.00 4.84
2.00 2.32
2.00 3.18
2.00 5.00
2.00 2.07
2.00 5.00
2.00 5.00
2.00 2.47
2.00 5.00
2.00 2.32
2.00 4.67
2.00 5.00
2.00 2.61
2.00 3.82
2.00 3.05
2.00 5.00
2.00 2.32
2.00 3.81
2.00 3.61
2.50 5.00
2.50 3.87
2.50 3.82
2.50 4.20
2.50 5.00
2.50 4.46
2.50 4.28
2.50 5.00
2.50 3.83
2.50 3.85
2.50 5.00
2.50 5.00
2.50 4.37
2.50 4.37
2.50 5.00
2.50 4.37
2.50 4.37
2.50 5.00
2.50 5.00
2.50 5.00
2.50 5.00
2.50 4.57
2.50 5.00
2.50 5.00
2.50 5.00
2.50 5.00
2.50 5.00
0.50 1.97
0.50 1.98
0.50 2.37
0.50 1.78
0.50 1.85
0.50 1.49
0.50 1.73
0.50 1.61
0.50 2.60
0.50 2.16
0.50 1.85
0.50 2.16
0.50 1.49
0.50 1.78
0.50 1.61
0.50 2.60
0.50 1.97
0.50 1.98
0.50 1.73
0.50 2.37
1.00 2.85
1.00 2.13
1.00 3.72
1.00 3.13
1.00 2.47
1.00 2.66
1.00 2.47
1.00 3.41
1.00 2.30
1.00 3.13
1.00 2.85
1.00 2.87
1.00 2.87
1.00 3.72
1.00 4.07
1.00 2.66
1.00 4.07
1.00 2.30
1.00 3.41
1.00 2.13
1.50 4.69
1.50 3.51
1.50 3.28
1.50 4.80
1.50 4.59
1.50 4.47
1.50 4.59
1.50 4.92
1.50 3.51
1.50 3.77
1.50 4.80
1.50 3.07
1.50 4.47
1.50 4.04
1.50 3.28
1.50 3.07
1.50 4.92
1.50 4.04
1.50 3.77
1.50 4.69
2.00 4.37
2.00 4.43
2.00 3.87
2.00 4.51
2.00 4.51
2.00 3.91
2.00 3.84
2.00 3.87
2.00 3.99
2.00 4.37
2.00 4.31
2.00 3.91
2.00 4.26
2.00 4.26
2.00 4.43
2.00 3.84
2.00 3.95
2.00 4.31
2.00 3.95
2.00 3.99
2.50 3.78
2.50 4.16
2.50 3.73
2.50 3.78
2.50 3.71
2.50 3.76
2.50 4.19
2.50 3.81
2.50 3.95
2.50 3.95
2.50 3.73
2.50 3.76
2.50 3.97
2.50 4.22
2.50 3.97
2.50 4.16
2.50 3.71
2.50 4.22
2.50 4.19
2.50 3.81
3.00 3.68
3.00 3.60
3.00 3.68
3.00 4.12
3.00 4.11
3.00 4.11
3.00 4.13
3.00 3.60
3.00 4.15
3.00 4.12
3.00 4.13
3.00 3.66
3.00 3.62
3.00 3.64
3.00 4.12
3.00 3.62
3.00 4.15
3.00 4.12
3.00 3.64
3.00 3.66
3.50 3.49
3.50 4.17
3.50 4.25
3.50 3.51
3.50 3.55
3.50 3.55
3.50 4.22
3.50 4.15
3.50 4.15
3.50 3.53
3.50 3.53
3.50 4.25
3.50 3.49
3.50 3.58
3.50 4.19
3.50 3.58
3.50 4.19
3.50 3.51
3.50 4.22
3.50 4.17
4.00 4.35
4.00 3.41
4.00 3.39
4.00 4.31
4.00 4.31
4.00 4.44
4.00 3.36
4.00 3.44
4.00 4.44
4.00 4.39
4.00 4.39
4.00 3.36
4.00 3.46
4.00 3.46
4.00 4.35
4.00 3.39
4.00 4.28
4.00 4.28
4.00 3.41
4.00 3.44
4.50 4.69
4.50 3.32
4.50 4.69
4.50 4.48
4.50 3.27
4.50 4.58
4.50 3.29
4.50 4.58
4.50 4.64
4.50 3.27
4.50 4.48
4.50 3.24
4.50 4.53
4.50 3.32
4.50 3.29
4.50 3.34
4.50 3.34
4.50 3.24
4.50 4.64
4.50 4.53
5.00 2.02
5.00 1.91
5.00 5.00
5.00 5.00
5.00 5.00
5.00 2.96
5.00 2.60
5.00 2.99
5.00 3.55
5.00 2.21
5.00 2.99
5.00 1.90
5.00 5.00
5.00 2.00
5.00 3.60
5.00 2.08
5.00 4.75
5.00 2.38
5.00 2.42
5.00 5.00
5.00 5.00
5.00 4.06
5.00 5.00
5.00 1.97
5.00 5.00
5.00 3.10
5.00 3.18
5.00 2.93
5.00 3.07
5.00 5.00
5.00 1.91
5.00 3.48
5.00 2.07
5.00 2.58
5.00 3.73
5.00 5.00
5.00 5.00
5.00 3.62
5.00 5.00
5.00 5.00
5.00 5.00
5.00 5.00
5.00 2.12
5.00 5.00
5.00 2.04
5.00 2.05
5.00 2.12
5.00 5.00
5.00 1.92
5.00 3.12
5.00 2.02
5.00 5.00
5.00 5.00
5.00 4.51
5.00 5.00
5.00 2.14
5.00 2.13
5.00 3.14
5.00 3.17
5.00 3.73
0.00 1.60
0.00 1.60
0.00 1.20
0.00 1.11
0.00 1.38
0.00 1.11
0.00 1.02
0.00 1.01
0.00 1.15
0.00 1.29
0.00 1.01
0.00 1.02
0.00 1.20
0.00 1.44
0.00 1.29
0.00 1.15
0.00 1.38
0.00 1.44
0.00 1.29
0.00 1.29
0.50 1.56
0.50 1.56
0.50 1.77
0.50 1.46
0.50 1.46
0.50 1.88
0.50 1.88
0.50 1.77
0.50 1.66
0.50 1.66
1.00 1.99
1.00 2.22
1.00 2.11
1.00 2.39
1.00 2.56
1.00 2.56
1.00 1.99
1.00 2.11
1.00 2.22
1.00 2.39
1.50 3.62
1.50 2.75
1.50 3.17
1.50 2.95
1.50 3.62
1.50 2.95
1.50 3.39
1.50 3.39
1.50 2.75
1.50 3.17
2.00 4.44
2.00 4.14
2.00 3.87
2.00 4.43
2.00 3.87
2.00 4.43
2.00 4.14
2.00 4.43
2.00 4.43
2.00 4.44
2.50 4.47
2.50 4.45
2.50 4.51
2.50 4.47
2.50 4.49
2.50 4.49
2.50 4.46
2.50 4.45
2.50 4.46
2.50 4.51
3.00 4.61
3.00 4.58
3.00 4.58
3.00 4.53
3.00 4.61
3.00 4.56
3.00 4.53
3.00 4.64
3.00 4.56
3.00 4.64
3.50 4.75
3.50 4.69
3.50 4.78
3.50 4.66
3.50 4.69
3.50 4.75
3.50 4.78
3.50 4.66
3.50 4.72
3.50 4.72
4.00 4.86
4.00 4.89
4.00 4.89
4.00 4.81
4.00 4.86
4.00 4.91
4.00 4.81
4.00 4.91
4.00 4.84
4.00 4.84
4.50 4.95
4.50 4.93
4.50 4.95
4.50 4.97
4.50 4.99
4.50 4.93
4.50 5.00
4.50 4.99
4.50 5.00
4.50 4.97
5.00 5.00
5.00 5.00
5.00 5.00
5.00 5.00
5.00 2.64
5.00 5.00
5.00 4.05
5.00 2.65
5.00 4.18
5.00 5.00
5.00 5.00
5.00 5.00
5.00 5.00
5.00 5.00
5.00 2.78
5.00 2.89
5.00 5.00
5.00 2.73
5.00 5.00
5.00 4.95
5.00 5.00
5.00 5.00
5.00 5.00
5.00 5.00
5.00 5.00
5.00 3.10
5.00 5.00
5.00 5.00
5.00 5.00
5.00 2.63
0.00 1.27
0.00 1.17
0.00 1.27
0.00 1.36
0.00 1.22
0.00 1.17
0.00 1.22
0.00 1.17
0.00 1.17
0.00 1.36
0.50 1.42
0.50 1.84
0.50 1.23
0.50 1.54
0.50 2.46
0.50 1.23
0.50 2.04
0.50 1.32
0.50 2.24
0.50 1.84
1.00 3.92
1.00 3.28
1.00 1.79
1.00 1.93
1.00 1.79
1.00 2.97
1.00 2.07
1.00 2.97
1.00 3.58
1.00 3.28
1.50 5.00
1.50 3.27
1.50 2.89
1.50 5.00
1.50 3.08
1.50 5.00
1.50 3.08
1.50 2.53
1.50 4.98
1.50 3.27
2.00 4.76
2.00 3.47
2.00 4.52
2.00 3.47
2.00 3.89
2.00 3.69
2.00 4.59
2.00 4.67
2.00 3.89
2.00 3.87
2.50 3.79
2.50 3.83
2.50 3.85
2.50 3.81
2.50 3.85
2.50 3.81
2.50 4.32
2.50 3.77
2.50 3.79
2.50 4.39
3.00 3.75
3.00 4.27
3.00 4.32
3.00 4.29
3.00 4.28
3.00 3.71
3.00 3.72
3.00 4.31
3.00 3.75
3.00 3.72
5.00 2.09
5.00 2.10
5.00 2.89
5.00 4.16
5.00 2.67
5.00 2.17
5.00 3.08
5.00 5.00
5.00 4.16
5.00 1.81
5.00 2.40
5.00 1.51
5.00 5.00
5.00 4.79
5.00 4.41
5.00 3.07
5.00 5.00
5.00 2.79
5.00 2.43
5.00 5.00
5.00 5.00
5.00 1.78
5.00 2.13
5.00 3.08
5.00 3.67
5.00 2.36
5.00 2.92
5.00 1.56
5.00 2.79
5.00 0.66
0.00 1.49
0.00 1.34
0.00 0.94
0.00 0.99
0.00 1.49
0.00 1.66
0.00 1.34
0.00 1.04
0.00 1.04
0.00 0.94
3.50 4.27
3.50 4.30
3.50 3.66
3.50 3.69
3.50 4.27
3.50 3.68
3.50 3.67
3.50 3.68
3.50 4.28
3.50 4.32
4.00 3.64
4.00 3.62
4.00 3.63
4.00 4.38
4.00 4.54
4.00 4.34
4.00 4.48
4.00 3.62
4.00 4.43
4.00 3.65
4.50 3.57
4.50 3.56
4.50 3.61
4.50 4.76
4.50 4.59
4.50 3.59
4.50 4.70
4.50 4.65
4.50 3.60
4.50 4.82
0.50 1.75
0.50 2.01
0.50 1.75
0.50 1.71
0.50 2.08
0.50 1.91
0.50 2.26
0.50 1.57
0.50 1.85
0.50 2.47
1.00 3.81
1.00 2.92
1.00 3.81
1.00 2.95
1.00 2.92
1.00 3.22
1.00 2.71
1.00 2.95
1.00 2.52
1.00 2.70
1.50 3.82
1.50 4.54
1.50 4.90
1.50 4.09
1.50 3.12
1.50 4.09
1.50 3.57
1.50 4.15
1.50 3.34
1.50 4.54
2.00 4.02
2.00 3.93
2.00 4.74
2.00 3.99
2.00 3.95
2.00 4.60
2.00 4.05
2.00 4.53
2.00 3.95
2.00 4.60
2.50 3.85
2.50 3.80
2.50 3.82
2.50 4.59
2.50 4.59
2.50 3.80
2.50 4.59
2.50 3.87
2.50 3.82
2.50 3.90
3.00 3.77
3.00 3.77
3.00 3.74
3.00 4.61
3.00 4.65
3.00 4.62
3.00 4.65
3.00 3.68
3.00 3.71
3.00 4.70
5.00 1.79
5.00 3.44
5.00 5.00
5.00 5.00
5.00 3.99
5.00 2.17
5.00 3.47
5.00 5.00
5.00 5.00
5.00 5.00
5.00 1.92
5.00 3.41
5.00 3.34
5.00 5.00
5.00 3.78
5.00 5.00
5.00 5.00
5.00 5.00
5.00 3.96
5.00 3.18
5.00 1.96
5.00 3.68
5.00 5.00
5.00 5.00
5.00 2.01
5.00 4.08
5.00 4.23
5.00 5.00
5.00 5.00
5.00 5.00
0.00 1.31
0.00 1.33
0.00 1.23
0.00 1.13
0.00 0.92
0.00 1.21
0.00 1.23
0.00 1.01
0.00 1.60
0.00 1.11
3.50 3.60
3.50 3.64
3.50 4.77
3.50 4.73
3.50 4.86
3.50 3.63
3.50 4.91
3.50 4.81
3.50 3.66
3.50 3.62
4.00 3.59
4.00 3.58
4.00 3.54
4.00 5.00
4.00 5.00
4.00 3.56
4.00 5.00
4.00 3.55
4.00 5.00
4.00 5.00
4.50 3.48
4.50 5.00
4.50 5.00
4.50 3.49
4.50 5.00
4.50 3.52
4.50 3.52
4.50 3.50
4.50 5.00
4.50 5.00
0.50 1.70
0.50 1.70
0.50 1.96
0.50 0.97
0.50 1.58
0.50 1.30
0.50 1.03
0.50 1.03
0.50 0.97
0.50 1.58
0.50 0.97
0.50 1.83
0.50 2.09
0.50 1.30
0.50 1.96
0.50 1.83
0.50 0.98
0.50 0.98
0.50 0.97
1.00 1.10
1.00 2.26
1.00 2.86
1.00 2.86
1.00 2.45
1.00 1.30
1.00 1.17
1.00 1.23
1.00 2.64
1.00 2.26
1.00 1.39
1.00 3.09
1.00 1.17
1.00 1.23
1.00 1.30
1.00 1.10
1.00 1.39
1.00 2.64
1.00 2.45
1.50 3.32
1.50 3.84
1.50 1.57
1.50 1.77
1.50 3.32
1.50 1.77
1.50 1.57
1.50 4.14
1.50 4.47
1.50 1.67
1.50 3.84
1.50 4.47
1.50 1.87
1.50 1.48
1.50 1.67
1.50 1.87
1.50 1.48
1.50 4.14
1.50 3.57
2.00 4.39
2.00 4.40
2.00 2.08
2.00 2.08
2.00 1.97
2.00 2.19
2.00 2.41
2.00 4.44
2.00 2.41
2.00 4.39
2.00 4.40
2.00 2.30
2.00 4.42
2.00 4.44
2.00 4.39
2.00 4.42
2.00 2.30
2.00 2.19
2.00 1.97
2.50 2.85
2.50 4.39
2.50 2.64
2.50 2.52
2.50 4.41
2.50 2.76
2.50 4.39
2.50 4.39
2.50 4.40
2.50 2.52
2.50 2.88
2.50 2.64
2.50 4.41
2.50 4.40
2.50 2.88
2.50 4.39
2.50 2.76
2.50 2.85
2.50 4.39
3.00 4.49
3.00 4.45
3.00 2.82
3.00 4.44
3.00 2.79
3.00 4.47
3.00 2.74
3.00 4.47
3.00 2.79
3.00 2.72
3.00 2.74
3.00 4.49
3.00 4.42
3.00 4.44
3.00 2.77
3.00 2.72
3.00 2.82
3.00 2.77
3.00 4.42
3.50 2.70
3.50 2.66
3.50 4.53
3.50 4.58
3.50 2.64
3.50 4.58
3.50 2.68
3.50 2.70
3.50 4.51
3.50 2.62
3.50 2.66
3.50 4.55
3.50 4.51
3.50 4.53
3.50 2.62
3.50 4.57
3.50 4.55
3.50 4.57
3.50 2.64
4.00 2.57
4.00 2.60
4.00 4.65
4.00 2.53
4.00 2.58
4.00 4.62
4.00 2.53
4.00 4.66
4.00 2.58
4.00 2.55
4.00 4.62
4.00 4.60
4.00 4.60
4.00 4.65
4.00 4.63
4.00 2.57
4.00 2.60
4.00 4.63
4.00 4.66
4.50 4.69
4.50 2.48
4.50 4.68
4.50 2.47
4.50 4.68
4.50 2.51
4.50 2.51
4.50 2.48
4.50 2.49
4.50 4.68
4.50 4.69
4.50 4.67
4.50 2.49
4.50 2.52
4.50 4.68
4.50 4.69
4.50 2.52
4.50 4.69
4.50 4.67
5.00 3.47
5.00 4.28
5.00 3.31
5.00 5.00
5.00 3.37
5.00 5.00
5.00 3.75
5.00 2.49
5.00 3.85
5.00 2.74
5.00 3.83
5.00 3.82
5.00 5.00
5.00 4.35
5.00 3.28
5.00 2.48
5.00 3.42
5.00 5.00
5.00 2.70
5.00 5.00
5.00 2.52
5.00 3.52
5.00 2.63
5.00 2.47
5.00 5.00
5.00 5.00
5.00 3.30
5.00 3.85
5.00 3.27
5.00 3.74
5.00 5.00
5.00 3.29
5.00 4.44
5.00 5.00
5.00 5.00
5.00 3.58
5.00 3.70
5.00 2.89
5.00 5.00
5.00 5.00
5.00 2.56
5.00 3.84
5.00 4.65
5.00 5.00
5.00 2.55
5.00 4.19
5.00 5.00
5.00 3.59
5.00 5.00
5.00 5.00
5.00 5.00
5.00 5.00
5.00 4.60
5.00 3.84
5.00 5.00
5.00 3.60
5.00 2.68
0.00 1.37
0.00 1.61
0.00 1.46
0.00 1.27
0.00 1.46
0.00 1.37
0.00 1.61
0.00 1.91
0.00 1.42
0.00 2.46
0.00 1.42
0.00 1.91
0.00 2.46
0.00 1.07
0.00 3.60
0.00 1.27
0.00 1.07
0.00 1.17
0.00 3.60
0.50 2.04
0.50 1.62
0.50 1.59
0.50 1.29
0.50 2.13
0.50 1.33
0.50 1.43
0.50 1.69
0.50 1.62
0.50 1.39
0.50 1.43
0.50 1.95
0.50 1.29
0.50 2.30
0.50 2.10
0.50 2.13
0.50 2.56
0.50 1.92
0.50 1.59
0.50 1.83
0.50 1.33
0.50 1.49
0.50 1.52
0.50 2.77
0.50 1.71
0.50 1.95
0.50 1.76
1.00 3.98
1.00 2.14
1.00 4.40
1.00 2.16
1.00 3.08
1.00 2.24
1.00 2.14
1.00 1.79
1.00 3.08
1.00 1.82
1.00 3.65
1.00 2.13
1.00 2.80
1.00 2.34
1.00 3.98
1.00 3.35
1.00 1.82
1.00 3.35
1.00 2.03
1.00 2.10
1.00 3.36
1.00 1.91
1.00 1.92
1.00 2.03
1.00 2.02
1.00 3.04
1.00 1.79
1.50 2.50
1.50 4.36
1.50 4.36
1.50 2.45
1.50 2.75
1.50 2.75
1.50 3.15
1.50 4.48
1.50 2.94
1.50 5.00
1.50 4.48
1.50 4.79
1.50 2.40
1.50 4.86
1.50 2.53
1.50 2.91
1.50 2.57
1.50 2.37
1.50 4.67
1.50 5.00
1.50 5.00
1.50 2.41
1.50 2.40
1.50 5.00
1.50 3.11
1.50 2.72
1.50 2.94
2.00 4.34
2.00 4.33
2.00 4.02
2.00 4.06
2.00 4.66
2.00 3.35
2.00 3.32
2.00 4.71
2.00 4.77
2.00 4.84
2.00 2.65
2.00 4.28
2.00 4.18
2.00 4.28
2.00 4.34
2.00 3.57
2.00 3.57
2.00 4.41
2.00 2.74
2.00 3.54
2.00 2.21
2.00 4.29
2.00 4.23
2.00 3.81
2.00 2.26
2.00 3.35
2.00 4.06
2.50 4.15
2.50 4.34
2.50 2.11
2.50 2.85
2.50 4.08
2.50 4.33
2.50 4.09
2.50 4.34
2.50 4.09
2.50 4.60
2.50 4.08
2.50 2.17
2.50 4.54
2.50 4.12
2.50 4.33
2.50 4.59
2.50 4.66
2.50 4.12
2.50 4.06
2.50 4.33
2.50 4.33
2.50 4.35
2.50 2.84
2.50 2.86
2.50 4.69
2.50 4.58
2.50 4.33
3.00 2.07
3.00 4.37
3.00 4.54
3.00 2.99
3.00 2.88
3.00 4.05
3.00 4.58
3.00 4.05
3.00 4.56
3.00 2.04
3.00 4.77
3.00 4.39
3.00 2.96
3.00 4.06
3.00 2.92
3.00 4.05
3.00 4.38
3.00 4.41
3.00 4.36
3.00 2.10
3.00 4.81
3.00 4.37
3.00 4.90
3.00 2.05
3.00 4.38
3.00 4.55
3.00 4.41
3.50 4.08
3.50 2.00
3.50 4.13
3.50 2.01
3.50 4.13
3.50 4.10
3.50 4.43
3.50 4.10
3.50 1.99
3.50 4.47
3.50 4.68
3.50 4.44
3.50 4.11
3.50 2.86
3.50 4.07
3.50 4.60
3.50 4.11
3.50 4.08
3.50 4.43
3.50 4.62
3.50 4.44
3.50 5.00
3.50 5.00
3.50 5.00
3.50 5.00
3.50 4.42
3.50 2.01
4.00 4.14
4.00 4.48
4.00 5.00
4.00 4.18
4.00 5.00
4.00 4.84
4.00 4.49
4.00 5.00
4.00 4.50
4.00 4.72
4.00 4.49
4.00 1.98
4.00 4.80
4.00 4.48
4.00 1.97
4.00 4.21
4.00 4.49
4.00 5.00
4.00 4.14
4.00 4.25
4.00 4.29
4.00 4.89
4.00 4.48
4.00 4.48
4.00 4.49
4.00 1.98
4.00 1.98
5.00 4.12
5.00 5.00
5.00 5.00
5.00 2.77
5.00 5.00
5.00 5.00
5.00 5.00
5.00 3.50
5.00 5.00
5.00 3.81
5.00 5.00
5.00 4.35
5.00 4.05
5.00 5.00
5.00 5.00
5.00 5.00
5.00 5.00
5.00 5.00
5.00 5.00
5.00 3.73
5.00 3.80
5.00 3.44
5.00 2.10
5.00 5.00
5.00 5.00
5.00 2.51
5.00 4.58
5.00 3.85
5.00 2.71
5.00 5.00
5.00 5.00
5.00 2.07
5.00 5.00
5.00 5.00
5.00 5.00
5.00 5.00
5.00 5.00
5.00 2.45
5.00 2.71
5.00 4.02
5.00 4.06
5.00 5.00
5.00 5.00
5.00 3.63
5.00 5.00
5.00 2.51
5.00 5.00
5.00 5.00
5.00 2.36
5.00 5.00
5.00 2.52
5.00 4.93
5.00 5.00
5.00 1.73
5.00 5.00
5.00 5.00
5.00 5.00
5.00 2.59
5.00 3.25
5.00 3.21
5.00 2.17
5.00 5.00
5.00 5.00
5.00 4.89
5.00 4.73
5.00 5.00
5.00 5.00
5.00 5.00
5.00 3.70
5.00 5.00
5.00 5.00
5.00 5.00
5.00 5.00
5.00 1.77
5.00 2.48
5.00 3.96
5.00 5.00
5.00 3.73
5.00 5.00
5.00 4.47
5.00 5.00
0.00 1.42
0.00 2.35
0.00 1.86
0.00 1.30
0.00 1.92
0.00 0.99
0.00 1.30
0.00 1.57
0.00 1.24
0.00 1.59
0.00 1.11
0.00 1.24
0.00 1.92
0.00 1.27
0.00 2.35
0.00 1.54
0.00 1.24
0.00 0.99
0.00 1.86
0.00 1.29
0.00 1.11
0.00 1.34
0.00 1.57
0.00 1.42
0.00 1.34
0.00 1.59
0.00 1.38
4.50 4.33
4.50 4.83
4.50 4.53
4.50 4.48
4.50 4.47
4.50 1.98
4.50 5.00
4.50 4.99
4.50 5.00
4.50 5.00
4.50 4.49
4.50 4.49
4.50 4.48
4.50 5.00
4.50 4.49
4.50 5.00
4.50 1.98
4.50 4.48
4.50 5.00
4.50 4.47
4.50 5.00
4.50 4.49
4.50 4.50
4.50 4.38
4.50 5.00
4.50 4.43
4.50 4.50
0.50 1.89
0.50 2.28
0.50 2.09
0.50 2.49
0.50 1.89
1.00 2.99
1.00 3.57
1.00 3.28
1.00 4.25
1.00 3.57
1.50 4.66
1.50 5.00
1.50 5.00
1.50 4.87
1.50 5.00
5.00 5.00
5.00 2.37
5.00 2.22
5.00 5.00
5.00 2.99
5.00 5.00
5.00 2.40
5.00 2.32
5.00 4.99
5.00 2.26
5.00 2.49
5.00 2.30
5.00 4.34
5.00 2.49
5.00 2.30
0.00 1.71
0.00 1.54
0.00 1.39
0.00 1.39
0.00 1.71
2.00 4.68
2.00 4.71
2.00 4.65
2.00 4.76
2.00 4.81
2.50 4.62
2.50 4.61
2.50 4.63
2.50 4.61
2.50 4.62
3.00 4.71
3.00 4.63
3.00 4.69
3.00 4.64
3.00 4.66
3.50 4.74
3.50 4.89
3.50 4.85
3.50 4.81
3.50 4.77
4.00 5.00
4.00 5.00
4.00 4.94
4.00 5.00
4.00 4.99
4.50 5.00
4.50 5.00
4.50 5.00
4.50 5.00
4.50 5.00
0.50 1.81
0.50 2.63
0.50 2.20
0.50 2.01
0.50 2.20
1.00 3.77
1.00 2.89
1.00 4.12
1.00 2.43
1.00 3.45
1.50 4.69
1.50 4.52
1.50 2.53
1.50 2.51
1.50 2.53
2.00 4.56
2.00 4.62
2.00 2.47
2.00 4.44
2.00 4.51
2.50 4.17
2.50 4.40
2.50 4.42
2.50 4.40
2.50 2.45
3.00 2.50
3.00 4.43
3.00 2.57
3.00 2.54
3.00 2.48
3.50 4.62
3.50 4.76
3.50 2.64
3.50 4.69
3.50 2.73
5.00 5.00
5.00 3.33
5.00 5.00
5.00 3.40
5.00 5.00
5.00 5.00
5.00 2.80
5.00 5.00
5.00 5.00
5.00 4.89
5.00 2.63
5.00 5.00
5.00 2.17
5.00 5.00
5.00 2.58
0.00 1.47
0.00 1.18
0.00 1.47
0.00 1.64
0.00 1.05
4.00 5.00
4.00 5.00
4.00 4.98
4.00 5.00
4.00 5.00
4.50 5.00
4.50 5.00
4.50 5.00
4.50 5.00
4.50 5.00
0.50 1.86
0.50 1.41
0.50 1.22
0.50 1.43
0.50 1.43
0.50 1.41
0.50 1.86
0.50 1.31
0.50 1.71
0.50 1.51
0.50 1.71
0.50 1.31
0.50 1.12
0.50 1.57
1.00 1.98
1.00 2.17
1.00 1.60
1.00 2.33
1.00 2.50
1.00 2.50
1.00 2.68
1.00 2.68
1.00 2.11
1.00 1.73
1.00 1.60
1.00 2.11
1.00 2.17
1.00 2.02
1.50 2.25
1.50 3.07
1.50 3.75
1.50 2.73
1.50 2.56
1.50 2.73
1.50 3.51
1.50 2.25
1.50 2.40
1.50 2.56
1.50 3.07
1.50 3.28
1.50 2.40
1.50 2.88
2.00 4.07
2.00 3.09
2.00 3.28
2.00 3.48
2.00 3.69
2.00 3.91
2.00 4.11
2.00 4.11
2.00 3.48
2.00 3.09
2.00 4.03
2.00 3.28
2.00 4.00
2.00 4.09
2.50 4.23
2.50 4.21
2.50 4.25
2.50 4.17
2.50 4.19
2.50 4.25
2.50 4.17
2.50 4.14
2.50 4.21
2.50 4.21
2.50 4.21
2.50 4.19
2.50 4.15
2.50 4.15
3.00 4.28
3.00 4.38
3.00 4.54
3.00 4.54
3.00 4.28
3.00 4.34
3.00 4.37
3.00 4.34
3.00 4.49
3.00 4.37
3.00 4.26
3.00 4.31
3.00 4.33
3.00 4.43
3.50 4.50
3.50 4.50
3.50 4.42
3.50 4.53
3.50 4.61
3.50 4.47
3.50 4.81
3.50 4.39
3.50 4.74
3.50 4.47
3.50 4.45
3.50 4.63
3.50 4.61
3.50 4.43
4.00 4.55
4.00 4.52
4.00 4.57
4.00 4.24
4.00 4.14
4.00 5.00
4.00 5.00
4.00 3.85
4.00 4.52
4.00 5.00
4.00 4.97
4.00 3.95
4.00 4.54
4.00 4.05
4.50 4.58
4.50 4.58
4.50 5.00
4.50 3.75
4.50 3.45
4.50 4.63
4.50 4.58
4.50 3.55
4.50 5.00
4.50 3.65
4.50 4.60
4.50 4.65
4.50 4.58
4.50 3.36
5.00 4.77
5.00 2.74
5.00 4.63
5.00 5.00
5.00 5.00
5.00 2.70
5.00 4.59
5.00 5.00
5.00 2.99
5.00 5.00
5.00 5.00
5.00 2.79
5.00 1.86
5.00 5.00
5.00 4.33
5.00 5.00
5.00 5.00
5.00 4.65
5.00 5.00
5.00 3.33
5.00 5.00
5.00 5.00
5.00 5.00
5.00 5.00
5.00 2.57
5.00 4.69
5.00 5.00
5.00 5.00
5.00 5.00
5.00 2.00
5.00 5.00
5.00 1.83
5.00 2.88
5.00 3.09
5.00 5.00
5.00 5.00
5.00 5.00
5.00 5.00
5.00 5.00
5.00 2.81
5.00 5.00
5.00 5.00
0.00 0.88
0.00 1.40
0.00 0.88
0.00 1.20
0.00 1.12
0.00 0.78
0.00 0.98
0.00 1.09
0.00 1.61
0.00 1.12
0.00 1.27
0.00 1.27
0.00 0.98
0.00 1.61
0.50 1.60
0.50 1.26
0.50 1.48
0.50 1.17
0.50 1.36
1.00 2.02
1.00 2.17
1.00 2.32
1.00 1.73
1.00 1.87
1.50 3.03
1.50 2.66
1.50 2.84
1.50 3.23
1.50 2.48
2.00 3.45
2.00 3.68
2.00 3.92
2.00 3.99
2.00 3.96
2.50 4.03
2.50 4.12
2.50 4.16
2.50 4.07
2.50 4.21
3.00 4.32
3.00 4.26
3.00 4.43
3.00 4.37
3.00 4.26
3.50 4.71
3.50 4.77
3.50 4.66
3.50 4.56
3.50 4.61
4.00 5.00
4.00 4.90
4.00 5.00
4.00 5.00
4.00 5.00
4.50 5.00
4.50 5.00
4.50 5.00
4.50 5.00
4.50 5.00
5.00 5.00
5.00 1.74
5.00 4.96
5.00 4.95
5.00 5.00
5.00 2.71
5.00 5.00
5.00 2.84
5.00 5.00
5.00 5.00
5.00 3.64
5.00 1.96
5.00 5.00
5.00 4.93
5.00 5.00
0.00 1.08
0.00 0.90
0.00 0.99
0.00 0.90
0.00 0.90
0.50 1.52
0.50 1.54
0.50 1.67
0.50 1.24
0.50 1.81
0.50 1.44
0.50 1.52
0.50 1.39
0.50 1.24
0.50 1.81
0.50 1.97
0.50 1.39
0.50 1.66
0.50 1.54
0.50 1.34
0.50 1.97
0.50 1.44
1.00 1.93
1.00 2.29
1.00 2.46
1.00 1.80
1.00 2.07
1.00 1.93
1.00 2.22
1.00 2.13
1.00 2.85
1.00 2.38
1.00 2.38
1.00 2.65
1.00 2.85
1.00 2.65
1.00 2.13
1.00 2.07
1.00 1.80
1.50 3.72
1.50 2.54
1.50 3.98
1.50 2.54
1.50 3.04
1.50 2.90
1.50 3.25
1.50 3.10
1.50 2.72
1.50 3.30
1.50 3.98
1.50 3.10
1.50 3.30
1.50 3.04
1.50 2.72
1.50 3.48
1.50 3.48
2.00 3.94
2.00 3.51
2.00 3.95
2.00 4.25
2.00 3.97
2.00 3.94
2.00 3.96
2.00 3.73
2.00 3.94
2.00 3.97
2.00 3.73
2.00 3.95
2.00 3.94
2.00 3.51
2.00 4.22
2.00 4.22
2.00 3.94
2.50 4.42
2.50 4.30
2.50 4.38
2.50 3.95
2.50 3.96
2.50 3.94
2.50 4.34
2.50 4.34
2.50 3.95
2.50 4.27
2.50 4.27
2.50 3.94
2.50 3.94
2.50 3.96
2.50 3.95
2.50 4.38
2.50 4.30
3.00 4.51
3.00 3.98
3.00 3.99
3.00 4.61
3.00 4.00
3.00 3.97
3.00 4.56
3.00 4.61
3.00 4.46
3.00 3.98
3.00 3.98
3.00 4.46
3.00 4.51
3.00 4.00
3.00 4.67
3.00 3.97
3.00 3.98
3.50 4.78
3.50 4.01
3.50 4.84
3.50 4.91
3.50 4.03
3.50 4.72
3.50 4.02
3.50 4.98
3.50 4.01
3.50 4.02
3.50 4.01
3.50 4.02
3.50 4.98
3.50 4.01
3.50 4.78
3.50 4.72
3.50 4.91
4.00 4.02
4.00 4.02
4.00 5.00
4.00 4.00
4.00 5.00
4.00 4.02
4.00 5.00
4.00 5.00
4.00 5.00
4.00 5.00
4.00 5.00
4.00 5.00
4.00 5.00
4.00 5.00
4.00 4.01
4.00 4.01
4.00 4.03
4.50 5.00
4.50 3.94
4.50 5.00
4.50 3.94
4.50 5.00
4.50 3.94
4.50 5.00
4.50 5.00
4.50 5.00
4.50 3.98
4.50 3.97
4.50 5.00
4.50 3.97
4.50 5.00
4.50 5.00
4.50 3.94
4.50 3.98
5.00 5.00
5.00 5.00
5.00 5.00
5.00 5.00
5.00 5.00
5.00 5.00
5.00 3.56
5.00 5.00
5.00 5.00
5.00 5.00
5.00 5.00
5.00 5.00
5.00 1.17
5.00 3.92
5.00 3.07
5.00 3.67
5.00 3.81
5.00 1.44
5.00 5.00
5.00 5.00
5.00 5.00
5.00 5.00
5.00 5.00
5.00 5.00
5.00 3.94
5.00 5.00
5.00 5.00
5.00 5.00
5.00 5.00
5.00 5.00
5.00 0.81
5.00 5.00
5.00 5.00
5.00 5.00
5.00 5.00
5.00 5.00
5.00 5.00
5.00 2.46
5.00 3.82
5.00 5.00
5.00 5.00
5.00 3.73
5.00 3.04
5.00 4.89
5.00 5.00
5.00 4.76
5.00 5.00
5.00 5.00
5.00 3.74
5.00 3.09
5.00 5.00
0.00 1.14
0.00 1.11
0.00 1.04
0.00 1.04
0.00 1.06
0.00 1.16
0.00 1.26
0.00 1.05
0.00 0.86
0.00 1.16
0.00 1.14
0.00 0.96
0.00 1.26
0.00 1.04
0.00 0.86
0.00 1.04
0.00 0.96
0.50 1.79
0.50 1.98
0.50 2.37
0.50 2.60
0.50 1.98
0.50 2.17
0.50 2.60
0.50 2.37
0.50 1.79
0.50 2.17
1.00 3.55
1.00 3.41
1.00 2.85
1.00 3.65
1.00 3.13
1.00 3.41
1.00 4.06
1.00 2.85
1.00 3.13
1.00 3.71
1.50 3.83
1.50 4.52
1.50 3.84
1.50 3.75
1.50 4.63
1.50 4.90
1.50 3.82
1.50 4.45
1.50 3.86
1.50 4.76
2.00 4.25
2.00 3.81
2.00 4.42
2.00 4.33
2.00 4.12
2.00 3.78
2.00 3.79
2.00 4.18
2.00 3.80
2.00 3.77
2.50 4.07
2.50 3.75
2.50 3.98
2.50 3.91
2.50 3.74
2.50 3.76
2.50 3.76
2.50 3.74
2.50 3.94
2.50 4.02
3.00 3.88
3.00 3.86
3.00 3.73
3.00 3.84
3.00 3.73
3.00 3.83
3.00 3.74
3.00 3.73
3.00 3.82
3.00 3.74
3.50 3.80
3.50 3.74
3.50 3.75
3.50 3.77
3.50 3.78
3.50 3.81
3.50 3.80
3.50 3.80
3.50 3.80
3.50 3.75
4.00 3.79
4.00 3.81
4.00 3.82
4.00 3.80
4.00 3.82
4.00 3.81
4.00 3.80
4.00 3.80
4.00 3.81
4.00 3.81
4.50 3.86
4.50 3.85
4.50 3.85
4.50 3.84
4.50 3.83
4.50 3.83
4.50 3.83
4.50 3.83
4.50 3.86
4.50 3.84
5.00 2.62
5.00 5.00
5.00 5.00
5.00 5.00
5.00 5.00
5.00 4.04
5.00 5.00
5.00 3.42
5.00 5.00
5.00 5.00
5.00 5.00
5.00 2.65
5.00 3.96
5.00 2.91
5.00 4.05
5.00 5.00
5.00 2.63
5.00 4.03
5.00 3.79
5.00 3.68
5.00 5.00
5.00 2.98
5.00 5.00
5.00 5.00
5.00 4.61
5.00 5.00
5.00 5.00
5.00 3.90
5.00 5.00
5.00 4.12
0.00 1.62
0.00 1.17
0.00 1.03
0.00 1.31
0.00 1.31
0.00 1.46
0.00 1.03
0.00 1.46
0.00 1.62
0.00 1.17
0.50 2.10
0.50 1.54
0.50 1.67
0.50 1.21
0.50 2.10
0.50 1.81
0.50 0.93
0.50 1.95
0.50 1.54
0.50 1.07
0.50 1.95
0.50 1.81
0.50 1.00
0.50 1.67
0.50 1.14
1.00 1.30
1.00 2.86
1.00 1.61
1.00 2.45
1.00 2.45
1.00 2.65
1.00 3.09
1.00 3.09
1.00 2.27
1.00 2.27
1.00 1.72
1.00 1.40
1.00 2.86
1.00 2.65
1.00 1.50
1.50 2.05
1.50 2.17
1.50 4.15
1.50 2.30
1.50 2.05
1.50 3.58
1.50 2.30
1.50 3.33
1.50 1.82
1.50 4.47
1.50 3.85
1.50 2.17
1.50 3.58
1.50 4.15
1.50 3.85
2.00 4.47
2.00 4.46
2.00 4.46
2.00 2.53
2.00 4.45
2.00 2.41
2.00 2.80
2.00 4.45
2.00 2.53
2.00 4.46
2.00 2.94
2.00 4.46
2.00 2.80
2.00 4.45
2.00 2.41
2.50 4.55
2.50 4.48
2.50 2.76
2.50 2.82
2.50 2.86
2.50 2.86
2.50 2.79
2.50 4.50
2.50 4.52
2.50 2.82
2.50 2.90
2.50 4.52
2.50 2.90
2.50 4.58
2.50 4.55
3.00 2.64
3.00 2.73
3.00 4.68
3.00 4.61
3.00 2.64
3.00 2.73
3.00 4.65
3.00 2.62
3.00 4.73
3.00 2.62
3.00 2.67
3.00 2.70
3.00 4.65
3.00 4.77
3.00 4.73
3.50 4.96
3.50 4.72
3.50 4.87
3.50 4.61
3.50 4.72
3.50 2.58
3.50 2.60
3.50 2.54
3.50 2.60
3.50 4.99
3.50 4.96
3.50 2.54
3.50 2.56
3.50 4.87
3.50 2.53
4.00 2.49
4.00 5.00
4.00 5.00
4.00 2.48
4.00 5.00
4.00 5.00
4.00 2.48
4.00 5.00
4.00 5.00
4.00 2.51
4.00 2.50
4.00 2.48
4.00 2.50
4.00 5.00
4.00 5.00
4.50 5.00
4.50 2.47
4.50 2.47
4.50 5.00
4.50 2.46
4.50 5.00
4.50 2.47
4.50 5.00
4.50 5.00
4.50 5.00
4.50 2.47
4.50 2.46
4.50 2.46
4.50 2.46
4.50 2.46
5.00 2.64
5.00 5.00
5.00 5.00
5.00 5.00
5.00 5.00
5.00 5.00
5.00 4.20
5.00 5.00
5.00 2.70
5.00 5.00
5.00 5.00
5.00 5.00
5.00 5.00
5.00 5.00
5.00 2.65
5.00 5.00
5.00 5.00
5.00 5.00
5.00 4.27
5.00 5.00
5.00 5.00
5.00 3.91
5.00 5.00
5.00 5.00
5.00 4.22
5.00 3.91
5.00 5.00
5.00 3.53
5.00 5.00
5.00 5.00
5.00 5.00
5.00 5.00
5.00 2.47
5.00 2.60
5.00 2.62
5.00 5.00
5.00 5.00
5.00 5.00
5.00 2.66
5.00 5.00
5.00 5.00
5.00 5.00
5.00 5.00
5.00 5.00
5.00 5.00
0.00 0.93
0.00 1.02
0.00 0.86
0.00 1.22
0.00 0.89
0.00 1.02
0.00 1.32
0.00 0.86
0.00 0.86
0.00 1.42
0.00 0.86
0.00 1.12
0.00 0.86
0.00 0.89
0.00 1.42
0.50 1.84
0.50 1.87
0.50 1.62
0.50 2.00
0.50 1.84
0.50 1.67
0.50 2.18
0.50 1.74
0.50 2.38
0.50 2.00
0.50 2.00
0.50 1.62
0.50 1.74
0.50 2.38
0.50 2.00
0.50 1.67
0.50 2.18
0.50 1.87
0.50 2.14
0.50 2.14
1.00 2.94
1.00 3.04
1.00 3.19
1.00 2.82
1.00 2.71
1.00 2.31
1.00 2.82
1.00 2.51
1.00 2.31
1.00 2.71
1.00 2.59
1.00 2.51
1.00 3.19
1.00 3.28
1.00 2.94
1.00 3.04
1.00 2.59
1.00 3.28
1.00 3.55
1.00 3.55
1.50 4.01
1.50 4.69
1.50 4.33
1.50 4.00
1.50 3.85
1.50 3.94
1.50 3.94
1.50 4.09
1.50 3.44
1.50 3.71
1.50 4.09
1.50 3.85
1.50 4.17
1.50 4.01
1.50 3.44
1.50 4.00
1.50 4.69
1.50 3.71
1.50 4.33
1.50 4.17
2.00 4.64
2.00 3.78
2.00 4.65
2.00 3.78
2.00 4.64
2.00 3.74
2.00 4.67
2.00 3.83
2.00 4.64
2.00 3.88
2.00 3.70
2.00 4.64
2.00 3.88
2.00 3.83
2.00 3.70
2.00 4.65
2.00 4.64
2.00 4.67
2.00 3.74
2.00 4.64
2.50 3.61
2.50 3.63
2.50 3.61
2.50 3.58
2.50 3.66
2.50 3.58
2.50 4.72
2.50 3.66
2.50 3.56
2.50 4.67
2.50 4.69
2.50 3.56
2.50 4.64
2.50 4.69
2.50 3.63
2.50 4.67
2.50 4.66
2.50 4.64
2.50 4.72
2.50 4.66
3.00 4.82
3.00 3.49
3.00 4.86
3.00 4.90
3.00 4.75
3.00 3.49
3.00 4.78
3.00 4.78
3.00 4.86
3.00 4.90
3.00 4.75
3.00 3.50
3.00 3.54
3.00 3.54
3.00 3.50
3.00 3.51
3.00 3.53
3.00 3.53
3.00 3.51
3.00 4.82
3.50 3.45
3.50 5.00
3.50 5.00
3.50 3.44
3.50 3.48
3.50 3.45
3.50 5.00
3.50 5.00
3.50 3.46
3.50 5.00
3.50 4.94
3.50 4.99
3.50 4.99
3.50 3.47
3.50 4.94
3.50 3.47
3.50 3.44
3.50 5.00
3.50 3.46
3.50 3.48
4.00 3.42
4.00 5.00
4.00 5.00
4.00 3.41
4.00 5.00
4.00 3.38
4.00 5.00
4.00 5.00
4.00 5.00
4.00 3.42
4.00 3.40
4.00 5.00
4.00 3.38
4.00 5.00
4.00 3.43
4.00 3.40
4.00 5.00
4.00 5.00
4.00 3.41
4.00 3.43
4.50 3.36
4.50 5.00
4.50 3.32
4.50 3.30
4.50 3.32
4.50 5.00
4.50 5.00
4.50 5.00
4.50 3.34
4.50 3.37
4.50 5.00
4.50 3.34
4.50 5.00
4.50 3.30
4.50 3.36
4.50 5.00
4.50 5.00
4.50 5.00
4.50 5.00
4.50 3.37
5.00 5.00
5.00 3.07
5.00 5.00
5.00 5.00
5.00 5.00
5.00 5.00
5.00 5.00
5.00 5.00
5.00 5.00
5.00 4.51
5.00 5.00
5.00 5.00
5.00 5.00
5.00 3.02
5.00 5.00
5.00 5.00
5.00 5.00
5.00 5.00
5.00 5.00
5.00 3.25
5.00 5.00
5.00 4.58
5.00 2.35
5.00 5.00
5.00 5.00
5.00 3.67
5.00 5.00
5.00 5.00
5.00 3.44
5.00 5.00
5.00 4.51
5.00 4.09
5.00 5.00
5.00 5.00
5.00 5.00
5.00 5.00
5.00 3.22
5.00 5.00
5.00 5.00
5.00 4.81
5.00 4.67
5.00 5.00
5.00 3.30
5.00 5.00
5.00 5.00
5.00 5.00
5.00 4.65
5.00 4.58
5.00 4.01
5.00 4.71
5.00 3.46
5.00 5.00
5.00 4.42
5.00 4.58
5.00 5.00
5.00 4.67
5.00 4.61
5.00 5.00
5.00 5.00
5.00 3.14
0.00 1.20
0.00 1.23
0.00 1.10
0.00 1.37
0.00 1.10
0.00 1.30
0.00 0.97
0.00 0.97
0.00 1.23
0.00 1.50
0.00 1.51
0.00 1.37
0.00 1.50
0.00 1.40
0.00 1.10
0.00 1.20
0.00 1.10
0.00 1.30
0.00 1.40
0.00 1.51
0.50 1.53
0.50 2.55
0.50 2.34
0.50 2.14
0.50 1.84
0.50 1.84
0.50 1.81
0.50 2.01
0.50 1.81
0.50 2.55
0.50 1.97
0.50 1.53
1.00 3.98
1.00 3.06
1.00 2.37
1.00 3.25
1.00 3.65
1.00 2.57
1.00 2.79
1.00 3.25
1.00 3.35
1.00 2.79
1.00 2.37
1.00 3.02
1.50 5.00
1.50 5.00
1.50 3.78
1.50 4.77
1.50 4.35
1.50 4.41
1.50 4.35
1.50 5.00
1.50 5.00
1.50 5.00
1.50 4.77
1.50 3.78
2.00 4.84
2.00 4.96
2.00 4.33
2.00 4.36
2.00 4.33
2.00 4.33
2.00 4.34
2.00 4.87
2.00 4.91
2.00 4.84
2.00 4.33
2.00 4.33
2.50 4.35
2.50 4.79
2.50 4.80
2.50 4.33
2.50 4.33
2.50 4.80
2.50 4.80
2.50 4.36
2.50 4.82
2.50 4.80
2.50 4.36
2.50 4.34
3.00 4.39
3.00 4.81
3.00 4.82
3.00 4.86
3.00 4.42
3.00 4.43
3.00 4.42
3.00 4.81
3.00 4.44
3.00 4.82
3.00 4.40
3.00 4.86
3.50 4.75
3.50 4.53
3.50 5.00
3.50 4.57
3.50 5.00
3.50 4.50
3.50 5.00
3.50 4.47
3.50 5.00
3.50 4.96
3.50 4.47
3.50 4.68
5.00 1.04
5.00 3.54
5.00 5.00
5.00 0.23
5.00 0.22
5.00 4.98
5.00 3.30
5.00 3.34
5.00 1.40
5.00 3.37
5.00 0.41
5.00 0.24
5.00 3.54
5.00 5.00
5.00 0.23
5.00 4.06
5.00 5.00
5.00 2.18
5.00 5.00
5.00 1.46
5.00 5.00
5.00 4.39
5.00 3.58
5.00 2.27
5.00 5.00
5.00 1.51
5.00 3.29
5.00 1.48
5.00 0.93
5.00 2.80
5.00 0.22
5.00 2.47
5.00 2.56
5.00 3.59
5.00 1.31
5.00 1.00
0.00 1.39
0.00 1.18
0.00 1.18
0.00 1.52
0.00 1.39
0.00 1.25
0.00 1.28
0.00 1.25
0.00 1.28
0.00 1.38
0.00 0.95
0.00 1.05
4.00 5.00
4.00 4.67
4.00 5.00
4.00 5.00
4.00 5.00
4.00 5.00
4.00 5.00
4.00 4.70
4.00 4.60
4.00 4.73
4.00 5.00
4.00 5.00
4.50 4.80
4.50 5.00
4.50 5.00
4.50 5.00
4.50 5.00
4.50 5.00
4.50 5.00
4.50 4.83
4.50 4.86
4.50 4.88
4.50 4.77
4.50 5.00
0.50 1.87
0.50 1.46
0.50 1.74
0.50 1.59
0.50 2.01
0.50 1.59
0.50 1.73
0.50 2.24
0.50 1.90
0.50 1.59
1.00 2.53
1.00 2.53
1.00 2.42
1.00 2.34
1.00 2.22
1.00 2.17
1.00 2.30
1.00 2.26
1.00 2.88
1.00 3.04
1.50 2.43
1.50 4.06
1.50 3.08
1.50 2.40
1.50 3.29
1.50 3.78
1.50 4.36
1.50 3.33
1.50 3.52
1.50 2.47
2.00 4.37
2.00 3.02
2.00 2.41
2.00 4.36
2.00 4.39
2.00 4.36
2.00 3.16
2.00 4.38
2.00 2.95
2.00 2.35
2.50 2.89
2.50 2.83
2.50 2.15
2.50 2.18
2.50 4.41
2.50 2.23
2.50 4.43
2.50 2.21
2.50 4.49
2.50 2.68
3.00 2.63
3.00 4.74
3.00 4.60
3.00 2.09
3.00 2.07
3.00 2.59
3.00 2.48
3.00 2.11
3.00 2.05
3.00 2.51
5.00 5.00
5.00 1.99
5.00 2.01
5.00 5.00
5.00 5.00
5.00 4.84
5.00 5.00
5.00 1.77
5.00 5.00
5.00 5.00
5.00 2.03
5.00 5.00
5.00 4.74
5.00 2.51
5.00 4.43
5.00 5.00
5.00 5.00
5.00 5.00
5.00 1.56
5.00 5.00
5.00 5.00
5.00 5.00
5.00 3.92
5.00 5.00
5.00 5.00
5.00 3.03
5.00 5.00
5.00 1.76
5.00 4.69
5.00 1.78
0.00 1.32
0.00 1.22
0.00 1.33
0.00 1.45
0.00 0.99
0.00 1.22
0.00 1.11
0.00 0.88
0.00 1.45
0.00 1.12
3.50 2.35
3.50 2.44
3.50 4.79
3.50 4.95
3.50 4.89
3.50 2.32
3.50 2.38
3.50 4.84
3.50 2.41
3.50 5.00
4.00 5.00
4.00 5.00
4.00 2.25
4.00 5.00
4.00 2.23
4.00 2.23
4.00 5.00
4.00 5.00
4.00 2.28
4.00 2.21
4.50 5.00
4.50 5.00
4.50 2.19
4.50 2.19
4.50 2.17
4.50 2.16
4.50 2.14
4.50 5.00
4.50 2.17
4.50 5.00
0.50 0.87
0.50 1.21
0.50 0.88
0.50 1.31
0.50 0.90
0.50 1.56
0.50 1.11
0.50 0.89
0.50 0.85
0.50 1.43
0.50 0.87
1.00 2.26
1.00 1.83
1.00 0.96
1.00 1.11
1.00 1.69
1.00 1.01
1.00 2.11
1.00 1.05
1.00 0.90
1.00 0.92
1.00 2.26
1.50 1.32
1.50 1.25
1.50 2.59
1.50 1.11
1.50 1.19
1.50 3.12
1.50 1.17
1.50 2.59
1.50 2.42
1.50 1.06
1.50 2.76
2.00 1.15
2.00 3.52
2.00 3.72
2.00 1.82
2.00 3.74
2.00 3.72
2.00 3.52
2.00 1.56
2.00 3.74
2.00 1.65
2.00 3.73
2.50 3.71
2.50 2.37
2.50 3.71
2.50 3.70
2.50 2.28
2.50 3.71
2.50 3.70
2.50 2.01
2.50 3.71
2.50 2.10
2.50 2.19
3.00 3.70
3.00 2.46
3.00 2.74
3.00 2.84
3.00 2.56
3.00 3.70
3.00 3.70
3.00 3.70
3.00 3.70
3.00 2.65
3.00 3.70
3.50 3.69
3.50 3.69
3.50 3.12
3.50 3.70
3.50 3.67
3.50 3.68
3.50 3.68
3.50 3.70
3.50 2.93
3.50 3.69
3.50 3.21
4.00 3.66
4.00 3.60
4.00 3.65
4.00 3.62
4.00 3.65
4.00 3.70
4.00 3.60
4.00 3.62
4.00 3.60
4.00 3.66
4.00 3.41
4.50 3.54
4.50 3.56
4.50 3.58
4.50 3.55
4.50 3.58
4.50 4.00
4.50 3.85
4.50 3.57
4.50 3.27
4.50 3.90
4.50 3.57
5.00 1.81
5.00 0.71
5.00 1.78
5.00 0.79
5.00 5.00
5.00 0.76
5.00 0.77
5.00 1.19
5.00 1.62
5.00 1.59
5.00 1.34
5.00 1.39
5.00 3.42
5.00 0.82
5.00 0.78
5.00 4.20
5.00 1.35
5.00 1.85
5.00 4.46
5.00 1.93
5.00 1.84
5.00 1.39
5.00 0.70
5.00 0.78
5.00 0.67
5.00 3.48
5.00 5.00
5.00 1.80
5.00 1.71
5.00 0.70
5.00 0.77
5.00 0.72
5.00 0.68
0.00 1.02
0.00 0.94
0.00 0.86
0.00 0.82
0.00 0.91
0.00 0.82
0.00 0.98
0.00 0.82
0.00 0.84
0.00 1.02
0.00 0.82
0.50 1.79
0.50 1.62
0.50 1.69
0.50 1.49
0.50 1.49
0.50 1.39
0.50 1.72
0.50 1.56
0.50 1.32
0.50 1.82
0.50 1.62
0.50 1.72
0.50 1.59
0.50 1.79
0.50 1.43
0.50 1.33
0.50 1.52
0.50 1.39
0.50 1.43
0.50 1.69
1.00 2.06
1.00 2.41
1.00 2.24
1.00 2.18
1.00 2.00
1.00 2.10
1.00 2.09
1.00 2.56
1.00 1.89
1.00 2.21
1.00 2.41
1.00 1.95
1.00 1.89
1.00 1.95
1.00 1.83
1.00 1.95
1.00 2.10
1.00 2.30
1.00 2.20
1.00 1.83
1.50 2.46
1.50 2.87
1.50 3.22
1.50 2.36
1.50 2.64
1.50 3.31
1.50 2.89
1.50 2.76
1.50 3.02
1.50 2.25
1.50 2.46
1.50 3.08
1.50 2.82
1.50 2.31
1.50 2.68
1.50 2.82
1.50 2.82
1.50 2.72
1.50 3.02
1.50 2.41
2.00 2.47
2.00 2.92
2.00 3.66
2.00 2.49
2.00 3.01
2.00 2.95
2.00 4.15
2.00 3.90
2.00 4.67
2.00 2.92
2.00 3.02
2.00 4.36
2.00 2.97
2.00 4.15
2.00 4.06
2.00 4.35
2.00 3.02
2.00 3.54
2.00 3.90
2.00 2.51
2.50 2.73
2.50 4.18
2.50 2.76
2.50 4.47
2.50 4.49
2.50 4.43
2.50 2.73
2.50 2.31
2.50 4.81
2.50 4.22
2.50 2.80
2.50 4.14
2.50 2.18
2.50 4.45
2.50 4.74
2.50 2.88
2.50 2.84
2.50 2.76
2.50 2.84
2.50 4.51
3.00 1.68
3.00 3.98
3.00 4.02
3.00 4.09
3.00 5.00
3.00 4.54
3.00 4.62
3.00 5.00
3.00 1.45
3.00 1.34
3.00 4.05
3.00 2.58
3.00 1.57
3.00 4.59
3.00 4.85
3.00 2.66
3.00 4.96
3.00 2.69
3.00 2.69
3.00 4.90
3.50 5.00
3.50 2.52
3.50 4.69
3.50 5.00
3.50 2.49
3.50 2.56
3.50 4.78
3.50 3.91
3.50 2.54
3.50 2.54
3.50 4.75
3.50 2.52
3.50 5.00
3.50 2.50
3.50 1.13
3.50 2.50
3.50 5.00
3.50 2.56
3.50 5.00
3.50 4.82
5.00 2.85
5.00 2.59
5.00 5.00
5.00 2.77
5.00 5.00
5.00 5.00
5.00 5.00
5.00 5.00
5.00 3.39
5.00 3.63
5.00 1.48
5.00 5.00
5.00 5.00
5.00 2.39
5.00 5.00
5.00 2.43
5.00 2.90
5.00 2.90
5.00 4.23
5.00 2.62
5.00 1.99
5.00 2.86
5.00 1.89
5.00 2.82
5.00 2.37
5.00 4.64
5.00 5.00
5.00 5.00
5.00 2.79
5.00 2.88
5.00 2.89
5.00 3.53
5.00 5.00
5.00 2.57
5.00 4.83
5.00 2.43
5.00 5.00
5.00 3.01
5.00 5.00
5.00 2.81
5.00 5.00
5.00 5.00
5.00 2.70
5.00 5.00
5.00 4.63
5.00 3.53
5.00 4.50
5.00 2.85
5.00 5.00
5.00 2.36
5.00 2.83
5.00 2.72
5.00 2.02
5.00 4.66
5.00 5.00
5.00 5.00
5.00 5.00
5.00 5.00
5.00 1.93
5.00 2.19
0.00 0.89
0.00 1.23
0.00 0.89
0.00 1.51
0.00 0.79
0.00 1.51
0.00 1.29
0.00 1.23
0.00 1.37
0.00 1.23
0.00 0.99
0.00 1.76
0.00 1.49
0.00 1.28
0.00 1.76
0.00 0.79
0.00 0.99
0.00 1.49
0.00 1.21
0.00 1.10
4.00 2.47
4.00 5.00
4.00 2.47
4.00 2.46
4.00 5.00
4.00 2.44
4.00 4.97
4.00 4.88
4.00 2.44
4.00 2.45
4.00 2.45
4.00 5.00
4.00 2.44
4.00 4.94
4.00 2.44
4.00 5.00
4.00 2.46
4.00 4.91
4.00 4.85
4.00 5.00
4.50 2.43
4.50 5.00
4.50 5.00
4.50 5.00
4.50 5.00
4.50 5.00
4.50 2.43
4.50 5.00
4.50 5.00
4.50 2.43
4.50 5.00
4.50 2.43
4.50 2.43
4.50 5.00
4.50 2.43
4.50 2.43
4.50 2.43
4.50 4.99
4.50 2.43
4.50 2.43
0.50 2.03
0.50 2.04
0.50 2.22
0.50 2.04
0.50 2.22
0.50 1.83
0.50 2.41
0.50 1.88
0.50 1.83
0.50 2.67
0.50 2.44
0.50 2.22
0.50 1.88
0.50 1.72
0.50 2.03
1.00 4.22
1.00 2.62
1.00 2.85
1.00 2.93
1.00 3.10
1.00 3.85
1.00 3.85
1.00 3.10
1.00 3.23
1.00 3.52
1.00 3.35
1.00 4.22
1.00 3.35
1.00 3.23
1.00 3.52
1.50 4.26
1.50 4.64
1.50 4.56
1.50 3.93
1.50 4.80
1.50 5.00
1.50 4.59
1.50 4.26
1.50 4.59
1.50 4.89
1.50 4.63
1.50 4.63
1.50 5.00
1.50 4.56
1.50 3.93
2.00 4.59
2.00 4.49
2.00 4.50
2.00 4.49
2.00 4.53
2.00 4.50
2.00 4.51
2.00 4.51
2.00 4.59
2.00 4.51
2.00 4.65
2.00 4.55
2.00 4.72
2.00 4.55
2.00 4.72
2.50 4.45
2.50 4.46
2.50 4.50
2.50 4.54
2.50 4.57
2.50 4.44
2.50 4.52
2.50 4.48
2.50 4.52
2.50 4.44
2.50 4.45
2.50 4.45
2.50 4.51
2.50 4.51
2.50 4.54
3.00 4.53
3.00 4.70
3.00 4.50
3.00 4.57
3.00 4.70
3.00 4.74
3.00 4.59
3.00 4.57
3.00 4.62
3.00 4.47
3.00 4.46
3.00 4.74
3.00 4.53
3.00 4.50
3.00 4.66
3.50 4.87
3.50 4.87
3.50 4.93
3.50 4.98
3.50 4.90
3.50 4.78
3.50 4.74
3.50 4.93
3.50 4.98
3.50 4.83
3.50 4.74
3.50 4.81
3.50 4.62
3.50 4.68
3.50 4.90
4.00 5.00
4.00 5.00
4.00 5.00
4.00 5.00
4.00 5.00
4.00 5.00
4.00 5.00
4.00 5.00
4.00 5.00
4.00 5.00
4.00 5.00
4.00 5.00
4.00 5.00
4.00 5.00
4.00 5.00
4.50 5.00
4.50 5.00
4.50 5.00
4.50 5.00
4.50 5.00
4.50 5.00
4.50 5.00
4.50 5.00
4.50 5.00
4.50 5.00
4.50 5.00
4.50 5.00
4.50 5.00
4.50 5.00
4.50 5.00
5.00 4.38
5.00 5.00
5.00 5.00
5.00 5.00
5.00 5.00
5.00 5.00
5.00 5.00
5.00 5.00
5.00 5.00
5.00 2.96
5.00 5.00
5.00 5.00
5.00 4.09
5.00 2.80
5.00 5.00
5.00 5.00
5.00 5.00
5.00 5.00
5.00 5.00
5.00 5.00
5.00 5.00
5.00 5.00
5.00 3.92
5.00 5.00
5.00 5.00
5.00 5.00
5.00 5.00
5.00 2.14
5.00 5.00
5.00 5.00
5.00 5.00
5.00 3.63
5.00 5.00
5.00 5.00
5.00 5.00
5.00 5.00
5.00 2.18
5.00 5.00
5.00 5.00
5.00 5.00
5.00 5.00
5.00 5.00
5.00 5.00
5.00 5.00
5.00 3.77
0.00 1.10
0.00 1.44
0.00 1.30
0.00 1.44
0.00 1.34
0.00 1.06
0.00 1.65
0.00 1.06
0.00 1.20
0.00 1.10
0.00 1.49
0.00 1.20
0.00 1.58
0.00 1.65
0.00 1.58
0.50 1.99
0.50 1.27
0.50 1.99
0.50 0.94
0.50 1.57
0.50 1.84
0.50 1.17
0.50 1.70
0.50 1.02
0.50 1.57
0.50 1.10
0.50 1.44
0.50 1.84
0.50 1.44
0.50 1.70
1.00 2.86
1.00 1.36
1.00 2.14
1.00 1.57
1.00 2.30
1.00 1.79
1.00 2.48
1.00 2.30
1.00 1.47
1.00 1.69
1.00 2.66
1.00 2.86
1.00 2.66
1.00 2.48
1.00 2.14
1.50 2.02
1.50 3.05
1.50 2.02
1.50 3.71
1.50 2.27
1.50 2.39
1.50 3.26
1.50 2.14
1.50 3.97
1.50 3.05
1.50 2.39
1.50 3.48
1.50 3.97
1.50 3.26
1.50 3.48
2.00 2.88
2.00 3.90
2.00 2.51
2.00 3.93
2.00 3.92
2.00 2.51
2.00 2.92
2.00 2.64
2.00 3.92
2.00 3.95
2.00 3.90
2.00 3.91
2.00 2.88
2.00 2.92
2.00 3.93
2.50 3.88
2.50 3.89
2.50 2.74
2.50 2.71
2.50 3.88
2.50 3.88
2.50 3.89
2.50 2.77
2.50 2.81
2.50 2.84
2.50 2.74
2.50 2.84
2.50 3.89
2.50 2.71
2.50 2.77
3.00 3.88
3.00 2.61
3.00 2.68
3.00 3.88
3.00 2.65
3.00 2.59
3.00 3.88
3.00 2.68
3.00 3.88
3.00 3.88
3.00 2.61
3.00 2.65
3.00 3.88
3.00 3.88
3.00 3.88
3.50 2.52
3.50 2.50
3.50 3.88
3.50 2.52
3.50 2.55
3.50 2.57
3.50 3.88
3.50 3.88
3.50 3.87
3.50 3.88
3.50 2.55
3.50 2.57
3.50 3.88
3.50 2.50
3.50 3.88
4.00 3.84
4.00 3.83
4.00 2.47
4.00 3.85
4.00 2.47
4.00 3.86
4.00 2.49
4.00 3.85
4.00 3.82
4.00 2.49
4.00 2.48
4.00 2.48
4.00 3.86
4.00 2.47
4.00 3.84
4.50 2.46
4.50 3.73
4.50 2.47
4.50 3.73
4.50 3.79
4.50 3.81
4.50 3.75
4.50 3.75
4.50 2.46
4.50 2.46
4.50 2.46
4.50 3.81
4.50 3.79
4.50 2.46
4.50 2.46
5.00 1.97
5.00 0.41
5.00 5.00
5.00 5.00
5.00 3.06
5.00 5.00
5.00 5.00
5.00 2.61
5.00 5.00
5.00 2.76
5.00 1.88
5.00 5.00
5.00 5.00
5.00 5.00
5.00 0.51
5.00 5.00
5.00 2.43
5.00 5.00
5.00 5.00
5.00 5.00
5.00 5.00
5.00 2.77
5.00 0.50
5.00 2.49
5.00 0.34
5.00 5.00
5.00 5.00
5.00 5.00
5.00 5.00
5.00 2.56
5.00 0.35
5.00 5.00
5.00 3.14
5.00 2.65
5.00 0.52
5.00 0.37
5.00 0.55
5.00 2.79
5.00 5.00
5.00 3.38
5.00 5.00
5.00 0.34
5.00 3.46
5.00 5.00
5.00 5.00
0.00 1.14
0.00 0.80
0.00 0.80
0.00 0.87
0.00 1.32
0.00 0.79
0.00 1.23
0.00 0.95
0.00 0.79
0.00 1.04
0.00 1.04
0.00 1.14
0.00 0.79
0.00 1.32
0.00 0.79
0.50 1.56
0.50 1.28
0.50 1.56
0.50 1.58
0.50 1.36
0.50 1.38
0.50 1.46
0.50 1.38
0.50 1.28
0.50 1.36
0.50 1.79
0.50 1.28
0.50 1.46
0.50 1.48
0.50 1.58
1.00 2.15
1.00 1.63
1.00 2.11
1.00 1.63
1.00 1.63
1.00 1.77
1.00 2.00
1.00 2.04
1.00 1.89
1.00 1.67
1.00 2.11
1.00 2.04
1.00 2.17
1.00 1.62
1.00 2.33
1.50 1.72
1.50 2.22
1.50 1.64
1.50 2.23
1.50 2.39
1.50 1.64
1.50 1.67
1.50 2.27
1.50 2.35
1.50 2.72
1.50 2.68
1.50 2.76
1.50 2.74
1.50 1.70
1.50 2.31
2.00 2.81
2.00 2.51
2.00 2.48
2.00 2.49
2.00 3.06
2.00 1.83
2.00 1.74
2.00 3.70
2.00 1.77
2.00 2.78
2.00 3.94
2.00 1.81
2.00 2.43
2.00 2.47
2.00 2.87
2.50 3.03
2.50 2.46
2.50 2.44
2.50 4.50
2.50 1.83
2.50 4.46
2.50 1.84
2.50 2.94
2.50 2.42
2.50 2.98
2.50 4.53
2.50 1.81
2.50 2.43
2.50 1.86
2.50 4.48
3.00 4.68
3.00 1.80
3.00 2.41
3.00 2.40
3.00 4.55
3.00 1.77
3.00 4.65
3.00 4.64
3.00 4.61
3.00 1.79
3.00 4.58
3.00 1.76
3.00 2.39
3.00 4.61
3.00 4.69
3.50 2.36
3.50 4.88
3.50 2.33
3.50 4.71
3.50 2.33
3.50 4.79
3.50 4.66
3.50 2.35
3.50 4.83
3.50 1.74
3.50 1.73
3.50 2.34
3.50 4.75
3.50 4.73
3.50 4.86
5.00 2.97
5.00 2.19
5.00 5.00
5.00 4.13
5.00 4.11
5.00 3.68
5.00 4.02
5.00 5.00
5.00 3.42
5.00 3.50
5.00 5.00
5.00 4.93
5.00 2.21
5.00 3.39
5.00 4.80
5.00 3.77
5.00 5.00
5.00 3.75
5.00 5.00
5.00 4.57
5.00 5.00
5.00 4.97
5.00 5.00
5.00 5.00
5.00 4.82
5.00 3.98
5.00 5.00
5.00 5.00
5.00 2.33
5.00 5.00
5.00 2.33
5.00 3.65
5.00 5.00
5.00 5.00
5.00 5.00
5.00 3.75
5.00 5.00
5.00 5.00
5.00 5.00
5.00 2.33
5.00 5.00
5.00 5.00
5.00 5.00
5.00 5.00
5.00 5.00
0.00 2.49
0.00 1.26
0.00 1.06
0.00 3.24
0.00 1.84
0.00 1.09
0.00 2.22
0.00 2.31
0.00 1.26
0.00 1.57
0.00 1.16
0.00 1.16
0.00 1.09
0.00 1.06
0.00 1.06
4.00 2.31
4.00 5.00
4.00 4.99
4.00 4.90
4.00 4.97
4.00 2.31
4.00 5.00
4.00 5.00
4.00 2.32
4.00 4.94
4.00 2.30
4.00 5.00
4.00 4.98
4.00 5.00
4.00 2.29
4.50 5.00
4.50 5.00
4.50 5.00
4.50 5.00
4.50 2.28
4.50 5.00
4.50 2.29
4.50 5.00
4.50 2.27
4.50 5.00
4.50 5.00
4.50 5.00
4.50 2.26
4.50 5.00
4.50 2.27
0.50 2.04
0.50 2.23
0.50 2.23
0.50 1.85
0.50 2.04
1.00 3.18
1.00 3.46
1.00 3.18
1.00 3.76
1.00 2.91
1.50 4.48
1.50 4.91
1.50 4.82
1.50 4.91
1.50 4.68
2.00 4.31
2.00 4.55
2.00 4.31
2.00 4.48
2.00 4.62
2.50 4.42
2.50 4.43
2.50 4.43
2.50 4.42
2.50 4.42
3.00 4.43
3.00 4.48
3.00 4.50
3.00 4.48
3.00 4.46
3.50 4.52
3.50 4.61
3.50 4.55
3.50 4.52
3.50 4.55
4.00 4.71
4.00 4.75
4.00 4.71
4.00 4.79
4.00 4.82
5.00 3.96
5.00 2.44
5.00 2.63
5.00 2.73
5.00 3.65
5.00 5.00
5.00 5.00
5.00 3.78
5.00 5.00
5.00 4.58
5.00 4.07
5.00 3.09
5.00 4.30
5.00 4.55
5.00 4.55
0.00 1.36
0.00 1.10
0.00 1.51
0.00 1.21
0.00 1.67
4.50 4.93
4.50 5.00
4.50 4.86
4.50 4.97
4.50 4.90
0.50 1.27
0.50 1.37
0.50 1.27
0.50 1.37
0.50 1.46
0.50 1.27
0.50 1.55
0.50 1.27
0.50 1.55
0.50 1.46
1.00 1.95
1.00 2.05
1.00 1.65
1.00 1.74
1.00 1.84
1.00 1.74
1.00 1.65
1.00 1.84
1.00 1.95
1.00 2.05
1.50 2.58
1.50 2.15
1.50 2.76
1.50 2.26
1.50 2.15
1.50 2.76
1.50 2.26
1.50 2.58
1.50 2.42
1.50 2.42
2.00 3.80
2.00 3.15
2.00 3.35
2.00 2.95
2.00 3.15
2.00 3.35
2.00 3.57
2.00 3.80
2.00 3.57
2.00 2.95
2.50 4.31
2.50 4.31
2.50 4.31
2.50 4.30
2.50 4.04
2.50 4.30
2.50 4.04
2.50 4.30
2.50 4.31
2.50 4.30
3.00 4.32
3.00 4.32
3.00 4.34
3.00 4.33
3.00 4.36
3.00 4.32
3.00 4.36
3.00 4.34
3.00 4.32
3.00 4.33
3.50 4.40
3.50 4.39
3.50 4.40
3.50 4.37
3.50 4.38
3.50 4.41
3.50 4.38
3.50 4.39
3.50 4.41
3.50 4.37
4.00 4.43
4.00 4.42
4.00 4.42
4.00 4.44
4.00 4.42
4.00 4.43
4.00 4.43
4.00 4.42
4.00 4.44
4.00 4.43
4.50 4.44
4.50 4.43
4.50 4.44
4.50 4.43
4.50 4.44
4.50 4.42
4.50 4.43
4.50 4.44
4.50 4.42
4.50 4.43
5.00 5.00
5.00 5.00
5.00 5.00
5.00 4.36
5.00 5.00
5.00 5.00
5.00 3.52
5.00 4.08
5.00 5.00
5.00 3.78
5.00 4.05
5.00 4.19
5.00 5.00
5.00 4.11
5.00 5.00
5.00 5.00
5.00 5.00
5.00 3.98
5.00 2.60
5.00 5.00
5.00 3.64
5.00 5.00
5.00 4.38
5.00 5.00
5.00 5.00
5.00 5.00
5.00 4.11
5.00 2.66
5.00 5.00
5.00 3.72
0.00 1.98
0.00 1.34
0.00 1.98
0.00 1.34
0.00 1.65
0.00 2.58
0.00 2.58
0.00 3.90
0.00 1.65
0.00 3.90
0.50 1.42
0.50 1.33
0.50 1.25
0.50 1.08
0.50 1.33
0.50 1.25
0.50 1.16
0.50 1.42
0.50 1.08
0.50 1.16
1.00 1.72
1.00 1.61
1.00 1.61
1.00 1.83
1.00 1.83
1.00 1.50
1.00 1.50
1.00 1.95
1.00 1.72
1.00 1.95
1.50 2.49
1.50 2.34
1.50 2.20
1.50 2.65
1.50 2.49
1.50 2.07
1.50 2.20
1.50 2.34
1.50 2.07
1.50 2.65
2.00 3.14
2.00 3.14
2.00 2.97
2.00 3.31
2.00 2.81
2.00 3.31
2.00 3.50
2.00 2.97
2.00 3.50
2.00 2.81
2.50 3.68
2.50 3.68
2.50 3.68
2.50 3.68
2.50 3.67
2.50 3.67
2.50 3.69
2.50 3.67
2.50 3.67
2.50 3.67
3.00 3.66
3.00 3.66
3.00 3.66
3.00 3.66
3.00 3.66
3.00 3.66
3.00 3.66
3.00 3.66
3.00 3.66
3.00 3.66
3.50 3.66
3.50 3.67
3.50 3.67
3.50 3.66
3.50 3.66
3.50 3.66
3.50 3.66
3.50 3.66
3.50 3.66
3.50 3.66
4.00 3.70
4.00 3.70
4.00 3.67
4.00 3.68
4.00 3.69
4.00 3.69
4.00 3.68
4.00 3.67
4.00 3.68
4.00 3.68
4.50 3.71
4.50 3.76
4.50 3.78
4.50 3.74
4.50 3.73
4.50 3.71
4.50 3.73
4.50 3.76
4.50 3.78
4.50 3.74
5.00 2.89
5.00 3.12
5.00 2.83
5.00 5.00
5.00 2.95
5.00 3.80
5.00 3.28
5.00 3.26
5.00 5.00
5.00 2.84
5.00 3.09
5.00 5.00
5.00 5.00
5.00 3.62
5.00 2.86
5.00 2.87
5.00 5.00
5.00 3.20
5.00 5.00
5.00 5.00
5.00 3.23
5.00 3.80
5.00 3.04
5.00 3.34
5.00 5.00
5.00 5.00
5.00 5.00
5.00 5.00
5.00 3.00
5.00 5.00
0.00 1.08
0.00 1.08
0.00 1.33
0.00 1.33
0.00 1.48
0.00 1.72
0.00 1.72
0.00 1.10
0.00 1.48
0.00 1.10
0.50 2.30
0.50 1.83
0.50 1.70
0.50 1.73
0.50 1.70
0.50 2.12
0.50 1.26
0.50 1.97
0.50 2.12
0.50 1.83
0.50 2.30
0.50 1.37
0.50 1.97
0.50 1.60
0.50 1.48
1.00 2.14
1.00 2.50
1.00 2.71
1.00 3.19
1.00 3.45
1.00 3.45
1.00 2.71
1.00 3.19
1.00 2.45
1.00 2.94
1.00 2.94
1.00 2.00
1.00 2.50
1.00 1.87
1.00 2.29
1.50 1.82
1.50 4.70
1.50 2.79
1.50 1.75
1.50 3.71
1.50 3.40
1.50 3.18
1.50 3.84
1.50 4.73
1.50 4.36
1.50 2.98
1.50 2.61
1.50 3.63
1.50 3.72
1.50 4.03
2.00 1.63
2.00 4.66
2.00 3.69
2.00 3.68
2.00 4.64
2.00 1.41
2.00 1.48
2.00 3.74
2.00 3.79
2.00 4.59
2.00 4.40
2.00 1.69
2.00 3.71
2.00 3.77
2.00 3.70
2.50 3.64
2.50 1.16
2.50 4.63
2.50 3.66
2.50 3.67
2.50 3.65
2.50 4.61
2.50 4.60
2.50 3.66
2.50 3.58
2.50 3.64
2.50 1.28
2.50 3.61
2.50 4.60
2.50 1.34
3.00 3.44
3.00 1.09
3.00 4.67
3.00 3.63
3.00 4.69
3.00 1.04
3.00 3.47
3.00 4.78
3.00 4.72
3.00 3.63
3.00 4.75
3.00 3.63
3.00 1.07
3.00 3.64
3.00 1.05
3.50 3.36
3.50 4.85
3.50 1.11
3.50 3.67
3.50 1.05
3.50 3.65
3.50 4.93
3.50 3.34
3.50 4.89
3.50 3.66
3.50 3.30
3.50 1.19
3.50 3.41
3.50 3.39
3.50 4.82
4.00 5.00
4.00 3.71
4.00 1.23
4.00 3.77
4.00 3.75
4.00 3.77
4.00 3.71
4.00 3.70
4.00 3.73
4.00 5.00
4.00 5.00
4.00 5.00
4.00 3.75
4.00 5.00
4.00 3.27
5.00 5.00
5.00 5.00
5.00 0.80
5.00 3.78
5.00 4.31
5.00 0.29
5.00 2.16
5.00 5.00
5.00 5.00
5.00 4.26
5.00 0.25
5.00 0.22
5.00 3.71
5.00 4.09
5.00 2.76
5.00 0.23
5.00 0.77
5.00 0.75
5.00 0.23
5.00 1.91
5.00 0.69
5.00 0.52
5.00 0.34
5.00 0.81
5.00 0.80
5.00 0.31
5.00 3.96
5.00 0.57
5.00 5.00
5.00 0.78
5.00 0.23
5.00 3.63
5.00 0.47
5.00 0.80
5.00 4.90
5.00 2.31
5.00 5.00
5.00 0.28
5.00 5.00
5.00 0.32
5.00 5.00
5.00 3.66
5.00 3.72
5.00 0.62
5.00 5.00
0.00 1.17
0.00 1.56
0.00 1.17
0.00 1.09
0.00 1.14
0.00 1.34
0.00 1.14
0.00 1.44
0.00 1.24
0.00 1.44
0.00 1.01
0.00 1.34
0.00 0.84
0.00 0.92
0.00 0.84
4.50 3.92
4.50 3.82
4.50 3.79
4.50 3.85
4.50 5.00
4.50 3.88
4.50 5.00
4.50 5.00
4.50 3.92
4.50 3.88
4.50 3.79
4.50 3.82
4.50 3.85
4.50 5.00
4.50 5.00
0.50 1.58
0.50 1.78
0.50 1.68
0.50 1.89
0.50 1.89
1.00 2.33
1.00 2.22
1.00 2.22
1.00 2.11
1.00 2.33
1.50 2.69
1.50 2.69
1.50 3.10
1.50 2.89
1.50 3.33
2.00 3.81
2.00 4.67
2.00 4.68
2.00 4.07
2.00 4.36
2.50 4.75
2.50 4.78
2.50 4.72
2.50 4.51
2.50 4.51
3.00 4.80
3.00 4.91
3.00 4.91
3.00 4.87
3.00 4.83
3.50 5.00
3.50 5.00
3.50 5.00
3.50 5.00
3.50 5.00
5.00 3.09
5.00 5.00
5.00 3.96
5.00 4.35
5.00 1.85
5.00 3.19
5.00 3.76
5.00 2.60
5.00 2.53
5.00 5.00
5.00 5.00
5.00 3.91
5.00 3.89
5.00 2.32
5.00 5.00
0.00 1.34
0.00 1.38
0.00 1.61
0.00 1.38
0.00 1.34
4.00 5.00
4.00 5.00
4.00 5.00
4.00 5.00
4.00 5.00
4.50 5.00
4.50 5.00
4.50 5.00
4.50 5.00
4.50 5.00
0.50 1.84
0.50 2.04
0.50 2.43
0.50 2.66
0.50 2.43
0.50 1.84
0.50 2.04
0.50 2.23
0.50 2.23
0.50 2.66
1.00 2.92
1.00 3.20
1.00 3.48
1.00 3.48
1.00 3.20
1.00 3.79
1.00 2.92
1.00 4.14
1.00 3.79
1.00 4.14
1.50 4.43
1.50 4.43
1.50 4.99
1.50 4.54
1.50 4.82
1.50 4.56
1.50 4.56
1.50 4.99
1.50 4.54
1.50 4.82
2.00 4.55
2.00 4.48
2.00 4.45
2.00 4.55
2.00 4.53
2.00 4.68
2.00 4.68
2.00 4.53
2.00 4.48
2.00 4.45
2.50 4.43
2.50 4.43
2.50 4.38
2.50 4.41
2.50 4.39
2.50 4.41
2.50 4.39
2.50 4.39
2.50 4.38
2.50 4.39
3.00 4.43
3.00 4.41
3.00 4.43
3.00 4.38
3.00 4.40
3.00 4.39
3.00 4.38
3.00 4.41
3.00 4.39
3.00 4.40
3.50 4.49
3.50 4.51
3.50 4.54
3.50 4.45
3.50 4.45
3.50 4.47
3.50 4.49
3.50 4.51
3.50 4.47
3.50 4.54
4.00 4.60
4.00 4.63
4.00 4.57
4.00 4.66
4.00 4.60
4.00 4.69
4.00 4.57
4.00 4.63
4.00 4.69
4.00 4.66
4.50 4.83
4.50 4.78
4.50 4.72
4.50 4.75
4.50 4.78
4.50 4.75
4.50 4.83
4.50 4.80
4.50 4.80
4.50 4.72
5.00 5.00
5.00 4.93
5.00 5.00
5.00 2.17
5.00 5.00
5.00 5.00
5.00 5.00
5.00 4.85
5.00 4.82
5.00 5.00
5.00 4.93
5.00 1.83
5.00 4.19
5.00 5.00
5.00 3.67
5.00 5.00
5.00 4.97
5.00 2.27
5.00 1.89
5.00 5.00
5.00 2.10
5.00 5.00
5.00 5.00
5.00 5.00
5.00 5.00
5.00 5.00
5.00 5.00
5.00 4.79
5.00 5.00
5.00 5.00
0.00 1.35
0.00 1.50
0.00 1.10
0.00 1.50
0.00 1.21
0.00 1.10
0.00 1.21
0.00 1.35
0.00 1.66
0.00 1.66
0.50 2.61
0.50 1.99
0.50 2.18
0.50 2.18
0.50 2.61
0.50 1.80
0.50 2.38
0.50 2.38
0.50 1.99
0.50 1.80
1.00 2.86
1.00 4.08
1.00 3.42
1.00 4.08
1.00 3.15
1.00 3.42
1.00 3.15
1.00 3.73
1.00 2.86
1.00 3.73
1.50 4.62
1.50 4.48
1.50 4.71
1.50 4.71
1.50 4.93
1.50 4.62
1.50 4.93
1.50 4.48
1.50 4.81
1.50 4.81
2.00 4.38
2.00 4.48
2.00 4.38
2.00 4.34
2.00 4.55
2.00 4.55
2.00 4.42
2.00 4.48
2.00 4.34
2.00 4.42
2.50 4.25
2.50 4.28
2.50 4.28
2.50 4.25
2.50 4.26
2.50 4.26
2.50 4.25
2.50 4.25
2.50 4.31
2.50 4.31
3.00 4.28
3.00 4.26
3.00 4.25
3.00 4.25
3.00 4.25
3.00 4.30
3.00 4.30
3.00 4.26
3.00 4.25
3.00 4.28
3.50 4.38
3.50 4.35
3.50 4.35
3.50 4.32
3.50 4.41
3.50 4.38
3.50 4.45
3.50 4.32
3.50 4.45
3.50 4.41
4.00 4.49
4.00 4.64
4.00 4.54
4.00 4.64
4.00 4.59
4.00 4.69
4.00 4.54
4.00 4.59
4.00 4.49
4.00 4.69
4.50 5.00
4.50 4.87
4.50 4.94
4.50 4.87
4.50 4.94
4.50 4.75
4.50 5.00
4.50 4.81
4.50 4.75
4.50 4.81
5.00 3.75
5.00 5.00
5.00 5.00
5.00 5.00
5.00 2.49
5.00 5.00
5.00 5.00
5.00 2.51
5.00 5.00
5.00 0.99
5.00 5.00
5.00 2.62
5.00 5.00
5.00 5.00
5.00 3.19
5.00 5.00
5.00 5.00
5.00 5.00
5.00 3.12
5.00 3.08
5.00 3.10
5.00 5.00
5.00 2.55
5.00 5.00
5.00 1.27
5.00 2.53
5.00 1.34
5.00 2.52
5.00 5.00
5.00 5.00
0.00 1.62
0.00 1.46
0.00 1.62
0.00 1.31
0.00 1.02
0.00 1.31
0.00 1.17
0.00 1.46
0.00 1.17
0.00 1.02
0.50 2.33
0.50 2.14
0.50 1.96
0.50 2.54
0.50 2.14
0.50 2.54
0.50 1.78
0.50 1.96
0.50 2.33
0.50 1.78
1.00 3.54
1.00 2.78
1.00 3.54
1.00 3.83
1.00 3.83
1.00 3.27
1.00 3.03
1.00 3.27
1.00 3.03
1.00 2.78
1.50 4.16
1.50 4.35
1.50 4.40
1.50 4.46
1.50 4.46
1.50 4.16
1.50 4.52
1.50 4.52
1.50 4.40
1.50 4.35
2.00 4.22
2.00 4.22
2.00 4.28
2.00 4.28
2.00 4.31
2.00 4.23
2.00 4.31
2.00 4.23
2.00 4.25
2.00 4.25
2.50 4.20
2.50 4.21
2.50 4.21
2.50 4.20
2.50 4.21
2.50 4.20
2.50 4.20
2.50 4.21
2.50 4.20
2.50 4.20
3.00 4.25
3.00 4.25
3.00 4.22
3.00 4.29
3.00 4.27
3.00 4.29
3.00 4.27
3.00 4.23
3.00 4.23
3.00 4.22
3.50 4.33
3.50 4.36
3.50 4.33
3.50 4.31
3.50 4.39
3.50 4.39
3.50 4.36
3.50 4.41
3.50 4.31
3.50 4.41
4.00 4.50
4.00 4.44
4.00 4.50
4.00 4.55
4.00 4.55
4.00 4.53
4.00 4.53
4.00 4.47
4.00 4.47
4.00 4.44
4.50 4.58
4.50 4.61
4.50 4.68
4.50 4.63
4.50 4.66
4.50 4.63
4.50 4.68
4.50 4.61
4.50 4.66
4.50 4.58
5.00 4.59
5.00 3.71
5.00 4.72
5.00 5.00
5.00 3.11
5.00 4.74
5.00 5.00
5.00 5.00
5.00 5.00
5.00 4.04
5.00 2.65
5.00 5.00
5.00 4.77
5.00 4.39
5.00 5.00
5.00 3.54
5.00 5.00
5.00 5.00
5.00 5.00
5.00 5.00
5.00 5.00
5.00 5.00
5.00 3.50
5.00 5.00
5.00 5.00
5.00 2.15
5.00 2.27
5.00 5.00
5.00 4.80
5.00 5.00
0.00 1.18
0.00 1.61
0.00 1.61
0.00 1.46
0.00 1.06
0.00 1.18
0.00 1.06
0.00 1.46
0.00 1.31
0.00 1.31
0.50 1.58
0.50 1.38
0.50 1.28
0.50 1.55
0.50 1.28
0.50 0.47
0.50 0.46
0.50 1.48
0.50 0.47
0.50 1.68
1.00 0.48
1.00 0.48
1.00 1.98
1.00 0.48
1.00 0.48
1.00 1.78
1.00 1.55
1.00 1.56
1.00 1.55
1.00 0.48
1.50 0.49
1.50 2.38
1.50 1.56
1.50 1.56
1.50 0.48
1.50 0.48
1.50 1.56
1.50 0.49
1.50 1.74
1.50 3.26
2.00 2.06
2.00 0.49
2.00 0.49
2.00 0.49
2.00 2.03
2.00 0.48
2.00 5.00
2.00 0.49
2.00 0.48
2.00 0.48
5.00 1.02
5.00 0.87
5.00 0.27
5.00 2.63
5.00 0.86
5.00 5.00
5.00 2.67
5.00 3.69
5.00 1.89
5.00 0.87
5.00 1.87
5.00 0.46
5.00 0.74
5.00 5.00
5.00 0.95
5.00 1.93
5.00 1.86
5.00 2.59
5.00 0.70
5.00 5.00
5.00 2.09
5.00 0.86
5.00 5.00
5.00 1.03
5.00 0.68
5.00 1.03
5.00 2.63
5.00 2.70
5.00 1.92
5.00 0.88
0.00 1.08
0.00 0.43
0.00 0.26
0.00 0.98
0.00 1.02
0.00 0.31
0.00 1.18
0.00 0.44
0.00 0.31
0.00 0.44
2.50 5.00
2.50 0.48
2.50 5.00
2.50 5.00
2.50 2.01
2.50 5.00
2.50 1.97
2.50 1.96
2.50 2.00
2.50 1.98
3.00 1.92
3.00 5.00
3.00 5.00
3.00 5.00
3.00 1.91
3.00 5.00
3.00 5.00
3.00 1.93
3.00 1.94
3.00 1.95
3.50 5.00
3.50 5.00
3.50 5.00
3.50 1.89
3.50 1.88
3.50 5.00
3.50 1.90
3.50 5.00
3.50 1.91
3.50 1.89
4.00 5.00
4.00 5.00
4.00 1.87
4.00 1.87
4.00 5.00
4.00 5.00
4.00 1.88
4.00 5.00
4.00 1.88
4.00 1.87
4.50 1.87
4.50 5.00
4.50 1.86
4.50 1.86
4.50 1.87
4.50 5.00
4.50 1.86
4.50 5.00
4.50 5.00
4.50 5.00
0.50 1.60
0.50 1.34
0.50 2.11
0.50 1.91
0.50 2.31
0.50 1.72
0.50 1.84
0.50 2.52
0.50 1.08
0.50 1.44
0.50 1.50
0.50 2.31
0.50 1.16
0.50 2.76
0.50 1.72
0.50 2.11
0.50 1.60
0.50 2.52
0.50 1.24
0.50 1.40
0.50 1.50
0.50 1.84
0.50 1.40
0.50 1.91
0.50 2.76
1.00 1.56
1.00 3.63
1.00 4.34
1.00 4.34
1.00 3.33
1.00 2.22
1.00 2.57
1.00 1.67
1.00 2.39
1.00 2.39
1.00 2.57
1.00 3.97
1.00 3.97
1.00 1.97
1.00 1.79
1.00 2.22
1.00 1.97
1.00 3.63
1.00 3.33
1.00 2.09
1.00 3.03
1.00 2.04
1.00 1.91
1.00 2.04
1.00 3.03
1.50 2.60
1.50 3.18
1.50 2.96
1.50 2.60
1.50 5.00
1.50 4.78
1.50 2.75
1.50 2.17
1.50 2.17
1.50 3.63
1.50 5.00
1.50 2.75
1.50 2.46
1.50 2.76
1.50 3.40
1.50 5.00
1.50 2.96
1.50 3.18
1.50 5.00
1.50 4.97
1.50 3.63
1.50 5.00
1.50 5.00
1.50 2.46
1.50 2.31
2.00 4.90
2.00 3.15
2.00 3.24
2.00 4.83
2.00 4.48
2.00 4.70
2.00 3.89
2.00 3.19
2.00 4.16
2.00 4.83
2.00 4.78
2.00 4.45
2.00 3.07
2.00 2.90
2.00 4.48
2.00 4.16
2.00 4.74
2.00 4.78
2.00 2.90
2.00 4.46
2.00 3.07
2.00 3.19
2.00 4.90
2.00 4.45
2.00 4.46
2.50 4.49
2.50 4.60
2.50 3.11
2.50 4.54
2.50 3.04
2.50 4.39
2.50 4.67
2.50 4.52
2.50 3.08
2.50 3.01
2.50 4.44
2.50 3.08
2.50 4.65
2.50 4.44
2.50 4.57
2.50 4.65
2.50 4.54
2.50 4.67
2.50 4.65
2.50 4.57
2.50 2.98
2.50 3.01
2.50 4.52
2.50 4.39
2.50 4.65
3.00 4.68
3.00 2.84
3.00 2.95
3.00 4.43
3.00 4.57
3.00 4.62
3.00 4.76
3.00 4.67
3.00 4.65
3.00 2.89
3.00 4.63
3.00 4.57
3.00 4.67
3.00 2.89
3.00 2.84
3.00 4.52
3.00 4.77
3.00 4.68
3.00 2.95
3.00 4.77
3.00 4.52
3.00 4.62
3.00 4.63
3.00 2.92
3.00 4.43
3.50 4.81
3.50 4.72
3.50 4.91
3.50 4.82
3.50 4.75
3.50 2.81
3.50 4.81
3.50 4.69
3.50 4.91
3.50 2.81
3.50 2.79
3.50 4.75
3.50 4.96
3.50 4.96
3.50 2.75
3.50 4.86
3.50 2.72
3.50 5.00
3.50 2.79
3.50 2.77
3.50 4.78
3.50 5.00
3.50 4.82
3.50 2.75
3.50 2.72
4.00 4.85
4.00 5.00
4.00 5.00
4.00 2.71
4.00 5.00
4.00 4.93
4.00 2.64
4.00 4.97
4.00 2.66
4.00 5.00
4.00 4.89
4.00 4.89
4.00 2.64
4.00 4.85
4.00 2.69
4.00 2.67
4.00 5.00
4.00 2.71
4.00 2.66
4.00 2.69
4.00 5.00
4.00 4.97
4.00 5.00
4.00 5.00
4.00 5.00
4.50 2.60
4.50 5.00
4.50 2.63
4.50 5.00
4.50 2.63
4.50 5.00
4.50 2.61
4.50 5.00
4.50 5.00
4.50 5.00
4.50 5.00
4.50 5.00
4.50 2.60
4.50 5.00
4.50 5.00
4.50 5.00
4.50 5.00
4.50 2.60
4.50 2.62
4.50 2.62
4.50 5.00
4.50 2.60
4.50 5.00
4.50 5.00
4.50 2.61
5.00 5.00
5.00 5.00
5.00 2.65
5.00 3.07
5.00 5.00
5.00 2.48
5.00 2.59
5.00 3.02
5.00 5.00
5.00 2.96
5.00 5.00
5.00 2.93
5.00 5.00
5.00 2.47
5.00 5.00
5.00 2.62
5.00 2.32
5.00 5.00
5.00 2.59
5.00 2.00
5.00 2.45
5.00 4.86
5.00 4.86
5.00 2.74
5.00 4.36
5.00 5.00
5.00 4.96
5.00 5.00
5.00 5.00
5.00 3.72
5.00 2.59
5.00 4.27
5.00 3.36
5.00 5.00
5.00 5.00
5.00 3.00
5.00 2.46
5.00 4.73
5.00 4.94
5.00 4.93
5.00 5.00
5.00 2.75
5.00 2.82
5.00 2.71
5.00 5.00
5.00 4.60
5.00 5.00
5.00 2.74
5.00 5.00
5.00 2.89
5.00 2.79
5.00 2.42
5.00 1.88
5.00 2.20
5.00 4.50
5.00 2.49
5.00 2.54
5.00 5.00
5.00 2.72
5.00 5.00
5.00 2.41
5.00 5.00
5.00 5.00
5.00 2.74
5.00 5.00
5.00 2.60
5.00 4.94
5.00 2.51
5.00 5.00
5.00 2.75
5.00 5.00
5.00 2.60
5.00 2.96
5.00 2.99
5.00 3.80
0.00 0.85
0.00 1.14
0.00 1.30
0.00 1.10
0.00 1.72
0.00 0.86
0.00 1.10
0.00 0.85
0.00 1.25
0.00 0.85
0.00 1.40
0.00 0.85
0.00 1.14
0.00 1.55
0.00 1.20
0.00 0.86
0.00 1.40
0.00 0.93
0.00 1.10
0.00 1.15
0.00 1.10
0.00 1.01
0.00 1.15
0.00 1.01
0.00 1.20
0.50 1.40
0.50 1.91
0.50 1.91
0.50 1.36
0.50 1.78
0.50 1.36
0.50 1.58
0.50 1.46
0.50 1.17
0.50 1.78
0.50 1.40
0.50 1.58
0.50 1.26
1.00 1.98
1.00 2.05
1.00 2.21
1.00 1.84
1.00 1.71
1.00 1.71
1.00 2.55
1.00 2.37
1.00 2.27
1.00 2.12
1.00 2.13
1.00 2.05
1.00 2.24
3.00 4.12
3.00 4.10
3.00 4.08
3.00 4.43
3.00 2.95
3.00 4.31
3.00 4.51
3.00 4.25
3.00 4.12
3.00 4.03
3.00 4.05
3.00 4.37
3.00 4.10
3.50 4.25
3.50 4.20
3.50 4.59
3.50 4.22
3.50 4.68
3.50 4.15
3.50 4.17
3.50 4.99
3.50 4.22
3.50 4.17
3.50 4.25
3.50 4.15
3.50 4.77
4.00 4.36
4.00 4.30
4.00 4.27
4.00 4.34
4.00 5.00
4.00 4.27
4.00 4.36
4.00 5.00
4.00 5.00
4.00 4.34
4.00 4.30
4.00 4.32
4.00 5.00
4.50 4.45
4.50 4.38
4.50 4.41
4.50 5.00
4.50 4.41
4.50 4.47
4.50 4.45
4.50 4.47
4.50 4.43
4.50 5.00
4.50 5.00
4.50 4.43
4.50 5.00
5.00 2.31
5.00 5.00
5.00 5.00
5.00 4.03
5.00 3.92
5.00 5.00
5.00 5.00
5.00 5.00
5.00 5.00
5.00 2.92
5.00 1.58
5.00 5.00
5.00 3.81
5.00 4.31
5.00 2.04
5.00 5.00
5.00 5.00
5.00 2.34
5.00 2.67
5.00 5.00
5.00 3.01
5.00 5.00
5.00 0.98
5.00 5.00
5.00 3.85
5.00 4.46
5.00 1.14
5.00 5.00
5.00 5.00
5.00 5.00
5.00 5.00
5.00 5.00
5.00 5.00
5.00 5.00
5.00 5.00
5.00 5.00
5.00 4.32
5.00 1.07
5.00 4.20
0.00 0.98
0.00 0.98
0.00 0.98
0.00 0.98
0.00 1.31
0.00 1.03
0.00 1.12
0.00 1.08
0.00 0.98
0.00 1.03
0.00 1.08
0.00 1.22
0.00 0.94
1.50 2.95
1.50 2.93
1.50 2.55
1.50 3.86
1.50 2.43
1.50 3.61
1.50 2.75
1.50 2.58
1.50 2.29
1.50 2.40
1.50 2.34
1.50 3.37
1.50 3.15
2.00 3.70
2.00 3.93
2.00 3.92
2.00 4.12
2.00 3.29
2.00 4.13
2.00 3.49
2.00 2.68
2.00 2.70
2.00 4.12
2.00 2.72
2.00 4.14
2.00 4.13
2.50 4.19
2.50 2.78
2.50 3.94
2.50 3.98
2.50 2.75
2.50 4.01
2.50 3.95
2.50 2.82
2.50 4.15
2.50 2.86
2.50 4.14
2.50 4.17
2.50 4.22
0.50 1.49
0.50 1.92
0.50 1.63
0.50 1.77
0.50 1.36
1.00 2.56
1.00 2.23
1.00 2.74
1.00 2.08
1.00 2.23
1.50 3.77
1.50 3.33
1.50 2.93
1.50 3.12
1.50 3.33
2.00 4.00
2.00 4.01
2.00 4.00
2.00 4.00
2.00 4.01
2.50 4.00
2.50 4.01
2.50 4.00
2.50 4.00
2.50 4.00
5.00 2.29
5.00 0.53
5.00 0.79
5.00 0.37
5.00 0.44
5.00 0.71
5.00 3.85
5.00 0.23
5.00 4.25
5.00 5.00
5.00 4.24
5.00 0.26
5.00 1.06
5.00 1.20
5.00 3.15
0.00 1.06
0.00 0.86
0.00 1.06
0.00 1.26
0.00 1.16
3.00 4.08
3.00 4.04
3.00 4.06
3.00 4.09
3.00 4.05
3.50 4.15
3.50 4.12
3.50 4.14
3.50 4.16
3.50 4.11
4.00 4.20
4.00 4.21
4.00 4.19
4.00 4.18
4.00 4.22
4.50 4.22
4.50 4.24
4.50 4.23
4.50 4.24
4.50 4.24
0.50 1.15
0.50 1.55
0.50 1.15
0.50 1.55
0.50 1.44
0.50 1.24
0.50 1.34
0.50 1.24
0.50 1.34
0.50 1.44
1.00 1.89
1.00 1.67
1.00 1.89
1.00 1.78
1.00 1.67
1.00 2.01
1.00 1.78
1.00 2.14
1.00 2.14
1.00 2.01
1.50 2.41
1.50 2.28
1.50 2.54
1.50 2.54
1.50 2.68
1.50 2.68
1.50 2.82
1.50 2.28
1.50 2.82
1.50 2.41
2.00 2.98
2.00 2.98
2.00 2.86
2.00 2.92
2.00 2.80
2.00 2.75
2.00 2.75
2.00 2.80
2.00 2.92
2.00 2.86
2.50 2.56
2.50 2.52
2.50 2.60
2.50 2.65
2.50 2.70
2.50 2.65
2.50 2.70
2.50 2.52
2.50 2.60
2.50 2.56
3.00 2.44
3.00 2.37
3.00 2.41
3.00 2.48
3.00 2.48
3.00 2.34
3.00 2.34
3.00 2.41
3.00 2.37
3.00 2.44
3.50 2.22
3.50 2.28
3.50 2.28
3.50 2.31
3.50 2.19
3.50 2.25
3.50 2.19
3.50 2.22
3.50 2.25
3.50 2.31
4.00 2.10
4.00 2.12
4.00 2.07
4.00 2.10
4.00 2.07
4.00 2.17
4.00 2.14
4.00 2.14
4.00 2.12
4.00 2.17
4.50 2.00
4.50 1.98
4.50 2.03
4.50 2.01
4.50 2.05
4.50 2.03
4.50 1.98
4.50 2.01
4.50 2.00
4.50 2.05
5.00 5.00
5.00 4.47
5.00 5.00
5.00 5.00
5.00 5.00
5.00 5.00
5.00 5.00
5.00 5.00
5.00 5.00
5.00 1.75
5.00 1.56
5.00 5.00
5.00 5.00
5.00 1.62
5.00 1.92
5.00 1.68
5.00 5.00
5.00 5.00
5.00 1.85
5.00 5.00
5.00 1.78
5.00 4.56
5.00 5.00
5.00 5.00
5.00 5.00
5.00 1.93
5.00 5.00
5.00 5.00
5.00 5.00
5.00 5.00
0.00 0.86
0.00 1.00
0.00 1.07
0.00 0.86
0.00 1.00
0.00 0.93
0.00 0.79
0.00 1.07
0.00 0.93
0.00 0.79
0.50 1.74
0.50 1.38
0.50 1.27
0.50 1.62
0.50 1.50
1.00 2.14
1.00 2.14
1.00 1.87
1.00 2.43
1.00 2.29
1.50 2.58
1.50 3.08
1.50 3.08
1.50 2.90
1.50 3.02
2.00 2.90
2.00 2.84
2.00 2.75
2.00 2.84
2.00 2.79
2.50 2.71
2.50 2.60
2.50 2.56
2.50 2.60
2.50 2.63
3.00 2.46
3.00 2.44
3.00 2.48
3.00 2.51
3.00 2.51
3.50 2.38
3.50 2.38
3.50 2.43
3.50 2.39
3.50 2.41
4.00 2.37
4.00 2.37
4.00 2.37
4.00 2.37
4.00 2.36
4.50 2.38
4.50 2.39
4.50 2.39
4.50 2.37
4.50 2.37
5.00 2.79
5.00 2.41
5.00 5.00
5.00 5.00
5.00 5.00
5.00 2.73
5.00 2.47
5.00 5.00
5.00 5.00
5.00 2.42
5.00 2.80
5.00 5.00
5.00 2.52
5.00 5.00
5.00 2.80
0.00 1.06
0.00 0.85
0.00 0.95
0.00 0.85
0.00 1.16
0.50 1.24
0.50 1.34
0.50 1.46
0.50 1.26
0.50 1.24
0.50 1.57
0.50 1.35
0.50 1.14
0.50 1.14
0.50 1.08
0.50 1.44
0.50 1.57
0.50 1.46
0.50 1.17
0.50 1.44
1.00 1.71
1.00 1.71
1.00 1.84
1.00 1.84
1.00 2.14
1.00 2.29
1.00 2.12
1.00 1.84
1.00 2.29
1.00 1.98
1.00 2.14
1.00 1.70
1.00 1.99
1.00 1.98
1.00 1.99
1.50 2.57
1.50 2.90
1.50 2.41
1.50 2.97
1.50 2.26
1.50 2.78
1.50 2.74
1.50 2.61
1.50 2.78
1.50 2.90
1.50 2.74
1.50 3.15
1.50 2.41
1.50 2.45
1.50 2.61
2.00 3.55
2.00 4.01
2.00 3.65
2.00 3.26
2.00 3.99
2.00 3.34
2.00 3.65
2.00 3.45
2.00 3.65
2.00 3.55
2.00 3.07
2.00 3.99
2.00 3.65
2.00 3.26
2.00 3.45
2.50 3.65
2.50 3.66
2.50 4.03
2.50 3.66
2.50 4.09
2.50 3.65
2.50 4.07
2.50 3.65
2.50 3.65
2.50 3.66
2.50 4.04
2.50 4.07
2.50 3.65
2.50 3.65
2.50 3.66
3.00 3.70
3.00 4.24
3.00 4.16
3.00 4.16
3.00 4.24
3.00 4.14
3.00 3.70
3.00 4.21
3.00 4.19
3.00 4.21
3.00 4.19
3.00 3.69
3.00 3.68
3.00 3.69
3.00 4.14
3.50 3.73
3.50 3.73
3.50 4.26
3.50 4.33
3.50 3.72
3.50 3.71
3.50 3.72
3.50 3.73
3.50 4.34
3.50 3.73
3.50 4.28
3.50 4.31
3.50 3.71
3.50 4.33
3.50 3.71
4.00 3.74
4.00 3.74
4.00 4.36
4.00 4.37
4.00 4.41
4.00 4.38
4.00 4.44
4.00 4.37
4.00 3.74
4.00 3.73
4.00 3.74
4.00 4.38
4.00 3.74
4.00 3.74
4.00 3.73
4.50 4.55
4.50 3.70
4.50 3.71
4.50 4.50
4.50 3.73
4.50 3.73
4.50 3.72
4.50 3.73
4.50 3.70
4.50 4.47
4.50 4.52
4.50 4.57
4.50 3.73
4.50 3.71
4.50 3.72
5.00 5.00
5.00 4.69
5.00 3.50
5.00 3.68
5.00 5.00
5.00 4.69
5.00 5.00
5.00 5.00
5.00 5.00
5.00 5.00
5.00 5.00
5.00 5.00
5.00 5.00
5.00 5.00
5.00 5.00
5.00 5.00
5.00 5.00
5.00 5.00
5.00 4.69
5.00 5.00
5.00 5.00
5.00 5.00
5.00 5.00
5.00 3.48
5.00 5.00
5.00 3.29
5.00 3.73
5.00 4.64
5.00 3.29
5.00 3.64
5.00 3.31
5.00 4.67
5.00 5.00
5.00 5.00
5.00 5.00
5.00 5.00
5.00 5.00
5.00 5.00
5.00 3.52
5.00 3.32
5.00 5.00
5.00 3.91
5.00 3.30
5.00 5.00
5.00 5.00
0.00 0.94
0.00 0.85
0.00 1.04
0.00 0.90
0.00 0.94
0.00 0.99
0.00 0.99
0.00 1.04
0.00 0.90
0.00 0.99
0.00 0.85
0.00 0.99
0.00 0.94
0.00 0.92
0.00 0.90
0.50 1.32
0.50 1.22
0.50 1.47
0.50 1.18
0.50 1.54
0.50 1.54
0.50 1.68
0.50 1.37
0.50 1.37
0.50 1.47
0.50 1.27
0.50 1.18
0.50 1.27
0.50 1.22
0.50 1.18
1.00 2.44
1.00 1.82
1.00 1.78
1.00 1.96
1.00 2.27
1.00 1.66
1.00 2.03
1.00 1.96
1.00 1.78
1.00 1.90
1.00 1.90
1.00 2.44
1.00 2.27
1.00 1.66
1.00 2.12
1.50 3.40
1.50 2.15
1.50 3.40
1.50 2.60
1.50 3.19
1.50 2.29
1.50 2.60
1.50 3.19
1.50 3.00
1.50 2.29
1.50 2.77
1.50 2.44
1.50 3.00
1.50 2.15
1.50 2.77
2.00 2.96
2.00 4.11
2.00 4.11
2.00 4.11
2.00 3.34
2.00 3.55
2.00 3.86
2.00 3.15
2.00 3.62
2.00 4.11
2.00 3.55
2.00 3.62
2.00 4.11
2.00 3.86
2.00 2.96
2.50 4.00
2.50 4.13
2.50 4.31
2.50 4.00
2.50 4.12
2.50 4.29
2.50 4.29
2.50 4.12
2.50 4.31
2.50 4.12
2.50 4.12
2.50 4.26
2.50 4.13
2.50 4.12
2.50 4.24
3.00 4.17
3.00 4.20
3.00 4.15
3.00 4.47
3.00 4.44
3.00 4.40
3.00 4.37
3.00 4.13
3.00 4.18
3.00 4.37
3.00 4.34
3.00 4.40
3.00 4.44
3.00 4.34
3.00 4.13
5.00 2.87
5.00 5.00
5.00 5.00
5.00 4.68
5.00 2.58
5.00 2.44
5.00 5.00
5.00 5.00
5.00 5.00
5.00 4.44
5.00 5.00
5.00 5.00
5.00 5.00
5.00 5.00
5.00 5.00
5.00 4.97
5.00 5.00
5.00 5.00
5.00 5.00
5.00 2.51
5.00 5.00
5.00 2.98
5.00 5.00
5.00 2.49
5.00 5.00
5.00 2.42
5.00 5.00
5.00 2.42
5.00 5.00
5.00 5.00
5.00 3.01
5.00 5.00
5.00 5.00
5.00 5.00
5.00 2.97
5.00 5.00
5.00 3.95
5.00 5.00
5.00 2.51
5.00 5.00
5.00 5.00
5.00 5.00
5.00 5.00
5.00 5.00
5.00 5.00
0.00 1.20
0.00 0.92
0.00 1.02
0.00 1.37
0.00 0.94
0.00 1.37
0.00 1.12
0.00 2.30
0.00 0.92
0.00 1.54
0.00 2.30
0.00 1.12
0.00 1.20
0.00 1.81
0.00 0.92
3.50 4.62
3.50 4.62
3.50 4.28
3.50 4.51
3.50 4.66
3.50 4.58
3.50 4.51
3.50 4.24
3.50 4.26
3.50 4.66
3.50 4.58
3.50 4.30
3.50 4.54
3.50 4.54
3.50 4.22
4.00 4.84
4.00 4.38
4.00 4.70
4.00 4.81
4.00 4.73
4.00 4.35
4.00 4.36
4.00 4.73
4.00 4.81
4.00 4.84
4.00 4.32
4.00 4.70
4.00 4.33
4.00 4.77
4.00 4.77
4.50 4.40
4.50 4.39
4.50 5.00
4.50 4.95
4.50 4.42
4.50 4.88
4.50 4.98
4.50 4.98
4.50 4.95
4.50 4.41
4.50 5.00
4.50 4.91
4.50 4.43
4.50 4.91
4.50 4.88
0.50 1.71
0.50 1.62
0.50 2.04
0.50 1.49
0.50 1.58
0.50 2.22
0.50 1.32
0.50 1.61
0.50 1.73
0.50 1.52
0.50 1.42
0.50 1.27
0.50 1.73
0.50 1.32
0.50 1.71
0.50 1.38
0.50 2.22
0.50 1.76
0.50 1.61
0.50 1.52
1.00 3.30
1.00 2.40
1.00 2.05
1.00 2.06
1.00 2.16
1.00 2.28
1.00 2.60
1.00 2.82
1.00 2.16
1.00 2.05
1.00 2.40
1.00 3.06
1.00 2.22
1.00 1.93
1.00 2.55
1.00 1.82
1.00 2.38
1.00 1.82
1.00 2.82
1.00 2.60
1.50 3.19
1.50 3.31
1.50 4.49
1.50 3.11
1.50 4.49
1.50 4.15
1.50 2.61
1.50 2.79
1.50 4.46
1.50 4.15
1.50 3.56
1.50 2.79
1.50 2.99
1.50 2.44
1.50 2.72
1.50 2.44
1.50 2.99
1.50 3.84
1.50 3.84
1.50 2.61
2.00 4.11
2.00 4.19
2.00 3.86
2.00 3.86
2.00 4.42
2.00 4.44
2.00 3.75
2.00 3.40
2.00 4.24
2.00 4.42
2.00 4.38
2.00 4.27
2.00 4.42
2.00 4.19
2.00 3.40
2.00 4.28
2.00 3.62
2.00 4.38
2.00 4.44
2.00 3.62
2.50 4.32
2.50 4.38
2.50 4.42
2.50 4.43
2.50 4.20
2.50 4.24
2.50 4.33
2.50 4.43
2.50 4.44
2.50 4.41
2.50 4.41
2.50 4.41
2.50 4.42
2.50 4.46
2.50 4.30
2.50 4.42
2.50 4.32
2.50 4.39
2.50 4.46
2.50 4.40
3.00 4.04
3.00 4.01
3.00 4.48
3.00 4.53
3.00 4.51
3.00 4.54
3.00 4.16
3.00 4.48
3.00 4.08
3.00 4.61
3.00 4.51
3.00 4.55
3.00 4.46
3.00 4.54
3.00 4.57
3.00 4.48
3.00 4.61
3.00 4.50
3.00 4.59
3.00 4.46
3.50 4.60
3.50 4.64
3.50 4.68
3.50 4.81
3.50 4.80
3.50 3.94
3.50 4.76
3.50 4.68
3.50 4.57
3.50 4.76
3.50 4.72
3.50 4.62
3.50 4.81
3.50 4.74
3.50 4.66
3.50 4.85
3.50 4.72
3.50 4.64
3.50 4.89
3.50 4.64
5.00 5.00
5.00 5.00
5.00 1.93
5.00 5.00
5.00 5.00
5.00 5.00
5.00 5.00
5.00 1.48
5.00 3.87
5.00 5.00
5.00 5.00
5.00 3.47
5.00 4.07
5.00 5.00
5.00 5.00
5.00 4.34
5.00 5.00
5.00 5.00
5.00 5.00
5.00 2.49
5.00 2.80
5.00 5.00
5.00 5.00
5.00 5.00
5.00 2.86
5.00 3.63
5.00 5.00
5.00 5.00
5.00 2.55
5.00 5.00
5.00 2.52
5.00 5.00
5.00 3.87
5.00 2.60
5.00 4.16
5.00 5.00
5.00 4.60
5.00 4.25
5.00 5.00
5.00 4.12
5.00 5.00
5.00 2.23
5.00 5.00
5.00 5.00
5.00 5.00
5.00 5.00
5.00 2.38
5.00 5.00
5.00 5.00
5.00 3.01
5.00 5.00
5.00 5.00
5.00 5.00
5.00 5.00
5.00 2.53
5.00 5.00
5.00 5.00
5.00 5.00
5.00 5.00
5.00 5.00
0.00 0.96
0.00 1.21
0.00 1.78
0.00 1.01
0.00 1.11
0.00 1.22
0.00 1.17
0.00 1.06
0.00 1.22
0.00 1.11
0.00 0.96
0.00 0.96
0.00 0.97
0.00 1.52
0.00 1.01
0.00 1.44
0.00 1.21
0.00 1.06
0.00 1.78
0.00 1.17
4.00 4.85
4.00 4.90
4.00 4.68
4.00 5.00
4.00 4.99
4.00 4.72
4.00 5.00
4.00 4.94
4.00 4.75
4.00 4.85
4.00 4.99
4.00 5.00
4.00 4.94
4.00 4.98
4.00 5.00
4.00 5.00
4.00 4.94
4.00 4.70
4.00 4.90
4.00 4.74
4.50 4.79
4.50 5.00
4.50 5.00
4.50 4.77
4.50 5.00
4.50 5.00
4.50 5.00
4.50 5.00
4.50 5.00
4.50 5.00
4.50 5.00
4.50 5.00
4.50 5.00
4.50 4.78
4.50 5.00
4.50 5.00
4.50 4.78
4.50 5.00
4.50 5.00
4.50 4.79
0.50 1.79
0.50 1.53
0.50 1.92
0.50 1.08
0.50 2.18
0.50 1.45
0.50 2.08
0.50 1.66
0.50 1.28
0.50 1.08
0.50 1.55
0.50 2.05
0.50 2.18
0.50 1.86
0.50 1.92
0.50 1.94
0.50 1.08
0.50 1.53
0.50 1.67
0.50 1.66
0.50 1.18
0.50 1.75
0.50 1.86
0.50 2.08
0.50 1.08
1.00 1.82
1.00 2.32
1.00 2.56
1.00 2.77
1.00 3.01
1.00 1.69
1.00 2.32
1.00 1.98
1.00 3.01
1.00 1.47
1.00 2.42
1.00 1.47
1.00 2.09
1.00 1.37
1.00 2.60
1.00 1.57
1.00 2.56
1.00 3.26
1.00 2.42
1.00 1.98
1.00 2.24
1.00 2.36
1.00 2.09
1.00 2.24
1.00 3.01
1.50 2.10
1.50 2.10
1.50 2.24
1.50 4.24
1.50 2.53
1.50 2.53
1.50 3.31
1.50 3.80
1.50 3.45
1.50 3.08
1.50 3.52
1.50 3.80
1.50 2.24
1.50 2.87
1.50 2.68
1.50 2.50
1.50 2.58
1.50 4.10
1.50 4.82
1.50 3.69
1.50 4.44
1.50 1.96
1.50 2.53
1.50 4.82
1.50 3.54
2.00 2.69
2.00 3.37
2.00 2.69
2.00 4.05
2.00 2.80
2.00 4.76
2.00 3.37
2.00 2.75
2.00 4.23
2.00 2.80
2.00 4.22
2.00 4.75
2.00 4.22
2.00 2.85
2.00 3.19
2.00 4.23
2.00 4.79
2.00 2.66
2.00 4.75
2.00 3.02
2.00 3.19
2.00 4.77
2.00 4.22
2.00 3.02
2.00 4.66
2.50 3.75
2.50 4.00
2.50 2.80
2.50 4.31
2.50 3.96
2.50 3.96
2.50 4.80
2.50 3.56
2.50 4.27
2.50 4.76
2.50 4.25
2.50 2.80
2.50 4.29
2.50 4.68
2.50 2.80
2.50 4.79
2.50 4.75
2.50 4.73
2.50 3.75
2.50 3.98
2.50 4.70
2.50 3.98
2.50 3.56
2.50 4.75
2.50 2.80
3.00 4.85
3.00 4.03
3.00 4.07
3.00 3.00
3.00 2.84
3.00 4.86
3.00 4.91
3.00 4.38
3.00 4.01
3.00 4.36
3.00 4.05
3.00 4.99
3.00 4.95
3.00 4.44
3.00 4.41
3.00 2.87
3.00 4.05
3.00 2.92
3.00 4.95
3.00 2.82
3.00 4.09
3.00 4.03
3.00 4.33
3.00 5.00
3.00 4.82
3.50 5.00
3.50 5.00
3.50 5.00
3.50 4.61
3.50 4.48
3.50 4.61
3.50 4.51
3.50 5.00
3.50 5.00
3.50 4.17
3.50 4.54
3.50 4.14
3.50 4.11
3.50 4.58
3.50 4.17
3.50 5.00
3.50 4.13
3.50 4.13
3.50 2.98
3.50 4.58
3.50 4.15
3.50 4.15
3.50 4.11
3.50 2.88
3.50 5.00
4.00 5.00
4.00 4.68
4.00 5.00
4.00 5.00
4.00 4.74
4.00 4.77
4.00 4.25
4.00 5.00
4.00 4.68
4.00 4.17
4.00 4.20
4.00 5.00
4.00 4.71
4.00 4.18
4.00 4.74
4.00 5.00
4.00 4.71
4.00 4.77
4.00 5.00
4.00 5.00
4.00 4.64
4.00 5.00
4.00 4.64
4.00 4.17
4.00 4.18
5.00 5.00
5.00 5.00
5.00 4.37
5.00 2.52
5.00 2.81
5.00 4.46
5.00 5.00
5.00 5.00
5.00 5.00
5.00 5.00
5.00 4.92
5.00 5.00
5.00 5.00
5.00 5.00
5.00 2.34
5.00 5.00
5.00 3.92
5.00 5.00
5.00 5.00
5.00 5.00
5.00 2.20
5.00 5.00
5.00 2.22
5.00 5.00
5.00 2.62
5.00 5.00
5.00 5.00
5.00 4.19
5.00 5.00
5.00 5.00
5.00 5.00
5.00 5.00
5.00 2.19
5.00 2.19
5.00 3.33
5.00 4.69
5.00 4.84
5.00 5.00
5.00 5.00
5.00 5.00
5.00 5.00
5.00 2.65
5.00 5.00
5.00 5.00
5.00 5.00
5.00 5.00
5.00 5.00
5.00 4.83
5.00 5.00
5.00 4.16
5.00 3.23
5.00 2.59
5.00 5.00
5.00 2.06
5.00 5.00
5.00 2.68
5.00 2.20
5.00 5.00
5.00 3.23
5.00 5.00
5.00 5.00
5.00 5.00
5.00 2.80
5.00 5.00
5.00 2.18
5.00 5.00
5.00 5.00
5.00 5.00
5.00 5.00
5.00 5.00
5.00 4.88
5.00 2.80
5.00 5.00
5.00 3.12
5.00 2.20
0.00 1.31
0.00 1.31
0.00 1.56
0.00 1.55
0.00 1.01
0.00 1.41
0.00 1.56
0.00 1.11
0.00 1.35
0.00 1.25
0.00 1.87
0.00 1.15
0.00 1.21
0.00 1.41
0.00 1.18
0.00 1.55
0.00 1.31
0.00 1.26
0.00 1.87
0.00 1.15
0.00 1.37
0.00 1.18
0.00 1.56
0.00 1.45
0.00 1.25
4.50 5.00
4.50 4.86
4.50 4.91
4.50 5.00
4.50 4.80
4.50 4.32
4.50 4.30
4.50 5.00
4.50 5.00
4.50 4.27
4.50 4.89
4.50 4.86
4.50 5.00
4.50 4.91
4.50 4.83
4.50 5.00
4.50 5.00
4.50 5.00
4.50 4.83
4.50 4.34
4.50 4.29
4.50 4.80
4.50 5.00
4.50 5.00
4.50 4.89
0.50 2.13
0.50 1.19
0.50 1.61
0.50 1.28
0.50 1.96
0.50 1.12
0.50 2.13
0.50 2.32
0.50 1.96
0.50 0.98
0.50 1.61
0.50 2.32
0.50 1.78
0.50 1.05
0.50 1.78
1.00 3.49
1.00 1.48
1.00 3.00
1.00 3.00
1.00 2.76
1.00 3.23
1.00 2.53
1.00 1.81
1.00 2.53
1.00 2.76
1.00 3.23
1.00 1.59
1.00 1.70
1.00 1.38
1.00 3.49
1.50 2.03
1.50 3.76
1.50 2.29
1.50 4.06
1.50 2.16
1.50 2.16
1.50 4.39
1.50 1.92
1.50 3.76
1.50 2.41
1.50 2.29
1.50 1.92
1.50 4.34
1.50 2.41
1.50 4.39
4.00 4.54
4.00 4.51
4.00 4.40
4.00 2.40
4.00 2.39
4.00 4.54
4.00 4.47
4.00 2.41
4.00 2.41
4.00 2.39
4.00 4.51
4.00 4.44
4.00 2.44
4.00 2.44
4.00 2.42
4.50 2.37
4.50 2.37
4.50 4.64
4.50 4.61
4.50 4.64
4.50 2.38
4.50 2.39
4.50 4.57
4.50 4.61
4.50 2.39
4.50 4.57
4.50 2.38
4.50 2.37
4.50 4.71
4.50 2.38
5.00 5.00
5.00 2.84
5.00 4.23
5.00 5.00
5.00 5.00
5.00 5.00
5.00 4.94
5.00 5.00
5.00 4.74
5.00 5.00
5.00 4.80
5.00 3.85
5.00 3.44
5.00 5.00
5.00 3.14
5.00 5.00
5.00 5.00
5.00 5.00
5.00 5.00
5.00 2.85
5.00 1.97
5.00 5.00
5.00 2.48
5.00 5.00
5.00 3.55
5.00 5.00
5.00 5.00
5.00 2.85
5.00 2.00
5.00 5.00
5.00 4.12
5.00 5.00
5.00 2.56
5.00 5.00
5.00 4.86
5.00 3.25
5.00 2.69
5.00 2.63
5.00 5.00
5.00 3.04
5.00 4.35
5.00 2.50
5.00 5.00
5.00 2.48
5.00 5.00
0.00 0.84
0.00 0.84
0.00 1.46
0.00 0.72
0.00 1.18
0.00 1.31
0.00 1.06
0.00 0.83
0.00 0.60
0.00 0.95
0.00 1.31
0.00 0.95
0.00 0.84
0.00 1.46
0.00 1.06
2.00 4.18
2.00 2.95
2.00 4.26
2.00 4.29
2.00 2.53
2.00 4.23
2.00 2.90
2.00 2.80
2.00 2.90
2.00 4.20
2.00 2.67
2.00 2.53
2.00 2.95
2.00 2.67
2.00 2.80
2.50 2.70
2.50 4.16
2.50 2.86
2.50 2.82
2.50 4.16
2.50 2.74
2.50 4.17
2.50 2.70
2.50 2.78
2.50 4.17
2.50 4.16
2.50 2.82
2.50 2.86
2.50 2.78
2.50 2.74
3.00 4.18
3.00 4.19
3.00 2.64
3.00 2.58
3.00 2.55
3.00 4.24
3.00 2.67
3.00 4.20
3.00 2.67
3.00 2.64
3.00 2.58
3.00 4.22
3.00 2.61
3.00 2.55
3.00 2.61
3.50 2.51
3.50 4.26
3.50 2.45
3.50 2.53
3.50 2.45
3.50 2.49
3.50 2.49
3.50 4.37
3.50 4.31
3.50 2.47
3.50 2.51
3.50 4.28
3.50 2.47
3.50 4.34
3.50 2.53
0.50 1.99
0.50 1.96
0.50 1.37
0.50 1.94
0.50 1.94
0.50 1.68
0.50 1.46
0.50 2.03
0.50 1.57
0.50 1.37
0.50 1.46
0.50 2.03
0.50 1.99
0.50 1.96
0.50 1.68
1.00 2.33
1.00 1.79
1.00 2.19
1.00 2.04
1.00 2.29
1.00 2.10
1.00 2.10
1.00 1.79
1.00 2.04
1.00 2.18
1.00 2.24
1.00 2.24
1.00 2.29
1.00 1.91
1.00 2.19
1.50 2.13
1.50 2.41
1.50 2.47
1.50 2.19
1.50 2.85
1.50 2.60
1.50 3.21
1.50 2.35
1.50 2.49
1.50 2.02
1.50 2.49
1.50 2.07
1.50 2.26
1.50 3.21
1.50 3.02
2.00 1.97
2.00 1.89
2.00 3.86
2.00 1.93
2.00 2.75
2.00 3.01
2.00 3.42
2.00 2.92
2.00 1.83
2.00 2.67
2.00 3.82
2.00 1.86
2.00 3.63
2.00 3.86
2.00 3.63
2.50 3.78
2.50 3.22
2.50 3.75
2.50 3.78
2.50 1.80
2.50 3.11
2.50 1.79
2.50 3.76
2.50 1.79
2.50 3.46
2.50 3.60
2.50 3.34
2.50 3.79
2.50 3.75
2.50 3.76
3.00 3.74
3.00 1.80
3.00 4.28
3.00 4.50
3.00 3.74
3.00 3.74
3.00 3.72
3.00 1.91
3.00 3.70
3.00 1.87
3.00 3.71
3.00 3.73
3.00 3.71
3.00 1.82
3.00 3.72
3.50 1.93
3.50 2.29
3.50 2.02
3.50 3.65
3.50 3.66
3.50 3.63
3.50 4.74
3.50 1.98
3.50 3.67
3.50 3.66
3.50 3.69
3.50 5.00
3.50 5.00
3.50 5.00
3.50 1.95
4.00 3.54
4.00 3.54
4.00 2.31
4.00 2.29
4.00 5.00
4.00 3.60
4.00 5.00
4.00 3.56
4.00 3.58
4.00 5.00
4.00 3.62
4.00 3.56
4.00 5.00
4.00 3.58
4.00 3.62
4.50 3.44
4.50 3.46
4.50 3.50
4.50 3.53
4.50 5.00
4.50 3.48
4.50 5.00
4.50 3.46
4.50 3.44
4.50 3.53
4.50 3.50
4.50 3.48
4.50 5.00
4.50 5.00
4.50 5.00
5.00 5.00
5.00 2.01
5.00 2.00
5.00 5.00
5.00 3.78
5.00 3.29
5.00 5.00
5.00 5.00
5.00 3.80
5.00 2.26
5.00 5.00
5.00 5.00
5.00 3.36
5.00 3.20
5.00 5.00
5.00 5.00
5.00 5.00
5.00 5.00
5.00 3.24
5.00 3.86
5.00 2.60
5.00 2.40
5.00 5.00
5.00 2.39
5.00 2.16
5.00 3.26
5.00 5.00
5.00 5.00
5.00 5.00
5.00 2.59
5.00 3.49
5.00 2.00
5.00 5.00
5.00 5.00
5.00 5.00
5.00 3.20
5.00 3.36
5.00 5.00
5.00 2.33
5.00 5.00
5.00 3.14
5.00 2.59
5.00 5.00
5.00 5.00
5.00 5.00
0.00 1.89
0.00 1.91
0.00 1.91
0.00 1.04
0.00 1.57
0.00 1.57
0.00 1.04
0.00 1.87
0.00 1.01
0.00 1.19
0.00 1.88
0.00 1.88
0.00 1.10
0.00 1.87
0.00 1.01
0.50 1.65
0.50 1.75
0.50 1.35
0.50 1.55
0.50 1.35
1.00 2.21
1.00 2.33
1.00 1.98
1.00 1.86
1.00 2.21
1.50 2.68
1.50 3.29
1.50 2.87
1.50 2.50
1.50 2.50
2.00 3.52
2.00 3.76
2.00 4.30
2.00 4.60
2.00 3.52
2.50 4.77
2.50 4.67
2.50 4.72
2.50 4.63
2.50 4.67
3.00 4.90
3.00 4.98
3.00 4.90
3.00 4.98
3.00 5.00
5.00 5.00
5.00 5.00
5.00 5.00
5.00 4.49
5.00 5.00
5.00 5.00
5.00 5.00
5.00 5.00
5.00 5.00
5.00 5.00
5.00 5.00
5.00 5.00
5.00 5.00
5.00 5.00
5.00 5.00
0.00 1.31
0.00 1.83
0.00 1.26
0.00 1.31
0.00 1.55
3.50 5.00
3.50 5.00
3.50 5.00
3.50 5.00
3.50 5.00
4.00 5.00
4.00 5.00
4.00 5.00
4.00 5.00
4.00 5.00
4.50 5.00
4.50 5.00
4.50 5.00
4.50 5.00
4.50 5.00
0.50 2.29
0.50 2.09
0.50 2.09
0.50 2.51
0.50 2.75
1.00 3.02
1.00 3.62
1.00 4.33
1.00 3.62
1.00 3.32
1.50 4.94
1.50 4.76
1.50 5.00
1.50 5.00
1.50 4.76
2.00 4.87
2.00 4.80
2.00 4.69
2.00 4.65
2.00 4.87
5.00 1.48
5.00 1.48
5.00 5.00
5.00 1.49
5.00 1.49
5.00 1.49
5.00 5.00
5.00 5.00
5.00 5.00
5.00 2.89
5.00 4.90
5.00 5.00
5.00 5.00
5.00 1.49
5.00 1.48
0.00 1.24
0.00 1.38
0.00 1.71
0.00 1.24
0.00 1.71
2.50 4.57
2.50 4.62
2.50 4.57
2.50 4.58
2.50 4.60
3.00 4.59
3.00 4.57
3.00 4.63
3.00 4.61
3.00 4.58
3.50 4.71
3.50 4.68
3.50 4.65
3.50 4.78
3.50 4.75
4.00 4.87
4.00 4.96
4.00 4.82
4.00 4.91
4.00 5.00
4.50 5.00
4.50 5.00
4.50 5.00
4.50 5.00
4.50 5.00
0.50 1.98
0.50 2.15
0.50 1.77
0.50 1.70
0.50 2.14
0.50 2.57
0.50 2.35
0.50 1.98
0.50 1.96
0.50 1.57
0.50 1.84
0.50 1.77
0.50 1.57
0.50 1.84
0.50 2.14
1.00 2.31
1.00 3.67
1.00 3.27
1.00 2.92
1.00 2.70
1.00 4.00
1.00 2.70
1.00 2.50
1.00 2.82
1.00 3.10
1.00 3.44
1.00 2.82
1.00 3.36
1.00 3.14
1.00 2.50
1.50 4.38
1.50 4.17
1.50 3.91
1.50 4.62
1.50 4.22
1.50 3.63
1.50 4.40
1.50 3.37
1.50 3.58
1.50 4.38
1.50 4.17
1.50 3.63
1.50 3.63
1.50 3.60
1.50 4.22
2.00 4.12
2.00 4.38
2.00 4.45
2.00 4.33
2.00 4.02
2.00 4.09
2.00 4.02
2.00 4.00
2.00 4.00
2.00 4.29
2.00 4.12
2.00 4.09
2.00 4.05
2.00 4.05
2.00 4.26
2.50 3.96
2.50 4.17
2.50 4.23
2.50 4.21
2.50 4.12
2.50 3.94
2.50 3.93
2.50 3.94
2.50 3.98
2.50 3.93
2.50 3.96
2.50 3.98
2.50 4.14
2.50 3.92
2.50 3.92
3.00 4.09
3.00 3.92
3.00 3.90
3.00 4.10
3.00 3.91
3.00 3.90
3.00 3.91
3.00 3.90
3.00 3.90
3.00 4.08
3.00 4.09
3.00 4.08
3.00 3.91
3.00 3.91
3.00 3.92
3.50 3.89
3.50 3.89
3.50 4.15
3.50 3.90
3.50 3.89
3.50 3.89
3.50 4.22
3.50 3.89
3.50 4.19
3.50 3.89
3.50 3.89
3.50 4.12
3.50 4.10
3.50 3.90
3.50 3.89
4.00 3.87
4.00 3.87
4.00 4.28
4.00 3.86
4.00 3.88
4.00 3.88
4.00 4.31
4.00 4.33
4.00 3.88
4.00 3.87
4.00 4.26
4.00 4.36
4.00 3.87
4.00 3.88
4.00 3.86
4.50 3.83
4.50 3.80
4.50 4.42
4.50 4.48
4.50 2.96
4.50 2.95
4.50 2.97
4.50 3.80
4.50 4.45
4.50 2.94
4.50 4.39
4.50 3.85
4.50 3.84
4.50 3.81
4.50 3.85
5.00 5.00
5.00 5.00
5.00 4.79
5.00 5.00
5.00 3.29
5.00 3.04
5.00 2.25
5.00 5.00
5.00 5.00
5.00 2.96
5.00 5.00
5.00 5.00
5.00 5.00
5.00 5.00
5.00 4.53
5.00 5.00
5.00 2.70
5.00 4.80
5.00 5.00
5.00 5.00
5.00 3.51
5.00 5.00
5.00 5.00
5.00 2.17
5.00 3.71
5.00 3.99
5.00 5.00
5.00 2.96
5.00 2.94
5.00 5.00
5.00 3.00
5.00 3.78
5.00 5.00
5.00 2.50
5.00 5.00
5.00 2.58
5.00 3.55
5.00 4.42
5.00 5.00
5.00 5.00
5.00 5.00
5.00 4.66
5.00 5.00
5.00 5.00
5.00 2.58
0.00 1.45
0.00 1.45
0.00 1.15
0.00 1.01
0.00 1.60
0.00 1.29
0.00 1.24
0.00 1.44
0.00 1.60
0.00 1.15
0.00 1.01
0.00 1.33
0.00 1.06
0.00 1.06
0.00 1.33
0.50 1.33
0.50 1.12
0.50 1.42
0.50 1.71
0.50 1.05
0.50 1.50
0.50 1.42
0.50 1.61
0.50 0.97
0.50 1.28
0.50 1.33
0.50 1.71
0.50 1.50
0.50 1.61
0.50 1.19
1.00 1.82
1.00 1.82
1.00 1.93
1.00 2.34
1.00 2.04
1.00 2.19
1.00 2.04
1.00 2.34
1.00 1.80
1.00 1.59
1.00 1.93
1.00 2.19
1.00 1.48
1.00 1.38
1.00 1.70
1.50 2.87
1.50 2.15
1.50 2.51
1.50 2.28
1.50 2.40
1.50 3.25
1.50 1.91
1.50 3.25
1.50 2.15
1.50 2.03
1.50 2.40
1.50 3.06
1.50 2.87
1.50 1.91
1.50 2.28
2.00 2.92
2.00 2.78
2.00 2.78
2.00 3.68
2.00 2.52
2.00 3.87
2.00 2.88
2.00 3.87
2.00 3.46
2.00 3.92
2.00 2.65
2.00 3.68
2.00 3.92
2.00 2.52
2.00 3.89
2.50 3.76
2.50 2.73
2.50 3.76
2.50 2.73
2.50 2.84
2.50 2.77
2.50 2.70
2.50 2.80
2.50 2.77
2.50 3.80
2.50 3.84
2.50 2.70
2.50 3.82
2.50 3.80
2.50 2.84
3.00 2.67
3.00 2.61
3.00 3.71
3.00 2.57
3.00 2.64
3.00 3.71
3.00 2.59
3.00 2.61
3.00 3.74
3.00 2.67
3.00 3.69
3.00 2.57
3.00 2.59
3.00 3.69
3.00 3.73
3.50 2.47
3.50 2.53
3.50 3.60
3.50 3.60
3.50 2.51
3.50 3.62
3.50 2.47
3.50 2.54
3.50 2.53
3.50 3.62
3.50 3.66
3.50 3.66
3.50 2.49
3.50 3.64
3.50 3.64
4.00 2.44
4.00 3.47
4.00 2.45
4.00 2.44
4.00 2.45
4.00 3.51
4.00 3.49
4.00 2.44
4.00 3.56
4.00 2.46
4.00 3.53
4.00 3.47
4.00 3.49
4.00 2.43
4.00 3.51
4.50 2.42
4.50 3.37
4.50 3.44
4.50 2.42
4.50 2.42
4.50 3.35
4.50 2.42
4.50 2.42
4.50 2.42
4.50 3.44
4.50 2.42
4.50 3.37
4.50 3.42
4.50 3.42
4.50 2.42
5.00 2.49
5.00 3.02
5.00 5.00
5.00 5.00
5.00 3.72
5.00 5.00
5.00 5.00
5.00 5.00
5.00 5.00
5.00 2.91
5.00 5.00
5.00 2.44
5.00 5.00
5.00 3.10
5.00 2.19
5.00 5.00
5.00 3.67
5.00 2.96
5.00 5.00
5.00 5.00
5.00 2.60
5.00 5.00
5.00 5.00
5.00 5.00
5.00 4.15
5.00 5.00
5.00 2.48
5.00 5.00
5.00 3.71
5.00 2.28
5.00 5.00
5.00 2.60
5.00 2.82
5.00 4.09
5.00 2.79
5.00 3.13
5.00 5.00
5.00 4.13
5.00 5.00
5.00 5.00
5.00 5.00
5.00 5.00
5.00 5.00
5.00 2.56
5.00 5.00
0.00 0.90
0.00 1.15
0.00 0.83
0.00 0.84
0.00 1.10
0.00 0.85
0.00 0.83
0.00 0.83
0.00 0.83
0.00 1.24
0.00 1.07
0.00 1.10
0.00 0.90
0.00 0.84
0.00 1.07
0.50 2.30
0.50 1.71
0.50 1.77
0.50 1.61
0.50 1.94
0.50 1.27
0.50 1.71
0.50 2.02
0.50 1.82
0.50 1.60
0.50 1.36
0.50 1.92
0.50 2.11
0.50 2.11
0.50 1.60
0.50 1.17
0.50 1.27
0.50 1.10
0.50 1.61
0.50 1.10
0.50 1.04
0.50 1.92
0.50 2.30
0.50 1.04
0.50 1.17
1.00 2.72
1.00 2.32
1.00 3.45
1.00 3.45
1.00 1.47
1.00 2.51
1.00 2.22
1.00 3.19
1.00 2.70
1.00 1.69
1.00 1.47
1.00 2.72
1.00 2.12
1.00 2.51
1.00 3.19
1.00 2.70
1.00 2.95
1.00 1.92
1.00 1.80
1.00 2.50
1.00 2.22
1.00 1.69
1.00 2.32
1.00 1.92
1.00 1.58
1.50 3.66
1.50 2.04
1.50 2.43
1.50 3.73
1.50 2.31
1.50 4.30
1.50 4.37
1.50 4.11
1.50 4.11
1.50 3.15
1.50 3.15
1.50 4.30
1.50 2.92
1.50 3.66
1.50 3.41
1.50 3.94
1.50 4.03
1.50 4.37
1.50 4.03
1.50 3.94
1.50 3.41
1.50 3.73
1.50 2.92
1.50 2.56
1.50 2.17
2.00 4.95
2.00 4.05
2.00 4.19
2.00 4.18
2.00 4.17
2.00 4.25
2.00 4.58
2.00 4.18
2.00 4.94
2.00 4.05
2.00 2.69
2.00 2.93
2.00 4.94
2.00 4.25
2.00 4.19
2.00 2.87
2.00 2.99
2.00 4.25
2.00 4.25
2.00 4.94
2.00 4.94
2.00 2.84
2.00 4.58
2.00 4.17
2.00 4.95
2.50 4.18
2.50 4.22
2.50 4.94
2.50 4.98
2.50 2.66
2.50 2.70
2.50 2.75
2.50 4.18
2.50 2.81
2.50 4.20
2.50 4.19
2.50 4.19
2.50 4.98
2.50 4.20
2.50 4.94
2.50 4.95
2.50 4.22
2.50 4.96
2.50 4.94
2.50 4.18
2.50 4.18
2.50 4.96
2.50 4.95
2.50 2.61
2.50 5.00
3.00 2.49
3.00 5.00
3.00 5.00
3.00 5.00
3.00 4.33
3.00 5.00
3.00 4.85
3.00 4.31
3.00 4.28
3.00 4.26
3.00 4.24
3.00 4.78
3.00 2.57
3.00 4.82
3.00 4.28
3.00 4.31
3.00 2.45
3.00 4.26
3.00 2.53
3.00 4.33
3.00 2.42
3.00 4.90
3.00 4.24
3.00 5.00
3.00 4.75
3.50 4.37
3.50 5.00
3.50 4.50
3.50 2.27
3.50 2.30
3.50 2.32
3.50 4.47
3.50 4.43
3.50 5.00
3.50 5.00
3.50 3.58
3.50 4.71
3.50 4.50
3.50 5.00
3.50 4.47
3.50 5.00
3.50 4.43
3.50 2.38
3.50 3.56
3.50 2.35
3.50 4.40
3.50 4.40
3.50 4.67
3.50 3.61
3.50 4.37
4.00 2.17
4.00 5.00
4.00 2.19
4.00 5.00
4.00 4.62
4.00 4.70
4.00 4.58
4.00 3.54
4.00 5.00
4.00 2.25
4.00 4.66
4.00 3.47
4.00 5.00
4.00 3.52
4.00 4.62
4.00 2.17
4.00 4.66
4.00 3.49
4.00 4.58
4.00 4.70
4.00 5.00
4.00 2.20
4.00 4.54
4.00 2.19
4.00 2.23
5.00 5.00
5.00 5.00
5.00 2.37
5.00 2.20
5.00 5.00
5.00 5.00
5.00 5.00
5.00 4.60
5.00 5.00
5.00 3.89
5.00 3.18
5.00 5.00
5.00 3.76
5.00 5.00
5.00 3.07
5.00 4.47
5.00 4.31
5.00 3.91
5.00 5.00
5.00 5.00
5.00 5.00
5.00 5.00
5.00 3.29
5.00 4.16
5.00 5.00
5.00 3.18
5.00 5.00
5.00 5.00
5.00 5.00
5.00 1.45
5.00 2.42
5.00 3.69
5.00 5.00
5.00 5.00
5.00 5.00
5.00 5.00
5.00 5.00
5.00 5.00
5.00 5.00
5.00 5.00
5.00 5.00
5.00 5.00
5.00 3.17
5.00 5.00
5.00 5.00
5.00 5.00
5.00 1.74
5.00 1.79
5.00 2.77
5.00 5.00
5.00 5.00
5.00 3.88
5.00 5.00
5.00 5.00
5.00 5.00
5.00 1.89
5.00 5.00
5.00 5.00
5.00 5.00
5.00 5.00
5.00 5.00
5.00 5.00
5.00 5.00
5.00 3.24
5.00 5.00
5.00 3.50
5.00 3.79
5.00 5.00
5.00 3.00
5.00 5.00
5.00 2.01
5.00 2.68
5.00 5.00
5.00 5.00
5.00 5.00
0.00 1.51
0.00 0.83
0.00 1.41
0.00 1.31
0.00 1.06
0.00 1.18
0.00 1.31
0.00 1.31
0.00 0.84
0.00 0.84
0.00 1.31
0.00 0.90
0.00 0.94
0.00 1.41
0.00 0.97
0.00 0.94
0.00 0.83
0.00 0.97
0.00 1.31
0.00 1.51
0.00 1.45
0.00 0.83
0.00 0.90
0.00 0.83
0.00 1.41
4.50 4.86
4.50 5.00
4.50 4.82
4.50 4.86
4.50 2.13
4.50 2.12
4.50 5.00
4.50 2.13
4.50 2.15
4.50 2.09
4.50 4.78
4.50 4.82
4.50 4.74
4.50 5.00
4.50 2.10
4.50 4.90
4.50 2.12
4.50 5.00
4.50 5.00
4.50 2.09
4.50 4.74
4.50 4.78
4.50 2.15
4.50 2.10
4.50 4.90
0.50 1.66
0.50 1.26
0.50 1.66
0.50 1.26
0.50 1.56
1.00 1.90
1.00 2.02
1.00 2.28
1.00 2.28
1.00 1.90
1.50 2.44
1.50 2.97
1.50 2.61
1.50 2.44
1.50 2.79
2.00 4.31
2.00 3.82
2.00 3.59
2.00 3.59
2.00 4.31
2.50 4.37
2.50 4.35
2.50 4.40
2.50 4.40
2.50 4.33
3.00 4.59
3.00 4.49
3.00 3.06
3.00 3.02
3.00 4.52
5.00 2.00
5.00 4.39
5.00 3.67
5.00 4.01
5.00 2.09
5.00 4.07
5.00 1.94
5.00 3.53
5.00 2.58
5.00 2.37
5.00 1.99
5.00 5.00
5.00 4.61
5.00 2.08
5.00 3.86
0.00 1.54
0.00 1.19
0.00 1.36
0.00 1.36
0.00 1.16
3.50 4.77
3.50 4.66
3.50 4.73
3.50 4.69
3.50 4.62
4.00 4.90
4.00 4.93
4.00 4.84
4.00 4.87
4.00 4.80
4.50 4.96
4.50 5.00
4.50 5.00
4.50 4.99
4.50 5.00
0.50 1.33
0.50 1.06
0.50 2.04
0.50 1.44
0.50 1.23
0.50 1.06
0.50 1.55
0.50 1.06
0.50 1.14
0.50 1.07
0.50 2.67
0.50 1.14
0.50 1.22
0.50 1.14
0.50 1.07
0.50 2.44
0.50 1.85
0.50 2.23
0.50 1.22
0.50 2.67
0.50 1.06
0.50 2.23
1.00 1.77
1.00 2.92
1.00 3.13
1.00 1.57
1.00 3.28
1.00 1.68
1.00 2.92
1.00 1.57
1.00 1.89
1.00 1.47
1.00 3.21
1.00 1.31
1.00 1.66
1.00 1.31
1.00 1.39
1.00 1.47
1.00 3.20
1.00 3.79
1.00 3.48
1.00 4.13
1.00 2.01
1.00 2.14
1.50 2.03
1.50 2.81
1.50 2.27
1.50 2.28
1.50 3.51
1.50 3.45
1.50 2.15
1.50 4.52
1.50 1.91
1.50 1.79
1.50 4.72
1.50 4.96
1.50 2.66
1.50 2.15
1.50 2.03
1.50 1.79
1.50 4.79
1.50 3.55
1.50 2.81
1.50 3.52
1.50 2.28
1.50 4.87
2.00 4.54
2.00 4.51
2.00 2.85
2.00 2.96
2.00 3.46
2.00 2.71
2.00 4.66
2.00 2.87
2.00 2.84
2.00 2.87
2.00 2.85
2.00 2.56
2.00 2.80
2.00 3.48
2.00 3.49
2.00 2.91
2.00 4.57
2.00 2.42
2.00 3.00
2.00 3.50
2.00 4.61
2.00 2.84
2.50 2.66
2.50 3.32
2.50 4.48
2.50 2.66
2.50 3.46
2.50 2.74
2.50 2.74
2.50 3.16
2.50 3.49
2.50 2.68
2.50 2.77
2.50 4.49
2.50 3.46
2.50 3.49
2.50 4.48
2.50 3.37
2.50 2.77
2.50 3.39
2.50 3.16
2.50 2.71
2.50 4.48
2.50 2.71
3.00 2.61
3.00 2.56
3.00 3.35
3.00 3.39
3.00 3.45
3.00 3.45
3.00 4.53
3.00 3.42
3.00 2.56
3.00 3.44
3.00 3.25
3.00 2.63
3.00 4.51
3.00 3.30
3.00 2.61
3.00 2.60
3.00 3.41
3.00 3.41
3.00 3.44
3.00 2.58
3.00 3.39
3.00 2.60
3.50 3.25
3.50 3.33
3.50 3.28
3.50 3.35
3.50 2.51
3.50 2.54
3.50 2.51
3.50 2.54
3.50 3.32
3.50 2.55
3.50 3.33
3.50 3.35
3.50 3.23
3.50 3.24
3.50 3.32
3.50 2.52
3.50 4.69
3.50 2.53
3.50 4.65
3.50 3.37
3.50 2.52
3.50 2.55
4.00 2.50
4.00 3.21
4.00 4.92
4.00 2.50
4.00 2.51
4.00 3.14
4.00 2.50
4.00 3.26
4.00 3.30
4.00 4.82
4.00 3.23
4.00 2.50
4.00 2.50
4.00 2.50
4.00 3.28
4.00 2.50
4.00 3.22
4.00 3.30
4.00 3.18
4.00 3.26
4.00 2.51
4.00 4.97
4.50 5.00
4.50 3.19
4.50 3.14
4.50 5.00
4.50 3.19
4.50 2.51
4.50 2.52
4.50 2.53
4.50 5.00
4.50 2.53
4.50 3.16
4.50 3.16
4.50 2.50
4.50 2.51
4.50 3.15
4.50 2.51
4.50 3.13
4.50 5.00
4.50 2.50
4.50 5.00
4.50 2.52
4.50 2.51
5.00 2.14
5.00 5.00
5.00 5.00
5.00 5.00
5.00 5.00
5.00 2.62
5.00 5.00
5.00 5.00
5.00 5.00
5.00 5.00
5.00 3.05
5.00 4.74
5.00 5.00
5.00 5.00
5.00 5.00
5.00 2.73
5.00 5.00
5.00 5.00
5.00 5.00
5.00 5.00
5.00 5.00
5.00 5.00
5.00 4.22
5.00 5.00
5.00 2.73
5.00 5.00
5.00 5.00
5.00 2.63
5.00 2.55
5.00 5.00
5.00 4.75
5.00 5.00
5.00 4.00
5.00 5.00
5.00 5.00
5.00 5.00
5.00 5.00
5.00 5.00
5.00 3.03
5.00 5.00
5.00 2.61
5.00 2.74
5.00 5.00
5.00 5.00
5.00 5.00
5.00 5.00
5.00 5.00
5.00 5.00
5.00 5.00
5.00 5.00
5.00 5.00
5.00 2.53
5.00 5.00
5.00 5.00
5.00 5.00
5.00 5.00
5.00 5.00
5.00 5.00
5.00 4.67
5.00 5.00
5.00 5.00
5.00 5.00
5.00 5.00
5.00 5.00
5.00 5.00
5.00 5.00
0.00 1.28
0.00 1.93
0.00 2.51
0.00 0.87
0.00 1.05
0.00 1.05
0.00 1.28
0.00 1.35
0.00 1.61
0.00 1.93
0.00 0.96
0.00 1.42
0.00 1.51
0.00 1.21
0.00 0.79
0.00 1.42
0.00 0.71
0.00 1.51
0.00 0.71
0.00 1.21
0.00 0.96
0.00 2.51
0.50 1.77
0.50 1.83
0.50 1.57
0.50 2.33
0.50 1.83
0.50 1.33
0.50 2.14
0.50 1.69
0.50 1.77
0.50 2.14
1.00 2.78
1.00 2.60
1.00 2.11
1.00 3.90
1.00 3.04
1.00 2.26
1.00 3.30
1.00 1.97
1.00 1.97
1.00 2.78
1.50 3.17
1.50 4.35
1.50 2.97
1.50 3.38
1.50 4.64
1.50 4.25
1.50 3.38
1.50 2.97
1.50 4.47
1.50 3.61
2.00 4.06
2.00 4.35
2.00 3.83
2.00 3.83
2.00 3.92
2.00 3.81
2.00 4.13
2.00 4.20
2.00 3.85
2.00 3.63
2.50 3.56
2.50 3.81
2.50 3.59
2.50 3.79
2.50 3.50
2.50 3.79
2.50 3.80
2.50 3.81
2.50 3.61
2.50 3.82
3.00 3.33
3.00 3.40
3.00 3.30
3.00 3.87
3.00 3.99
3.00 3.44
3.00 3.36
3.00 3.84
3.00 3.50
3.00 3.90
3.50 3.24
3.50 3.24
3.50 4.20
3.50 4.09
3.50 3.27
3.50 3.17
3.50 4.14
3.50 3.14
3.50 3.33
3.50 3.20
4.00 3.10
4.00 3.19
4.00 4.39
4.00 4.34
4.00 3.23
4.00 3.23
4.00 3.24
4.00 3.21
4.00 3.06
4.00 4.52
5.00 5.00
5.00 2.76
5.00 2.18
5.00 5.00
5.00 2.09
5.00 5.00
5.00 3.83
5.00 3.20
5.00 3.79
5.00 1.85
5.00 4.03
5.00 5.00
5.00 3.54
5.00 4.59
5.00 5.00
5.00 5.00
5.00 1.70
5.00 5.00
5.00 1.64
5.00 5.00
5.00 1.76
5.00 4.15
5.00 5.00
5.00 2.58
5.00 2.81
5.00 5.00
5.00 5.00
5.00 2.05
5.00 5.00
5.00 2.25
0.00 1.04
0.00 1.60
0.00 1.45
0.00 1.25
0.00 1.45
0.00 0.89
0.00 1.16
0.00 1.30
0.00 1.04
0.00 1.30
4.50 3.17
4.50 3.87
4.50 3.74
4.50 4.17
4.50 3.14
4.50 3.16
4.50 4.01
4.50 3.15
4.50 3.61
4.50 3.13
0.50 1.49
0.50 1.94
0.50 1.63
0.50 2.10
0.50 2.10
0.50 1.94
0.50 1.79
1.00 3.08
1.00 2.46
1.00 2.63
1.00 2.27
1.00 2.86
1.00 2.58
1.00 2.46
1.50 3.84
1.50 3.31
1.50 2.57
1.50 2.59
1.50 2.62
1.50 3.56
1.50 3.64
2.00 2.94
2.00 3.55
2.00 2.76
2.00 2.88
2.00 3.33
2.00 3.26
2.00 3.40
2.50 3.15
2.50 3.07
2.50 3.10
2.50 3.20
2.50 3.10
2.50 3.05
2.50 3.00
3.00 2.89
3.00 2.82
3.00 2.85
3.00 2.92
3.00 2.96
3.00 2.89
3.00 2.82
3.50 2.76
3.50 2.79
3.50 2.76
3.50 2.69
3.50 2.71
3.50 2.79
3.50 2.69
4.00 2.59
4.00 2.67
4.00 2.65
4.00 2.67
4.00 2.61
4.00 2.65
4.00 2.59
4.50 2.55
4.50 2.55
4.50 2.58
4.50 2.58
4.50 2.55
4.50 2.56
4.50 2.55
5.00 2.58
5.00 2.75
5.00 2.62
5.00 2.71
5.00 5.00
5.00 5.00
5.00 5.00
5.00 2.55
5.00 5.00
5.00 5.00
5.00 2.53
5.00 5.00
5.00 2.73
5.00 2.73
5.00 2.76
5.00 5.00
5.00 5.00
5.00 2.54
5.00 2.72
5.00 2.62
5.00 2.63
0.00 1.23
0.00 0.98
0.00 0.87
0.00 1.23
0.00 1.11
0.00 0.87
0.00 1.35
0.50 1.22
0.50 1.32
0.50 0.45
0.50 2.12
0.50 0.44
0.50 2.32
0.50 1.43
0.50 1.93
0.50 1.75
0.50 1.11
0.50 1.01
1.00 0.47
1.00 3.02
1.00 1.94
1.00 1.54
1.00 3.93
1.00 1.54
1.00 2.09
1.00 3.31
1.00 0.50
1.00 3.02
1.00 0.50
1.50 0.49
1.50 0.49
1.50 0.49
1.50 2.40
1.50 0.49
1.50 4.20
1.50 0.49
1.50 0.49
1.50 2.72
1.50 2.72
1.50 5.00
2.00 0.45
2.00 4.52
2.00 5.00
2.00 4.58
2.00 3.27
2.00 3.08
2.00 5.00
2.00 3.47
2.00 3.68
2.00 0.45
2.00 3.90
4.50 1.62
4.50 5.00
4.50 5.00
4.50 1.55
4.50 1.48
4.50 5.00
4.50 1.70
4.50 5.00
4.50 1.41
4.50 0.45
4.50 5.00
5.00 5.00
5.00 5.00
5.00 0.98
5.00 5.00
5.00 5.00
5.00 5.00
5.00 5.00
5.00 0.57
5.00 2.41
5.00 0.99
5.00 4.12
5.00 0.45
5.00 1.14
5.00 0.52
5.00 5.00
5.00 0.73
5.00 4.42
5.00 5.00
5.00 5.00
5.00 5.00
5.00 5.00
5.00 5.00
5.00 5.00
5.00 5.00
5.00 0.99
5.00 0.82
5.00 5.00
5.00 5.00
5.00 5.00
5.00 5.00
5.00 5.00
5.00 0.47
5.00 4.31
0.00 0.41
0.00 1.01
0.00 1.28
0.00 1.16
0.00 1.58
0.00 1.03
0.00 0.45
0.00 1.00
0.00 0.49
0.00 1.43
0.00 1.28
2.50 0.47
2.50 3.21
2.50 5.00
2.50 4.26
2.50 3.40
2.50 0.47
2.50 4.22
2.50 3.31
2.50 4.31
2.50 5.00
2.50 0.47
3.00 3.01
3.00 4.41
3.00 2.71
3.00 5.00
3.00 5.00
3.00 4.52
3.00 3.11
3.00 4.46
3.00 4.35
3.00 2.81
3.00 5.00
3.50 4.65
3.50 5.00
3.50 5.00
3.50 5.00
3.50 2.22
3.50 5.00
3.50 4.73
3.50 4.88
3.50 2.41
3.50 5.00
3.50 4.96
4.00 1.86
4.00 5.00
4.00 5.00
4.00 1.94
4.00 5.00
4.00 2.12
4.00 5.00
4.00 5.00
4.00 5.00
4.00 2.03
4.00 1.78
0.50 5.00
0.50 4.73
0.50 3.76
0.50 3.08
0.50 4.73
0.50 2.60
0.50 3.76
0.50 5.00
0.50 3.08
0.50 2.60
1.00 5.00
1.00 5.00
1.00 5.00
1.00 5.00
1.00 5.00
1.00 5.00
1.00 5.00
1.00 5.00
1.00 5.00
1.00 5.00
1.50 5.00
1.50 5.00
1.50 5.00
1.50 5.00
1.50 5.00
1.50 5.00
1.50 5.00
1.50 5.00
1.50 5.00
1.50 5.00
2.00 5.00
2.00 5.00
2.00 5.00
2.00 5.00
2.00 5.00
2.00 5.00
2.00 5.00
2.00 5.00
2.00 5.00
2.00 5.00
2.50 4.04
2.50 3.62
2.50 4.62
2.50 5.00
2.50 5.00
2.50 4.62
2.50 5.00
2.50 5.00
2.50 3.62
2.50 4.04
3.00 2.87
3.00 2.73
3.00 3.30
3.00 2.73
3.00 3.06
3.00 2.62
3.00 2.87
3.00 3.06
3.00 3.30
3.00 2.62
3.50 2.36
3.50 2.41
3.50 2.53
3.50 2.36
3.50 2.46
3.50 2.46
3.50 2.33
3.50 2.41
3.50 2.53
3.50 2.33
4.00 2.30
4.00 2.27
4.00 2.25
4.00 2.30
4.00 2.28
4.00 2.28
4.00 2.26
4.00 2.27
4.00 2.25
4.00 2.26
4.50 2.25
4.50 2.22
4.50 2.25
4.50 2.24
4.50 2.25
4.50 2.25
4.50 2.24
4.50 2.22
4.50 2.25
4.50 2.25
5.00 5.00
5.00 4.68
5.00 5.00
5.00 5.00
5.00 5.00
5.00 5.00
5.00 5.00
5.00 5.00
5.00 5.00
5.00 5.00
5.00 5.00
5.00 1.88
5.00 5.00
5.00 5.00
5.00 5.00
5.00 5.00
5.00 5.00
5.00 5.00
5.00 2.09
5.00 5.00
5.00 2.13
5.00 5.00
5.00 5.00
5.00 5.00
5.00 5.00
5.00 5.00
5.00 1.90
5.00 5.00
5.00 5.00
5.00 5.00
0.00 0.87
0.00 1.97
0.00 1.76
0.00 1.76
0.00 2.25
0.00 1.27
0.00 1.27
0.00 0.87
0.00 1.97
0.00 2.25
0.50 2.33
0.50 2.14
0.50 2.33
0.50 2.54
0.50 1.96
0.50 2.54
0.50 1.78
0.50 2.14
0.50 1.96
0.50 1.78
1.00 3.88
1.00 3.03
1.00 2.78
1.00 3.57
1.00 2.78
1.00 3.03
1.00 3.57
1.00 3.29
1.00 3.29
1.00 3.88
1.50 4.22
1.50 4.61
1.50 4.38
1.50 4.38
1.50 4.45
1.50 4.52
1.50 4.61
1.50 4.45
1.50 4.52
1.50 4.22
2.00 4.27
2.00 4.19
2.00 4.19
2.00 4.27
2.00 4.23
2.00 4.16
2.00 4.23
2.00 4.16
2.00 4.32
2.00 4.32
2.50 4.08
2.50 4.09
2.50 4.09
2.50 4.10
2.50 4.10
2.50 4.12
2.50 4.14
2.50 4.14
2.50 4.08
2.50 4.12
3.00 4.08
3.00 4.08
3.00 4.08
3.00 4.09
3.00 4.09
3.00 4.08
3.00 4.09
3.00 4.08
3.00 4.09
3.00 4.08
3.50 4.13
3.50 4.11
3.50 4.11
3.50 4.14
3.50 4.10
3.50 4.12
3.50 4.10
3.50 4.14
3.50 4.13
3.50 4.12
4.00 4.15
4.00 4.18
4.00 4.17
4.00 4.19
4.00 4.20
4.00 4.17
4.00 4.20
4.00 4.19
4.00 4.15
4.00 4.18
4.50 4.21
4.50 4.21
4.50 4.23
4.50 4.22
4.50 4.22
4.50 4.22
4.50 4.21
4.50 4.23
4.50 4.21
4.50 4.22
5.00 5.00
5.00 5.00
5.00 3.60
5.00 4.08
5.00 5.00
5.00 2.97
5.00 5.00
5.00 4.02
5.00 3.08
5.00 3.48
5.00 3.01
5.00 5.00
5.00 5.00
5.00 5.00
5.00 4.11
5.00 5.00
5.00 2.15
5.00 4.23
5.00 2.14
5.00 2.33
5.00 3.04
5.00 5.00
5.00 5.00
5.00 5.00
5.00 5.00
5.00 3.06
5.00 2.22
5.00 4.21
5.00 5.00
5.00 4.17
0.00 1.61
0.00 1.17
0.00 1.45
0.00 1.45
0.00 1.31
0.00 1.61
0.00 1.17
0.00 1.05
0.00 1.05
0.00 1.31
0.50 1.13
0.50 1.49
0.50 1.38
0.50 1.30
0.50 1.21
1.00 2.10
1.00 1.60
1.00 1.96
1.00 1.84
1.00 1.72
1.50 2.56
1.50 2.24
1.50 2.39
1.50 2.73
1.50 2.91
2.00 3.30
2.00 3.51
2.00 3.78
2.00 3.10
2.00 3.75
2.50 3.92
2.50 3.84
2.50 3.97
2.50 3.81
2.50 3.88
3.00 4.22
3.00 4.01
3.00 4.06
3.00 4.11
3.00 4.17
3.50 4.47
3.50 4.34
3.50 4.28
3.50 4.40
3.50 4.53
4.00 4.67
4.00 4.82
4.00 4.60
4.00 4.89
4.00 4.82
4.50 4.97
4.50 5.00
4.50 5.00
4.50 5.00
4.50 5.00
5.00 5.00
5.00 2.23
5.00 5.00
5.00 4.51
5.00 5.00
5.00 5.00
5.00 5.00
5.00 4.74
5.00 5.00
5.00 5.00
5.00 5.00
5.00 4.49
5.00 4.02
5.00 5.00
5.00 5.00
0.00 1.02
0.00 0.98
0.00 0.97
0.00 0.98
0.00 1.05
0.50 1.56
0.50 1.32
0.50 1.22
0.50 1.43
0.50 1.69
1.00 1.84
1.00 2.15
1.00 2.30
1.00 1.84
1.00 1.99
3.00 4.46
3.00 4.56
3.00 4.36
3.00 4.51
3.00 4.51
3.50 4.81
3.50 4.81
3.50 4.68
3.50 4.62
3.50 4.75
4.00 5.00
4.00 5.00
4.00 4.95
4.00 5.00
4.00 5.00
4.50 5.00
4.50 5.00
4.50 5.00
4.50 5.00
4.50 5.00
5.00 5.00
5.00 3.70
5.00 5.00
5.00 2.31
5.00 5.00
5.00 5.00
5.00 5.00
5.00 5.00
5.00 2.74
5.00 5.00
5.00 2.65
5.00 5.00
5.00 5.00
5.00 5.00
5.00 5.00
0.00 1.02
0.00 0.92
0.00 0.92
0.00 1.02
0.00 0.91
1.50 2.63
1.50 3.41
1.50 3.20
1.50 2.82
1.50 3.01
2.00 4.11
2.00 4.15
2.00 4.13
2.00 3.86
2.00 3.63
2.50 4.17
2.50 4.23
2.50 4.27
2.50 4.20
2.50 4.31
0.50 1.61
0.50 1.76
0.50 1.90
0.50 1.34
0.50 1.34
0.50 1.61
0.50 1.47
0.50 1.76
0.50 1.90
0.50 1.47
1.00 2.05
1.00 2.57
1.00 2.49
1.00 2.75
1.00 2.38
1.00 2.21
1.00 2.21
1.00 2.42
1.00 2.05
1.00 2.38
1.50 2.18
1.50 2.35
1.50 3.64
1.50 2.11
1.50 3.39
1.50 2.29
1.50 2.23
1.50 2.95
1.50 3.59
1.50 3.16
2.00 3.40
2.00 3.50
2.00 3.54
2.00 1.94
2.00 3.43
2.00 1.90
2.00 2.05
2.00 3.47
2.00 1.99
2.00 1.89
2.50 1.89
2.50 1.89
2.50 3.38
2.50 1.90
2.50 1.92
2.50 3.36
2.50 3.32
2.50 3.33
2.50 1.90
2.50 3.30
3.00 3.25
3.00 2.12
3.00 3.27
3.00 3.26
3.00 2.07
3.00 1.97
3.00 3.28
3.00 2.02
3.00 3.24
3.00 1.93
3.50 3.20
3.50 3.19
3.50 2.39
3.50 2.33
3.50 2.23
3.50 3.22
3.50 2.28
3.50 3.23
3.50 2.18
3.50 3.21
4.00 3.14
4.00 3.13
4.00 3.15
4.00 3.13
4.00 3.15
4.00 3.14
4.00 3.18
4.00 3.17
4.00 3.18
4.00 3.17
4.50 3.06
4.50 3.08
4.50 3.10
4.50 3.11
4.50 3.08
4.50 3.10
4.50 3.06
4.50 3.11
4.50 3.05
4.50 3.05
5.00 2.95
5.00 4.02
5.00 2.77
5.00 4.08
5.00 2.78
5.00 2.78
5.00 2.77
5.00 2.86
5.00 3.01
5.00 4.03
5.00 2.85
5.00 3.01
5.00 2.88
5.00 2.86
5.00 2.82
5.00 4.00
5.00 2.77
5.00 2.78
5.00 2.78
5.00 2.79
5.00 2.83
5.00 4.01
5.00 2.91
5.00 2.91
5.00 2.97
5.00 2.99
5.00 2.88
5.00 4.02
5.00 2.85
5.00 2.79
0.00 0.99
0.00 1.11
0.00 0.77
0.00 0.87
0.00 0.99
0.00 1.22
0.00 0.77
0.00 0.87
0.00 1.11
0.00 1.22
